ats	board	misses	last_checked
ashby	https://jobs.ashbyhq.com/01c	1	2026-09-28T08:41:15.176Z
ashby	https://jobs.ashbyhq.com/11x	1	2026-09-28T08:41:15.178Z
ashby	https://jobs.ashbyhq.com/18c78c4427514cebaa7039bbf8a8c249	1	2026-09-28T08:41:15.199Z
ashby	https://jobs.ashbyhq.com/accelevents	1	2026-09-28T08:41:16.636Z
ashby	https://jobs.ashbyhq.com/adaptive-ml	1	2026-09-28T08:41:17.502Z
ashby	https://jobs.ashbyhq.com/admiral	1	2026-09-28T08:41:17.968Z
ashby	https://jobs.ashbyhq.com/agora	1	2026-09-28T08:41:18.819Z
ashby	https://jobs.ashbyhq.com/agreena	1	2026-09-28T08:41:18.791Z
ashby	https://jobs.ashbyhq.com/airkit	1	2026-09-28T08:41:19.198Z
ashby	https://jobs.ashbyhq.com/airplane	1	2026-09-28T08:41:19.549Z
ashby	https://jobs.ashbyhq.com/airweave	1	2026-09-28T08:41:19.584Z
ashby	https://jobs.ashbyhq.com/aizen	1	2026-09-28T08:41:19.954Z
ashby	https://jobs.ashbyhq.com/alby	1	2026-09-28T08:41:20.428Z
ashby	https://jobs.ashbyhq.com/aletiq	1	2026-09-28T08:41:20.866Z
ashby	https://jobs.ashbyhq.com/allinbits	1	2026-09-28T08:41:21.277Z
ashby	https://jobs.ashbyhq.com/alpaca	1	2026-09-28T08:41:22.114Z
ashby	https://jobs.ashbyhq.com/alpinex	1	2026-09-28T08:41:22.643Z
ashby	https://jobs.ashbyhq.com/altercall	1	2026-09-28T08:41:22.929Z
ashby	https://jobs.ashbyhq.com/amca	1	2026-09-28T08:41:23.221Z
ashby	https://jobs.ashbyhq.com/amper	1	2026-09-28T08:41:23.616Z
ashby	https://jobs.ashbyhq.com/angelinvest	1	2026-09-28T08:41:24.371Z
ashby	https://jobs.ashbyhq.com/anysource	1	2026-09-28T08:41:25.627Z
ashby	https://jobs.ashbyhq.com/apart	1	2026-09-28T08:41:25.636Z
ashby	https://jobs.ashbyhq.com/apfusion	1	2026-09-28T08:41:26.057Z
ashby	https://jobs.ashbyhq.com/apply-opengradient	1	2026-09-28T08:41:26.466Z
ashby	https://jobs.ashbyhq.com/appsmith	1	2026-09-28T08:41:26.468Z
ashby	https://jobs.ashbyhq.com/arborxr	1	2026-09-28T08:41:27.255Z
ashby	https://jobs.ashbyhq.com/arcada	1	2026-09-28T08:41:27.260Z
ashby	https://jobs.ashbyhq.com/argolabs	1	2026-09-28T08:41:27.694Z
ashby	https://jobs.ashbyhq.com/argus	1	2026-09-28T08:41:27.728Z
ashby	https://jobs.ashbyhq.com/ario	1	2026-09-28T08:41:27.755Z
ashby	https://jobs.ashbyhq.com/arqu	1	2026-09-28T08:41:28.079Z
ashby	https://jobs.ashbyhq.com/artemisanalytics	1	2026-09-28T08:41:28.497Z
ashby	https://jobs.ashbyhq.com/artemisxyz	1	2026-09-28T08:41:28.504Z
ashby	https://jobs.ashbyhq.com/artifact	1	2026-09-28T08:41:28.512Z
ashby	https://jobs.ashbyhq.com/ascend-io	1	2026-09-28T08:41:28.890Z
ashby	https://jobs.ashbyhq.com/athelas	1	2026-09-28T08:41:30.235Z
ashby	https://jobs.ashbyhq.com/atlassecurity	1	2026-09-28T08:41:30.265Z
ashby	https://jobs.ashbyhq.com/atmoicindustries	1	2026-09-28T08:41:30.732Z
ashby	https://jobs.ashbyhq.com/atmos	1	2026-09-28T08:41:30.735Z
ashby	https://jobs.ashbyhq.com/atomicsemi	1	2026-09-28T08:41:31.145Z
ashby	https://jobs.ashbyhq.com/auditboard	1	2026-09-28T08:41:31.560Z
ashby	https://jobs.ashbyhq.com/aufinity-group-gmbh	1	2026-09-28T08:41:31.569Z
ashby	https://jobs.ashbyhq.com/auger	1	2026-09-28T08:41:31.557Z
ashby	https://jobs.ashbyhq.com/authenticins	1	2026-09-28T08:41:31.998Z
ashby	https://jobs.ashbyhq.com/autone	1	2026-09-28T08:41:32.377Z
ashby	https://jobs.ashbyhq.com/avala	1	2026-09-28T08:41:32.386Z
ashby	https://jobs.ashbyhq.com/avalanchefusion	1	2026-09-28T08:41:32.780Z
ashby	https://jobs.ashbyhq.com/avaprotocol	1	2026-09-28T08:41:32.782Z
ashby	https://jobs.ashbyhq.com/avenue	1	2026-09-28T08:41:32.784Z
ashby	https://jobs.ashbyhq.com/awlstrategies	1	2026-09-28T08:41:33.169Z
ashby	https://jobs.ashbyhq.com/axionray	1	2026-09-28T08:41:33.712Z
ashby	https://jobs.ashbyhq.com/axlora	1	2026-09-28T08:41:34.322Z
ashby	https://jobs.ashbyhq.com/babylonchain	1	2026-09-28T08:41:34.328Z
ashby	https://jobs.ashbyhq.com/babylonlabs	1	2026-09-28T08:41:34.349Z
ashby	https://jobs.ashbyhq.com/backpack	1	2026-09-28T08:41:34.705Z
ashby	https://jobs.ashbyhq.com/bags	1	2026-09-28T08:41:34.707Z
ashby	https://jobs.ashbyhq.com/bardo	1	2026-09-28T08:41:34.767Z
ashby	https://jobs.ashbyhq.com/bariendo	1	2026-09-28T08:41:34.763Z
ashby	https://jobs.ashbyhq.com/base0	1	2026-09-28T08:41:35.166Z
ashby	https://jobs.ashbyhq.com/beakon	1	2026-09-28T08:41:36.154Z
ashby	https://jobs.ashbyhq.com/beam	1	2026-09-28T08:41:36.476Z
ashby	https://jobs.ashbyhq.com/bear	1	2026-09-28T08:41:36.532Z
ashby	https://jobs.ashbyhq.com/bedrock	1	2026-09-28T08:41:36.610Z
ashby	https://jobs.ashbyhq.com/beeper	1	2026-09-28T08:41:36.875Z
ashby	https://jobs.ashbyhq.com/bench	1	2026-09-28T08:41:37.288Z
ashby	https://jobs.ashbyhq.com/bentoml	1	2026-09-28T08:41:37.299Z
ashby	https://jobs.ashbyhq.com/bhblasted	1	2026-09-28T08:41:38.103Z
ashby	https://jobs.ashbyhq.com/biconomy	1	2026-09-28T08:41:38.097Z
ashby	https://jobs.ashbyhq.com/bigeye	1	2026-09-28T08:41:38.413Z
ashby	https://jobs.ashbyhq.com/bind	1	2026-09-28T08:41:38.546Z
ashby	https://jobs.ashbyhq.com/biorender	1	2026-09-28T08:41:38.885Z
ashby	https://jobs.ashbyhq.com/bird	1	2026-09-28T08:41:38.912Z
ashby	https://jobs.ashbyhq.com/bitcoin-talent-co	1	2026-09-28T08:41:39.339Z
ashby	https://jobs.ashbyhq.com/bitewell	1	2026-09-28T08:41:39.333Z
ashby	https://jobs.ashbyhq.com/bizly	1	2026-09-28T08:41:39.743Z
ashby	https://jobs.ashbyhq.com/bjak	1	2026-09-28T08:41:39.747Z
ashby	https://jobs.ashbyhq.com/blackpointcyber	1	2026-09-28T08:41:39.745Z
ashby	https://jobs.ashbyhq.com/bland-ai	1	2026-09-28T08:41:40.116Z
ashby	https://jobs.ashbyhq.com/blowfish	1	2026-09-28T08:41:41.622Z
ashby	https://jobs.ashbyhq.com/bluesky	1	2026-09-28T08:41:41.734Z
ashby	https://jobs.ashbyhq.com/boatsetter	1	2026-09-28T08:41:42.048Z
ashby	https://jobs.ashbyhq.com/bobsled	1	2026-09-28T08:41:42.065Z
ashby	https://jobs.ashbyhq.com/bodyard	1	2026-09-28T08:41:42.097Z
ashby	https://jobs.ashbyhq.com/bonfire	1	2026-09-28T08:41:42.407Z
ashby	https://jobs.ashbyhq.com/boomandbucket	1	2026-09-28T08:41:42.434Z
ashby	https://jobs.ashbyhq.com/breadboard	1	2026-09-28T08:41:43.248Z
ashby	https://jobs.ashbyhq.com/bridge	1	2026-09-28T08:41:43.659Z
ashby	https://jobs.ashbyhq.com/brightmeds	1	2026-09-28T08:41:43.712Z
ashby	https://jobs.ashbyhq.com/buildwithfern	1	2026-09-28T08:41:44.867Z
ashby	https://jobs.ashbyhq.com/buoyant	1	2026-09-28T08:41:45.238Z
ashby	https://jobs.ashbyhq.com/c-side	1	2026-09-28T08:41:45.516Z
ashby	https://jobs.ashbyhq.com/c0ffee	1	2026-09-28T08:41:45.610Z
ashby	https://jobs.ashbyhq.com/caldera	1	2026-09-28T08:41:45.669Z
ashby	https://jobs.ashbyhq.com/captions	1	2026-09-28T08:41:46.905Z
ashby	https://jobs.ashbyhq.com/carbonre	1	2026-09-28T08:41:46.904Z
ashby	https://jobs.ashbyhq.com/carecar	1	2026-09-28T08:41:47.206Z
ashby	https://jobs.ashbyhq.com/carry	1	2026-09-28T08:41:47.562Z
ashby	https://jobs.ashbyhq.com/cartloop	1	2026-09-28T08:41:47.655Z
ashby	https://jobs.ashbyhq.com/casap	1	2026-09-28T08:41:47.947Z
ashby	https://jobs.ashbyhq.com/cased	1	2026-09-28T08:41:48.165Z
ashby	https://jobs.ashbyhq.com/cassidy	1	2026-09-28T08:41:48.166Z
ashby	https://jobs.ashbyhq.com/catena-labs	1	2026-09-28T08:41:48.516Z
ashby	https://jobs.ashbyhq.com/census	1	2026-09-28T08:41:48.893Z
ashby	https://jobs.ashbyhq.com/center	1	2026-09-28T08:41:48.911Z
ashby	https://jobs.ashbyhq.com/centralhq	1	2026-09-28T08:41:49.231Z
ashby	https://jobs.ashbyhq.com/ceremonia	1	2026-09-28T08:41:49.263Z
ashby	https://jobs.ashbyhq.com/certn	1	2026-09-28T08:41:49.268Z
ashby	https://jobs.ashbyhq.com/chainalysis	1	2026-09-28T08:41:49.615Z
ashby	https://jobs.ashbyhq.com/chainlink-labs	1	2026-09-28T08:41:49.648Z
ashby	https://jobs.ashbyhq.com/chainlinklabs	1	2026-09-28T08:41:49.646Z
ashby	https://jobs.ashbyhq.com/chainopera	1	2026-09-28T08:41:49.817Z
ashby	https://jobs.ashbyhq.com/characterbio	1	2026-09-28T08:41:50.236Z
ashby	https://jobs.ashbyhq.com/charlie	1	2026-09-28T08:41:50.515Z
ashby	https://jobs.ashbyhq.com/chillchat	1	2026-09-28T08:41:50.904Z
ashby	https://jobs.ashbyhq.com/chipstack	1	2026-09-28T08:41:51.005Z
ashby	https://jobs.ashbyhq.com/chronosphere	1	2026-09-28T08:41:51.264Z
ashby	https://jobs.ashbyhq.com/circle-health	1	2026-09-28T08:41:51.396Z
ashby	https://jobs.ashbyhq.com/claim-co	1	2026-09-28T08:41:51.812Z
ashby	https://jobs.ashbyhq.com/clarisights	1	2026-09-28T08:41:52.248Z
ashby	https://jobs.ashbyhq.com/clean-nutraceuticals	1	2026-09-28T08:41:53.255Z
ashby	https://jobs.ashbyhq.com/clicklease	1	2026-09-28T08:41:53.679Z
ashby	https://jobs.ashbyhq.com/clove	1	2026-09-28T08:41:54.506Z
ashby	https://jobs.ashbyhq.com/coastal-carbon	1	2026-09-28T08:41:54.914Z
ashby	https://jobs.ashbyhq.com/cococart	1	2026-09-28T08:41:54.938Z
ashby	https://jobs.ashbyhq.com/cocreate	1	2026-09-28T08:41:55.020Z
ashby	https://jobs.ashbyhq.com/codegen	1	2026-09-28T08:41:55.308Z
ashby	https://jobs.ashbyhq.com/codeium	1	2026-09-28T08:41:55.349Z
ashby	https://jobs.ashbyhq.com/columntax	1	2026-09-28T08:41:56.433Z
ashby	https://jobs.ashbyhq.com/comm	1	2026-09-28T08:41:56.647Z
ashby	https://jobs.ashbyhq.com/commandbar	1	2026-09-28T08:41:56.801Z
ashby	https://jobs.ashbyhq.com/commit	1	2026-09-28T08:41:56.948Z
ashby	https://jobs.ashbyhq.com/commonroom	1	2026-09-28T08:41:56.948Z
ashby	https://jobs.ashbyhq.com/communityphone	1	2026-09-28T08:41:57.164Z
ashby	https://jobs.ashbyhq.com/commure-athelas	1	2026-09-28T08:41:57.412Z
ashby	https://jobs.ashbyhq.com/compass-reg	1	2026-09-28T08:41:57.397Z
ashby	https://jobs.ashbyhq.com/comulate	1	2026-09-28T08:41:58.173Z
ashby	https://jobs.ashbyhq.com/conductorone	1	2026-09-28T08:41:58.545Z
ashby	https://jobs.ashbyhq.com/connecthum	1	2026-09-28T08:41:58.908Z
ashby	https://jobs.ashbyhq.com/conscious-talent	1	2026-09-28T08:41:58.931Z
ashby	https://jobs.ashbyhq.com/continua	1	2026-09-28T08:41:59.322Z
ashby	https://jobs.ashbyhq.com/continue	1	2026-09-28T08:41:59.323Z
ashby	https://jobs.ashbyhq.com/contribution-labs	1	2026-09-28T08:41:59.720Z
ashby	https://jobs.ashbyhq.com/convictional	1	2026-09-28T08:41:59.780Z
ashby	https://jobs.ashbyhq.com/copilot	1	2026-09-28T08:42:00.143Z
ashby	https://jobs.ashbyhq.com/coral	1	2026-09-28T08:42:00.155Z
ashby	https://jobs.ashbyhq.com/coretylynt	1	2026-09-28T08:42:00.548Z
ashby	https://jobs.ashbyhq.com/corevc	1	2026-09-28T08:42:00.550Z
ashby	https://jobs.ashbyhq.com/coris	1	2026-09-28T08:42:00.578Z
ashby	https://jobs.ashbyhq.com/cortex	1	2026-09-28T08:42:00.627Z
ashby	https://jobs.ashbyhq.com/corvus	1	2026-09-28T08:42:00.914Z
ashby	https://jobs.ashbyhq.com/course	1	2026-09-28T08:42:01.361Z
ashby	https://jobs.ashbyhq.com/courtly	1	2026-09-28T08:42:01.386Z
ashby	https://jobs.ashbyhq.com/coval	1	2026-09-28T08:42:01.381Z
ashby	https://jobs.ashbyhq.com/covenal	1	2026-09-28T08:42:01.406Z
ashby	https://jobs.ashbyhq.com/crete-professionals-alliance	1	2026-09-28T08:42:02.212Z
ashby	https://jobs.ashbyhq.com/crunchdao	1	2026-09-28T08:42:03.003Z
ashby	https://jobs.ashbyhq.com/cubist	1	2026-09-28T08:42:03.417Z
ashby	https://jobs.ashbyhq.com/cultureai	1	2026-09-28T08:42:03.431Z
ashby	https://jobs.ashbyhq.com/cybersyn	1	2026-09-28T08:42:03.813Z
ashby	https://jobs.ashbyhq.com/d2iq	1	2026-09-28T08:42:04.197Z
ashby	https://jobs.ashbyhq.com/dahlia-labs	1	2026-09-28T08:42:04.241Z
ashby	https://jobs.ashbyhq.com/dashworks	1	2026-09-28T08:42:04.934Z
ashby	https://jobs.ashbyhq.com/datacurve	1	2026-09-28T08:42:05.006Z
ashby	https://jobs.ashbyhq.com/datastealth	1	2026-09-28T08:42:05.376Z
ashby	https://jobs.ashbyhq.com/dclimate	1	2026-09-28T08:42:05.906Z
ashby	https://jobs.ashbyhq.com/dedale	1	2026-09-28T08:42:06.136Z
ashby	https://jobs.ashbyhq.com/deductive	1	2026-09-28T08:42:06.189Z
ashby	https://jobs.ashbyhq.com/deepwalk	1	2026-09-28T08:42:06.790Z
ashby	https://jobs.ashbyhq.com/deltia	1	2026-09-28T08:42:07.361Z
ashby	https://jobs.ashbyhq.com/delve	1	2026-09-28T08:42:07.598Z
ashby	https://jobs.ashbyhq.com/deno	1	2026-09-28T08:42:07.651Z
ashby	https://jobs.ashbyhq.com/deta	1	2026-09-28T08:42:07.988Z
ashby	https://jobs.ashbyhq.com/di-ati	1	2026-09-28T08:42:08.102Z
ashby	https://jobs.ashbyhq.com/dicefm	1	2026-09-28T08:42:08.384Z
ashby	https://jobs.ashbyhq.com/didask	1	2026-09-28T08:42:08.447Z
ashby	https://jobs.ashbyhq.com/docs	1	2026-09-28T08:42:09.210Z
ashby	https://jobs.ashbyhq.com/dolarapp	1	2026-09-28T08:42:09.560Z
ashby	https://jobs.ashbyhq.com/donut	1	2026-09-28T08:42:09.570Z
ashby	https://jobs.ashbyhq.com/doodles	1	2026-09-28T08:42:09.609Z
ashby	https://jobs.ashbyhq.com/doowii	1	2026-09-28T08:42:09.610Z
ashby	https://jobs.ashbyhq.com/dorahacks	1	2026-09-28T08:42:09.931Z
ashby	https://jobs.ashbyhq.com/dosespot	1	2026-09-28T08:42:09.930Z
ashby	https://jobs.ashbyhq.com/dot-product	1	2026-09-28T08:42:09.979Z
ashby	https://jobs.ashbyhq.com/doubledusk	1	2026-09-28T08:42:10.354Z
ashby	https://jobs.ashbyhq.com/dovly	1	2026-09-28T08:42:10.673Z
ashby	https://jobs.ashbyhq.com/dropyacht	1	2026-09-28T08:42:10.697Z
ashby	https://jobs.ashbyhq.com/dstlry	1	2026-09-28T08:42:10.739Z
ashby	https://jobs.ashbyhq.com/duckduckgo	1	2026-09-28T08:42:11.091Z
ashby	https://jobs.ashbyhq.com/dune-security	1	2026-09-28T08:42:11.477Z
ashby	https://jobs.ashbyhq.com/dynamic	1	2026-09-28T08:42:11.841Z
ashby	https://jobs.ashbyhq.com/ecarxgroup	1	2026-09-28T08:42:12.238Z
ashby	https://jobs.ashbyhq.com/echotwin	1	2026-09-28T08:42:12.265Z
ashby	https://jobs.ashbyhq.com/electricai	1	2026-09-28T08:42:13.045Z
ashby	https://jobs.ashbyhq.com/elevate-labs	1	2026-09-28T08:42:13.433Z
ashby	https://jobs.ashbyhq.com/empora	1	2026-09-28T08:42:15.014Z
ashby	https://jobs.ashbyhq.com/empowerfinance	1	2026-09-28T08:42:14.781Z
ashby	https://jobs.ashbyhq.com/endeavor	1	2026-09-28T08:42:14.805Z
ashby	https://jobs.ashbyhq.com/enzo-health	1	2026-09-28T08:42:15.537Z
ashby	https://jobs.ashbyhq.com/eos-atomics	1	2026-09-28T08:42:15.545Z
ashby	https://jobs.ashbyhq.com/eotlabs	1	2026-09-28T08:42:15.743Z
ashby	https://jobs.ashbyhq.com/ephemera	1	2026-09-28T08:42:15.891Z
ashby	https://jobs.ashbyhq.com/episteme	1	2026-09-28T08:42:15.927Z
ashby	https://jobs.ashbyhq.com/eppo	1	2026-09-28T08:42:16.105Z
ashby	https://jobs.ashbyhq.com/equallytalent	1	2026-09-28T08:42:16.304Z
ashby	https://jobs.ashbyhq.com/equals	1	2026-09-28T08:42:16.302Z
ashby	https://jobs.ashbyhq.com/ernest	1	2026-09-28T08:42:16.587Z
ashby	https://jobs.ashbyhq.com/evenup	1	2026-09-28T08:42:17.451Z
ashby	https://jobs.ashbyhq.com/everydayagents	1	2026-09-28T08:42:17.813Z
ashby	https://jobs.ashbyhq.com/exofreight	1	2026-09-28T08:42:17.882Z
ashby	https://jobs.ashbyhq.com/facilityone	1	2026-09-28T08:42:18.673Z
ashby	https://jobs.ashbyhq.com/factorfellowship	1	2026-09-28T08:42:18.697Z
ashby	https://jobs.ashbyhq.com/factorhouse	1	2026-09-28T08:42:18.967Z
ashby	https://jobs.ashbyhq.com/fairing	1	2026-09-28T08:42:19.042Z
ashby	https://jobs.ashbyhq.com/fairsquaremedicare	1	2026-09-28T08:42:19.083Z
ashby	https://jobs.ashbyhq.com/fal	1	2026-09-28T08:42:19.081Z
ashby	https://jobs.ashbyhq.com/fanalysis	1	2026-09-28T08:42:19.376Z
ashby	https://jobs.ashbyhq.com/farewill	1	2026-09-28T08:42:19.401Z
ashby	https://jobs.ashbyhq.com/fauna-robotics	1	2026-09-28T08:42:19.784Z
ashby	https://jobs.ashbyhq.com/fella	1	2026-09-28T08:42:20.201Z
ashby	https://jobs.ashbyhq.com/fermat	1	2026-09-28T08:42:20.205Z
ashby	https://jobs.ashbyhq.com/fermataenergy	1	2026-09-28T08:42:20.211Z
ashby	https://jobs.ashbyhq.com/fern	1	2026-09-28T08:42:20.248Z
ashby	https://jobs.ashbyhq.com/filed	1	2026-09-28T08:42:20.703Z
ashby	https://jobs.ashbyhq.com/finally	1	2026-09-28T08:42:21.113Z
ashby	https://jobs.ashbyhq.com/finalroundai	1	2026-09-28T08:42:21.148Z
ashby	https://jobs.ashbyhq.com/finnihealth	1	2026-09-28T08:42:21.538Z
ashby	https://jobs.ashbyhq.com/fintool	1	2026-09-28T08:42:21.938Z
ashby	https://jobs.ashbyhq.com/firstbase	1	2026-09-28T08:42:22.002Z
ashby	https://jobs.ashbyhq.com/firstbaseio	1	2026-09-28T08:42:22.326Z
ashby	https://jobs.ashbyhq.com/five-ai	1	2026-09-28T08:42:22.392Z
ashby	https://jobs.ashbyhq.com/flagshiprtl	1	2026-09-28T08:42:22.711Z
ashby	https://jobs.ashbyhq.com/flankai	1	2026-09-28T08:42:22.761Z
ashby	https://jobs.ashbyhq.com/fledge	1	2026-09-28T08:42:23.162Z
ashby	https://jobs.ashbyhq.com/flex-living	1	2026-09-28T08:42:23.252Z
ashby	https://jobs.ashbyhq.com/flick	1	2026-09-28T08:42:23.585Z
ashby	https://jobs.ashbyhq.com/flipsidecrypto	1	2026-09-28T08:42:23.595Z
ashby	https://jobs.ashbyhq.com/flocksafety	1	2026-09-28T08:42:23.975Z
ashby	https://jobs.ashbyhq.com/flowcarbon	1	2026-09-28T08:42:24.089Z
ashby	https://jobs.ashbyhq.com/flux-computing	1	2026-09-28T08:42:24.702Z
ashby	https://jobs.ashbyhq.com/focus-ai	1	2026-09-28T08:42:24.938Z
ashby	https://jobs.ashbyhq.com/focused-energy	1	2026-09-28T08:42:25.091Z
ashby	https://jobs.ashbyhq.com/fonzi-ai	1	2026-09-28T08:42:25.297Z
ashby	https://jobs.ashbyhq.com/foodhealthco	1	2026-09-28T08:42:25.441Z
ashby	https://jobs.ashbyhq.com/foresite-labs-fl2024-006	1	2026-09-28T08:42:25.493Z
ashby	https://jobs.ashbyhq.com/fortytwo	1	2026-09-28T08:42:25.933Z
ashby	https://jobs.ashbyhq.com/fractional	1	2026-09-28T08:42:26.941Z
ashby	https://jobs.ashbyhq.com/fractional-ai	1	2026-09-28T08:42:26.942Z
ashby	https://jobs.ashbyhq.com/frameai	1	2026-09-28T08:42:26.958Z
ashby	https://jobs.ashbyhq.com/framenergy	1	2026-09-28T08:42:27.098Z
ashby	https://jobs.ashbyhq.com/freeagency	1	2026-09-28T08:42:27.328Z
ashby	https://jobs.ashbyhq.com/freeplay	1	2026-09-28T08:42:27.333Z
ashby	https://jobs.ashbyhq.com/fulcrum-research	1	2026-09-28T08:42:28.144Z
ashby	https://jobs.ashbyhq.com/fundamentalresearchlabs	1	2026-09-28T08:42:28.410Z
ashby	https://jobs.ashbyhq.com/furiosa-ai	1	2026-09-28T08:42:28.514Z
ashby	https://jobs.ashbyhq.com/future-find	1	2026-09-28T08:42:28.850Z
ashby	https://jobs.ashbyhq.com/futureaudioworkshop	1	2026-09-28T08:42:28.897Z
ashby	https://jobs.ashbyhq.com/futurice	1	2026-09-28T08:42:29.006Z
ashby	https://jobs.ashbyhq.com/game-plan-tech	1	2026-09-28T08:42:29.711Z
ashby	https://jobs.ashbyhq.com/garden	1	2026-09-28T08:42:30.025Z
ashby	https://jobs.ashbyhq.com/general-counsel-ai	1	2026-09-28T08:42:30.390Z
ashby	https://jobs.ashbyhq.com/genesis-ai	1	2026-09-28T08:42:30.843Z
ashby	https://jobs.ashbyhq.com/genesis-therapeutics	1	2026-09-28T08:42:30.874Z
ashby	https://jobs.ashbyhq.com/genomicsplc	1	2026-09-28T08:42:31.254Z
ashby	https://jobs.ashbyhq.com/gensyn	1	2026-09-28T08:42:31.299Z
ashby	https://jobs.ashbyhq.com/getpluto	1	2026-09-28T08:42:31.633Z
ashby	https://jobs.ashbyhq.com/getshogun	1	2026-09-28T08:42:31.635Z
ashby	https://jobs.ashbyhq.com/gitpod	1	2026-09-28T08:42:31.832Z
ashby	https://jobs.ashbyhq.com/gitstart	1	2026-09-28T08:42:32.072Z
ashby	https://jobs.ashbyhq.com/glyphic	1	2026-09-28T08:42:32.543Z
ashby	https://jobs.ashbyhq.com/go-augment	1	2026-09-28T08:42:32.541Z
ashby	https://jobs.ashbyhq.com/goodcover	1	2026-09-28T08:42:33.039Z
ashby	https://jobs.ashbyhq.com/goodship	1	2026-09-28T08:42:33.425Z
ashby	https://jobs.ashbyhq.com/gradia	1	2026-09-28T08:42:34.349Z
ashby	https://jobs.ashbyhq.com/gradientnetwork	1	2026-09-28T08:42:34.733Z
ashby	https://jobs.ashbyhq.com/grayce	1	2026-09-28T08:42:35.199Z
ashby	https://jobs.ashbyhq.com/grayswanai	1	2026-09-28T08:42:35.554Z
ashby	https://jobs.ashbyhq.com/greenlite	1	2026-09-28T08:42:35.572Z
ashby	https://jobs.ashbyhq.com/greenskygames	1	2026-09-28T08:42:35.565Z
ashby	https://jobs.ashbyhq.com/gretel	1	2026-09-28T08:42:35.970Z
ashby	https://jobs.ashbyhq.com/greylock	1	2026-09-28T08:42:35.968Z
ashby	https://jobs.ashbyhq.com/gridwise	1	2026-09-28T08:42:36.374Z
ashby	https://jobs.ashbyhq.com/groombuggy	1	2026-09-28T08:42:36.381Z
ashby	https://jobs.ashbyhq.com/growtherapy	1	2026-09-28T08:42:36.783Z
ashby	https://jobs.ashbyhq.com/growthtroops	1	2026-09-28T08:42:36.786Z
ashby	https://jobs.ashbyhq.com/guaranteed	1	2026-09-28T08:42:36.836Z
ashby	https://jobs.ashbyhq.com/halborn	1	2026-09-28T08:42:37.546Z
ashby	https://jobs.ashbyhq.com/happeo	1	2026-09-28T08:42:38.341Z
ashby	https://jobs.ashbyhq.com/hashboard	1	2026-09-28T08:42:38.796Z
ashby	https://jobs.ashbyhq.com/healnow	1	2026-09-28T08:42:39.537Z
ashby	https://jobs.ashbyhq.com/health-universe	1	2026-09-28T08:42:39.960Z
ashby	https://jobs.ashbyhq.com/helika	1	2026-09-28T08:42:40.855Z
ashby	https://jobs.ashbyhq.com/her	1	2026-09-28T08:42:41.185Z
ashby	https://jobs.ashbyhq.com/herojourneyclub	1	2026-09-28T08:42:41.220Z
ashby	https://jobs.ashbyhq.com/hifi	1	2026-09-28T08:42:41.597Z
ashby	https://jobs.ashbyhq.com/himsandhers	1	2026-09-28T08:42:42.418Z
ashby	https://jobs.ashbyhq.com/hint	1	2026-09-28T08:42:42.477Z
ashby	https://jobs.ashbyhq.com/homemade	1	2026-09-28T08:42:43.232Z
ashby	https://jobs.ashbyhq.com/hoplynk	1	2026-09-28T08:42:43.593Z
ashby	https://jobs.ashbyhq.com/hospitalio	1	2026-09-28T08:42:43.860Z
ashby	https://jobs.ashbyhq.com/hoxtonfarms	1	2026-09-28T08:42:44.009Z
ashby	https://jobs.ashbyhq.com/hqo	1	2026-09-28T08:42:44.011Z
ashby	https://jobs.ashbyhq.com/humanitru	1	2026-09-28T08:42:44.665Z
ashby	https://jobs.ashbyhq.com/hustlewing	1	2026-09-28T08:42:44.787Z
ashby	https://jobs.ashbyhq.com/hydra	1	2026-09-28T08:42:45.079Z
ashby	https://jobs.ashbyhq.com/hyperliminal	1	2026-09-28T08:42:45.129Z
ashby	https://jobs.ashbyhq.com/iacollaborative	1	2026-09-28T08:42:45.509Z
ashby	https://jobs.ashbyhq.com/inceptive	1	2026-09-28T08:42:46.808Z
ashby	https://jobs.ashbyhq.com/inrange	1	2026-09-28T08:42:48.365Z
ashby	https://jobs.ashbyhq.com/inspiration-commerce-group	1	2026-09-28T08:42:48.770Z
ashby	https://jobs.ashbyhq.com/integral	1	2026-09-28T08:42:49.171Z
ashby	https://jobs.ashbyhq.com/integrationapp	1	2026-09-28T08:42:49.172Z
ashby	https://jobs.ashbyhq.com/intrinsictech	1	2026-09-28T08:42:49.187Z
ashby	https://jobs.ashbyhq.com/introzy	1	2026-09-28T08:42:49.587Z
ashby	https://jobs.ashbyhq.com/io-net	1	2026-09-28T08:42:49.956Z
ashby	https://jobs.ashbyhq.com/iodinesoftware	1	2026-09-28T08:42:49.974Z
ashby	https://jobs.ashbyhq.com/ionlace	1	2026-09-28T08:42:50.017Z
ashby	https://jobs.ashbyhq.com/irreducible	1	2026-09-28T08:42:50.082Z
ashby	https://jobs.ashbyhq.com/italic	1	2026-09-28T08:42:50.379Z
ashby	https://jobs.ashbyhq.com/iterative	1	2026-09-28T08:42:50.389Z
ashby	https://jobs.ashbyhq.com/ithaca	1	2026-09-28T08:42:50.448Z
ashby	https://jobs.ashbyhq.com/izea	1	2026-09-28T08:42:50.724Z
ashby	https://jobs.ashbyhq.com/jasper	1	2026-09-28T08:42:51.095Z
ashby	https://jobs.ashbyhq.com/jasperai	1	2026-09-28T08:42:51.120Z
ashby	https://jobs.ashbyhq.com/jenni-ai	1	2026-09-28T08:42:51.458Z
ashby	https://jobs.ashbyhq.com/jerry	1	2026-09-28T08:42:51.468Z
ashby	https://jobs.ashbyhq.com/joinarc	1	2026-09-28T08:42:51.904Z
ashby	https://jobs.ashbyhq.com/joinforage	1	2026-09-28T08:42:51.994Z
ashby	https://jobs.ashbyhq.com/joinkular	1	2026-09-28T08:42:52.231Z
ashby	https://jobs.ashbyhq.com/jointangelo	1	2026-09-28T08:42:52.272Z
ashby	https://jobs.ashbyhq.com/joist-ai	1	2026-09-28T08:42:52.325Z
ashby	https://jobs.ashbyhq.com/judge-me	1	2026-09-28T08:42:52.857Z
ashby	https://jobs.ashbyhq.com/juni	1	2026-09-28T08:42:53.472Z
ashby	https://jobs.ashbyhq.com/k2space	1	2026-09-28T08:42:53.650Z
ashby	https://jobs.ashbyhq.com/k42	1	2026-09-28T08:42:53.887Z
ashby	https://jobs.ashbyhq.com/kalder	1	2026-09-28T08:42:53.941Z
ashby	https://jobs.ashbyhq.com/kalos	1	2026-09-28T08:42:54.031Z
ashby	https://jobs.ashbyhq.com/keel	1	2026-09-28T08:42:54.413Z
ashby	https://jobs.ashbyhq.com/keep	1	2026-09-28T08:42:54.430Z
ashby	https://jobs.ashbyhq.com/keeper	1	2026-09-28T08:42:54.803Z
ashby	https://jobs.ashbyhq.com/khan-tech	1	2026-09-28T08:42:55.175Z
ashby	https://jobs.ashbyhq.com/kick	1	2026-09-28T08:42:55.171Z
ashby	https://jobs.ashbyhq.com/kikoff	1	2026-09-28T08:42:55.196Z
ashby	https://jobs.ashbyhq.com/kilocode	1	2026-09-28T08:42:55.211Z
ashby	https://jobs.ashbyhq.com/kingdomsupercultures	1	2026-09-28T08:42:55.623Z
ashby	https://jobs.ashbyhq.com/kintsugi	1	2026-09-28T08:42:55.632Z
ashby	https://jobs.ashbyhq.com/kittl	1	2026-09-28T08:42:56.045Z
ashby	https://jobs.ashbyhq.com/klarity	1	2026-09-28T08:42:56.446Z
ashby	https://jobs.ashbyhq.com/kodif	1	2026-09-28T08:42:57.263Z
ashby	https://jobs.ashbyhq.com/krepling	1	2026-09-28T08:42:58.188Z
ashby	https://jobs.ashbyhq.com/kuru-labs	1	2026-09-28T08:42:58.193Z
ashby	https://jobs.ashbyhq.com/landbase	1	2026-09-28T08:42:58.611Z
ashby	https://jobs.ashbyhq.com/latitude	1	2026-09-28T08:42:59.541Z
ashby	https://jobs.ashbyhq.com/latitudecareers	1	2026-09-28T08:42:59.550Z
ashby	https://jobs.ashbyhq.com/layern	1	2026-09-28T08:42:59.962Z
ashby	https://jobs.ashbyhq.com/lempire	1	2026-09-28T08:43:01.686Z
ashby	https://jobs.ashbyhq.com/liblab	1	2026-09-28T08:43:02.157Z
ashby	https://jobs.ashbyhq.com/lilt	1	2026-09-28T08:43:03.000Z
ashby	https://jobs.ashbyhq.com/lime	1	2026-09-28T08:43:03.508Z
ashby	https://jobs.ashbyhq.com/limitless	1	2026-09-28T08:43:03.513Z
ashby	https://jobs.ashbyhq.com/lindushealth	1	2026-09-28T08:43:03.515Z
ashby	https://jobs.ashbyhq.com/lindy	1	2026-09-28T08:43:03.588Z
ashby	https://jobs.ashbyhq.com/lingopal	1	2026-09-28T08:43:03.880Z
ashby	https://jobs.ashbyhq.com/linktree	1	2026-09-28T08:43:03.910Z
ashby	https://jobs.ashbyhq.com/lmarena	1	2026-09-28T08:43:04.747Z
ashby	https://jobs.ashbyhq.com/localkitchens	1	2026-09-28T08:43:04.768Z
ashby	https://jobs.ashbyhq.com/loft-labs	1	2026-09-28T08:43:04.863Z
ashby	https://jobs.ashbyhq.com/lore	1	2026-09-28T08:43:05.256Z
ashby	https://jobs.ashbyhq.com/lowercarboncapital	1	2026-09-28T08:43:05.671Z
ashby	https://jobs.ashbyhq.com/lucra-sports	1	2026-09-28T08:43:06.071Z
ashby	https://jobs.ashbyhq.com/luma-ai	1	2026-09-28T08:43:06.078Z
ashby	https://jobs.ashbyhq.com/luminoai	1	2026-09-28T08:43:06.485Z
ashby	https://jobs.ashbyhq.com/lynk	1	2026-09-28T08:43:06.849Z
ashby	https://jobs.ashbyhq.com/mach	1	2026-09-28T08:43:06.923Z
ashby	https://jobs.ashbyhq.com/machinery-partner	1	2026-09-28T08:43:07.223Z
ashby	https://jobs.ashbyhq.com/machinify	1	2026-09-28T08:43:07.312Z
ashby	https://jobs.ashbyhq.com/madecard	1	2026-09-28T08:43:07.335Z
ashby	https://jobs.ashbyhq.com/magicbrief	1	2026-09-28T08:43:07.689Z
ashby	https://jobs.ashbyhq.com/magna	1	2026-09-28T08:43:08.005Z
ashby	https://jobs.ashbyhq.com/magnadigital	1	2026-09-28T08:43:08.004Z
ashby	https://jobs.ashbyhq.com/mahway	1	2026-09-28T08:43:08.382Z
ashby	https://jobs.ashbyhq.com/maihem	1	2026-09-28T08:43:08.135Z
ashby	https://jobs.ashbyhq.com/mainshares	1	2026-09-28T08:43:08.385Z
ashby	https://jobs.ashbyhq.com/maisa	1	2026-09-28T08:43:08.563Z
ashby	https://jobs.ashbyhq.com/mako	1	2026-09-28T08:43:08.505Z
ashby	https://jobs.ashbyhq.com/manufactured	1	2026-09-28T08:43:08.945Z
ashby	https://jobs.ashbyhq.com/manusai	1	2026-09-28T08:43:09.139Z
ashby	https://jobs.ashbyhq.com/martian	1	2026-09-28T08:43:09.681Z
ashby	https://jobs.ashbyhq.com/mastodon	1	2026-09-28T08:43:09.952Z
ashby	https://jobs.ashbyhq.com/materia	1	2026-09-28T08:43:09.930Z
ashby	https://jobs.ashbyhq.com/mathgpt	1	2026-09-28T08:43:09.945Z
ashby	https://jobs.ashbyhq.com/matician	1	2026-09-28T08:43:10.267Z
ashby	https://jobs.ashbyhq.com/matterlabs	1	2026-09-28T08:43:10.322Z
ashby	https://jobs.ashbyhq.com/meadowmemorials	1	2026-09-28T08:43:11.134Z
ashby	https://jobs.ashbyhq.com/medal	1	2026-09-28T08:43:11.501Z
ashby	https://jobs.ashbyhq.com/medbill-ai	1	2026-09-28T08:43:11.512Z
ashby	https://jobs.ashbyhq.com/medsender	1	2026-09-28T08:43:11.917Z
ashby	https://jobs.ashbyhq.com/meetpace	1	2026-09-28T08:43:11.958Z
ashby	https://jobs.ashbyhq.com/mem	1	2026-09-28T08:43:12.321Z
ashby	https://jobs.ashbyhq.com/membrane	1	2026-09-28T08:43:12.337Z
ashby	https://jobs.ashbyhq.com/memgpt	1	2026-09-28T08:43:12.334Z
ashby	https://jobs.ashbyhq.com/mentis	1	2026-09-28T08:43:12.679Z
ashby	https://jobs.ashbyhq.com/meridian	1	2026-09-28T08:43:12.728Z
ashby	https://jobs.ashbyhq.com/meridian-ai	1	2026-09-28T08:43:12.705Z
ashby	https://jobs.ashbyhq.com/merkle	1	2026-09-28T08:43:13.062Z
ashby	https://jobs.ashbyhq.com/meshcapade	1	2026-09-28T08:43:13.118Z
ashby	https://jobs.ashbyhq.com/message-broadcast	1	2026-09-28T08:43:13.440Z
ashby	https://jobs.ashbyhq.com/messagebird	1	2026-09-28T08:43:13.448Z
ashby	https://jobs.ashbyhq.com/metaplane	1	2026-09-28T08:43:13.807Z
ashby	https://jobs.ashbyhq.com/metawork	1	2026-09-28T08:43:13.820Z
ashby	https://jobs.ashbyhq.com/methodical-careers	1	2026-09-28T08:43:14.280Z
ashby	https://jobs.ashbyhq.com/miashare	1	2026-09-28T08:43:14.796Z
ashby	https://jobs.ashbyhq.com/miga	1	2026-09-28T08:43:14.806Z
ashby	https://jobs.ashbyhq.com/mind-company	1	2026-09-28T08:43:15.201Z
ashby	https://jobs.ashbyhq.com/mitiga-solutions	1	2026-09-28T08:43:16.119Z
ashby	https://jobs.ashbyhq.com/mnemonic	1	2026-09-28T08:43:16.117Z
ashby	https://jobs.ashbyhq.com/mobasi	1	2026-09-28T08:43:16.134Z
ashby	https://jobs.ashbyhq.com/modefair	1	2026-09-28T08:43:16.541Z
ashby	https://jobs.ashbyhq.com/moneyworld	1	2026-09-28T08:43:17.357Z
ashby	https://jobs.ashbyhq.com/monitaur	1	2026-09-28T08:43:17.363Z
ashby	https://jobs.ashbyhq.com/monq	1	2026-09-28T08:43:17.381Z
ashby	https://jobs.ashbyhq.com/monsters	1	2026-09-28T08:43:17.758Z
ashby	https://jobs.ashbyhq.com/moonshot-ai	1	2026-09-28T08:43:17.763Z
ashby	https://jobs.ashbyhq.com/moonvalley-ai	1	2026-09-28T08:43:17.766Z
ashby	https://jobs.ashbyhq.com/moov	1	2026-09-28T08:43:18.157Z
ashby	https://jobs.ashbyhq.com/mosey	1	2026-09-28T08:43:18.167Z
ashby	https://jobs.ashbyhq.com/motion	1	2026-09-28T08:43:18.576Z
ashby	https://jobs.ashbyhq.com/movementlabs	1	2026-09-28T08:43:18.580Z
ashby	https://jobs.ashbyhq.com/mparticle	1	2026-09-28T08:43:18.967Z
ashby	https://jobs.ashbyhq.com/multion	1	2026-09-28T08:43:19.070Z
ashby	https://jobs.ashbyhq.com/multivmlabs	1	2026-09-28T08:43:19.378Z
ashby	https://jobs.ashbyhq.com/museapp	1	2026-09-28T08:43:19.451Z
ashby	https://jobs.ashbyhq.com/myvillage	1	2026-09-28T08:43:20.102Z
ashby	https://jobs.ashbyhq.com/n43-studio	1	2026-09-28T08:43:20.197Z
ashby	https://jobs.ashbyhq.com/naptha	1	2026-09-28T08:43:20.625Z
ashby	https://jobs.ashbyhq.com/natcast	1	2026-09-28T08:43:20.861Z
ashby	https://jobs.ashbyhq.com/nativemarkets	1	2026-09-28T08:43:20.976Z
ashby	https://jobs.ashbyhq.com/nautical-commerce	1	2026-09-28T08:43:21.021Z
ashby	https://jobs.ashbyhq.com/newfront	1	2026-09-28T08:43:23.586Z
ashby	https://jobs.ashbyhq.com/newschoolfoods	1	2026-09-28T08:43:23.587Z
ashby	https://jobs.ashbyhq.com/nextmatter	1	2026-09-28T08:43:23.991Z
ashby	https://jobs.ashbyhq.com/normalcomputingai	1	2026-09-28T08:43:25.176Z
ashby	https://jobs.ashbyhq.com/noya	1	2026-09-28T08:43:26.102Z
ashby	https://jobs.ashbyhq.com/nudgetext	1	2026-09-28T08:43:26.522Z
ashby	https://jobs.ashbyhq.com/nuon	1	2026-09-28T08:43:26.957Z
ashby	https://jobs.ashbyhq.com/nura-studios	1	2026-09-28T08:43:26.970Z
ashby	https://jobs.ashbyhq.com/nymbl	1	2026-09-28T08:43:26.964Z
ashby	https://jobs.ashbyhq.com/oboe	1	2026-09-28T08:43:27.379Z
ashby	https://jobs.ashbyhq.com/observeinc	1	2026-09-28T08:43:27.785Z
ashby	https://jobs.ashbyhq.com/occam	1	2026-09-28T08:43:27.818Z
ashby	https://jobs.ashbyhq.com/ocp	1	2026-09-28T08:43:27.835Z
ashby	https://jobs.ashbyhq.com/olive	1	2026-09-28T08:43:28.605Z
ashby	https://jobs.ashbyhq.com/ona	1	2026-09-28T08:43:29.079Z
ashby	https://jobs.ashbyhq.com/ondeck-ai	1	2026-09-28T08:43:29.173Z
ashby	https://jobs.ashbyhq.com/one-text	1	2026-09-28T08:43:29.415Z
ashby	https://jobs.ashbyhq.com/onepay	1	2026-09-28T08:43:29.825Z
ashby	https://jobs.ashbyhq.com/open-ledger	1	2026-09-28T08:43:30.379Z
ashby	https://jobs.ashbyhq.com/openphilanthropy	1	2026-09-28T08:43:31.190Z
ashby	https://jobs.ashbyhq.com/openstore	1	2026-09-28T08:43:31.671Z
ashby	https://jobs.ashbyhq.com/operator	1	2026-09-28T08:43:31.666Z
ashby	https://jobs.ashbyhq.com/orbitalmaterials	1	2026-09-28T08:43:32.531Z
ashby	https://jobs.ashbyhq.com/orby-ai	1	2026-09-28T08:43:32.613Z
ashby	https://jobs.ashbyhq.com/ordio	1	2026-09-28T08:43:32.931Z
ashby	https://jobs.ashbyhq.com/outliant	1	2026-09-28T08:43:33.714Z
ashby	https://jobs.ashbyhq.com/ozone	1	2026-09-28T08:43:34.674Z
ashby	https://jobs.ashbyhq.com/pace	1	2026-09-28T08:43:34.647Z
ashby	https://jobs.ashbyhq.com/pacificfusion	1	2026-09-28T08:43:34.669Z
ashby	https://jobs.ashbyhq.com/pageport	1	2026-09-28T08:43:35.149Z
ashby	https://jobs.ashbyhq.com/pahdo	1	2026-09-28T08:43:35.167Z
ashby	https://jobs.ashbyhq.com/parable	1	2026-09-28T08:43:35.968Z
ashby	https://jobs.ashbyhq.com/paradigm-ai	1	2026-09-28T08:43:35.973Z
ashby	https://jobs.ashbyhq.com/parallel-biosystems	1	2026-09-28T08:43:36.900Z
ashby	https://jobs.ashbyhq.com/parasol	1	2026-09-28T08:43:36.930Z
ashby	https://jobs.ashbyhq.com/parcha	1	2026-09-28T08:43:36.971Z
ashby	https://jobs.ashbyhq.com/parrot	1	2026-09-28T08:43:37.312Z
ashby	https://jobs.ashbyhq.com/pathmentalhealth	1	2026-09-28T08:43:37.727Z
ashby	https://jobs.ashbyhq.com/patternlabs	1	2026-09-28T08:43:38.134Z
ashby	https://jobs.ashbyhq.com/paysail	1	2026-09-28T08:43:38.664Z
ashby	https://jobs.ashbyhq.com/pcg	1	2026-09-28T08:43:39.075Z
ashby	https://jobs.ashbyhq.com/pear	1	2026-09-28T08:43:39.053Z
ashby	https://jobs.ashbyhq.com/peggy	1	2026-09-28T08:43:39.932Z
ashby	https://jobs.ashbyhq.com/peopleup	1	2026-09-28T08:43:40.565Z
ashby	https://jobs.ashbyhq.com/peppr	1	2026-09-28T08:43:40.473Z
ashby	https://jobs.ashbyhq.com/persimmons-ai	1	2026-09-28T08:43:41.586Z
ashby	https://jobs.ashbyhq.com/personio	1	2026-09-28T08:43:42.063Z
ashby	https://jobs.ashbyhq.com/phare	1	2026-09-28T08:43:42.447Z
ashby	https://jobs.ashbyhq.com/phare-r1-r37	1	2026-09-28T08:43:42.541Z
ashby	https://jobs.ashbyhq.com/pickaxe	1	2026-09-28T08:43:43.391Z
ashby	https://jobs.ashbyhq.com/pickle	1	2026-09-28T08:43:43.927Z
ashby	https://jobs.ashbyhq.com/pixaera	1	2026-09-28T08:43:44.537Z
ashby	https://jobs.ashbyhq.com/place-exchange	1	2026-09-28T08:43:44.622Z
ashby	https://jobs.ashbyhq.com/planetary-scale	1	2026-09-28T08:43:45.392Z
ashby	https://jobs.ashbyhq.com/platoapp	1	2026-09-28T08:43:45.900Z
ashby	https://jobs.ashbyhq.com/plaud-ai	1	2026-09-28T08:43:45.906Z
ashby	https://jobs.ashbyhq.com/playai	1	2026-09-28T08:43:45.907Z
ashby	https://jobs.ashbyhq.com/playht	1	2026-09-28T08:43:46.322Z
ashby	https://jobs.ashbyhq.com/playquell	1	2026-09-28T08:43:46.695Z
ashby	https://jobs.ashbyhq.com/please	1	2026-09-28T08:43:46.742Z
ashby	https://jobs.ashbyhq.com/plots	1	2026-09-28T08:43:47.066Z
ashby	https://jobs.ashbyhq.com/plume-network	1	2026-09-28T08:43:47.108Z
ashby	https://jobs.ashbyhq.com/pml	1	2026-09-28T08:43:47.445Z
ashby	https://jobs.ashbyhq.com/pocus	1	2026-09-28T08:43:47.471Z
ashby	https://jobs.ashbyhq.com/pointe-advisory	1	2026-09-28T08:43:47.836Z
ashby	https://jobs.ashbyhq.com/polyester	1	2026-09-28T08:43:48.216Z
ashby	https://jobs.ashbyhq.com/pomeloinc	1	2026-09-28T08:43:48.567Z
ashby	https://jobs.ashbyhq.com/pontosense	1	2026-09-28T08:43:48.569Z
ashby	https://jobs.ashbyhq.com/popsql	1	2026-09-28T08:43:48.731Z
ashby	https://jobs.ashbyhq.com/pragmaplatform	1	2026-09-28T08:43:49.483Z
ashby	https://jobs.ashbyhq.com/preludesecurity	1	2026-09-28T08:43:49.877Z
ashby	https://jobs.ashbyhq.com/prepared911	1	2026-09-28T08:43:49.946Z
ashby	https://jobs.ashbyhq.com/prime	1	2026-09-28T08:43:50.225Z
ashby	https://jobs.ashbyhq.com/prive	1	2026-09-28T08:43:50.613Z
ashby	https://jobs.ashbyhq.com/privy	1	2026-09-28T08:43:50.617Z
ashby	https://jobs.ashbyhq.com/probably-good	1	2026-09-28T08:43:50.624Z
ashby	https://jobs.ashbyhq.com/product-updates	1	2026-09-28T08:43:51.041Z
ashby	https://jobs.ashbyhq.com/projectgrowth	1	2026-09-28T08:43:51.535Z
ashby	https://jobs.ashbyhq.com/proofofplay	1	2026-09-28T08:43:51.932Z
ashby	https://jobs.ashbyhq.com/proofs	1	2026-09-28T08:43:51.941Z
ashby	https://jobs.ashbyhq.com/propagate	1	2026-09-28T08:43:51.949Z
ashby	https://jobs.ashbyhq.com/protectai	1	2026-09-28T08:43:52.410Z
ashby	https://jobs.ashbyhq.com/protochain	1	2026-09-28T08:43:52.730Z
ashby	https://jobs.ashbyhq.com/pulley	1	2026-09-28T08:43:53.147Z
ashby	https://jobs.ashbyhq.com/pulselive	1	2026-09-28T08:43:53.142Z
ashby	https://jobs.ashbyhq.com/qeystroke	1	2026-09-28T08:43:53.642Z
ashby	https://jobs.ashbyhq.com/qih-group	1	2026-09-28T08:43:53.618Z
ashby	https://jobs.ashbyhq.com/quantilehealth	1	2026-09-28T08:43:54.036Z
ashby	https://jobs.ashbyhq.com/qventus	1	2026-09-28T08:43:54.935Z
ashby	https://jobs.ashbyhq.com/rabbet	1	2026-09-28T08:43:55.329Z
ashby	https://jobs.ashbyhq.com/rabbithole	1	2026-09-28T08:43:55.330Z
ashby	https://jobs.ashbyhq.com/rad-intel	1	2026-09-28T08:43:55.326Z
ashby	https://jobs.ashbyhq.com/radiusai	1	2026-09-28T08:43:55.739Z
ashby	https://jobs.ashbyhq.com/rain-ai-jobs	1	2026-09-28T08:43:55.921Z
ashby	https://jobs.ashbyhq.com/rapid-pioneers	1	2026-09-28T08:43:56.542Z
ashby	https://jobs.ashbyhq.com/rattle	1	2026-09-28T08:43:56.527Z
ashby	https://jobs.ashbyhq.com/real	1	2026-09-28T08:43:57.308Z
ashby	https://jobs.ashbyhq.com/reference	1	2026-09-28T08:43:58.499Z
ashby	https://jobs.ashbyhq.com/reflex	1	2026-09-28T08:43:58.927Z
ashby	https://jobs.ashbyhq.com/regressiongg	1	2026-09-28T08:43:59.316Z
ashby	https://jobs.ashbyhq.com/relevize	1	2026-09-28T08:43:59.815Z
ashby	https://jobs.ashbyhq.com/rematter	1	2026-09-28T08:43:59.922Z
ashby	https://jobs.ashbyhq.com/remi	1	2026-09-28T08:44:00.242Z
ashby	https://jobs.ashbyhq.com/replicate	1	2026-09-28T08:44:00.731Z
ashby	https://jobs.ashbyhq.com/replicated	1	2026-09-28T08:44:01.056Z
ashby	https://jobs.ashbyhq.com/resolvepay	1	2026-09-28T08:44:01.561Z
ashby	https://jobs.ashbyhq.com/resourcely	1	2026-09-28T08:44:01.604Z
ashby	https://jobs.ashbyhq.com/retain	1	2026-09-28T08:44:01.883Z
ashby	https://jobs.ashbyhq.com/retro	1	2026-09-28T08:44:02.250Z
ashby	https://jobs.ashbyhq.com/revelxdstudio	1	2026-09-28T08:44:02.340Z
ashby	https://jobs.ashbyhq.com/revenium	1	2026-09-28T08:44:02.335Z
ashby	https://jobs.ashbyhq.com/righthandtalent	1	2026-09-28T08:44:03.242Z
ashby	https://jobs.ashbyhq.com/risczero	1	2026-09-28T08:44:03.536Z
ashby	https://jobs.ashbyhq.com/riza	1	2026-09-28T08:44:03.907Z
ashby	https://jobs.ashbyhq.com/roalddahl	1	2026-09-28T08:44:03.952Z
ashby	https://jobs.ashbyhq.com/robin-ai	1	2026-09-28T08:44:04.034Z
ashby	https://jobs.ashbyhq.com/rockerbox	1	2026-09-28T08:44:04.299Z
ashby	https://jobs.ashbyhq.com/rocketplace	1	2026-09-28T08:44:04.301Z
ashby	https://jobs.ashbyhq.com/rollup	1	2026-09-28T08:44:04.729Z
ashby	https://jobs.ashbyhq.com/rooser	1	2026-09-28T08:44:04.773Z
ashby	https://jobs.ashbyhq.com/rootine	1	2026-09-28T08:44:05.407Z
ashby	https://jobs.ashbyhq.com/roots-automation	1	2026-09-28T08:44:05.126Z
ashby	https://jobs.ashbyhq.com/rubicon	1	2026-09-28T08:44:05.505Z
ashby	https://jobs.ashbyhq.com/rye	1	2026-09-28T08:44:06.434Z
ashby	https://jobs.ashbyhq.com/rythm	1	2026-09-28T08:44:06.411Z
ashby	https://jobs.ashbyhq.com/safebase	1	2026-09-28T08:44:06.783Z
ashby	https://jobs.ashbyhq.com/sales-marker	1	2026-09-28T08:44:07.270Z
ashby	https://jobs.ashbyhq.com/same	1	2026-09-28T08:44:07.708Z
ashby	https://jobs.ashbyhq.com/saturn	1	2026-09-28T08:44:08.491Z
ashby	https://jobs.ashbyhq.com/sauron	1	2026-09-28T08:44:08.488Z
ashby	https://jobs.ashbyhq.com/savvyinsurance-trellis	1	2026-09-28T08:44:08.841Z
ashby	https://jobs.ashbyhq.com/scicommedia	1	2026-09-28T08:44:09.556Z
ashby	https://jobs.ashbyhq.com/scratchpad	1	2026-09-28T08:44:09.610Z
ashby	https://jobs.ashbyhq.com/scribd	1	2026-09-28T08:44:09.662Z
ashby	https://jobs.ashbyhq.com/scrunch-ai	1	2026-09-28T08:44:09.979Z
ashby	https://jobs.ashbyhq.com/searchlight	1	2026-09-28T08:44:10.380Z
ashby	https://jobs.ashbyhq.com/secoda	1	2026-09-28T08:44:10.798Z
ashby	https://jobs.ashbyhq.com/seis	1	2026-09-28T08:44:11.234Z
ashby	https://jobs.ashbyhq.com/select-labs	1	2026-09-28T08:44:11.214Z
ashby	https://jobs.ashbyhq.com/sensat	1	2026-09-28T08:44:11.622Z
ashby	https://jobs.ashbyhq.com/sensorita	1	2026-09-28T08:44:11.660Z
ashby	https://jobs.ashbyhq.com/seriesai	1	2026-09-28T08:44:12.456Z
ashby	https://jobs.ashbyhq.com/serpapi	1	2026-09-28T08:44:12.480Z
ashby	https://jobs.ashbyhq.com/servicebell	1	2026-09-28T08:44:12.832Z
ashby	https://jobs.ashbyhq.com/shadow	1	2026-09-28T08:44:13.456Z
ashby	https://jobs.ashbyhq.com/sidebar	1	2026-09-28T08:44:14.283Z
ashby	https://jobs.ashbyhq.com/sketch	1	2026-09-28T08:44:16.183Z
ashby	https://jobs.ashbyhq.com/skillz	1	2026-09-28T08:44:16.246Z
ashby	https://jobs.ashbyhq.com/skyebioscience	1	2026-09-28T08:44:16.654Z
ashby	https://jobs.ashbyhq.com/smlxl	1	2026-09-28T08:44:17.959Z
ashby	https://jobs.ashbyhq.com/snaptrude	1	2026-09-28T08:44:17.983Z
ashby	https://jobs.ashbyhq.com/soax	1	2026-09-28T08:44:18.349Z
ashby	https://jobs.ashbyhq.com/softwareappsinc	1	2026-09-28T08:44:19.084Z
ashby	https://jobs.ashbyhq.com/solforge	1	2026-09-28T08:44:20.206Z
ashby	https://jobs.ashbyhq.com/solid	1	2026-09-28T08:44:20.275Z
ashby	https://jobs.ashbyhq.com/somite-ai	1	2026-09-28T08:44:21.334Z
ashby	https://jobs.ashbyhq.com/source-health	1	2026-09-28T08:44:22.206Z
ashby	https://jobs.ashbyhq.com/soxton	1	2026-09-28T08:44:22.562Z
ashby	https://jobs.ashbyhq.com/spearbit	1	2026-09-28T08:44:23.398Z
ashby	https://jobs.ashbyhq.com/springandbond	1	2026-09-28T08:44:24.266Z
ashby	https://jobs.ashbyhq.com/stackfix	1	2026-09-28T08:44:25.121Z
ashby	https://jobs.ashbyhq.com/stationlabs	1	2026-09-28T08:44:25.942Z
ashby	https://jobs.ashbyhq.com/statsig	1	2026-09-28T08:44:25.958Z
ashby	https://jobs.ashbyhq.com/stay22	1	2026-09-28T08:44:25.994Z
ashby	https://jobs.ashbyhq.com/stealth-start-up	1	2026-09-28T08:44:26.381Z
ashby	https://jobs.ashbyhq.com/stelolabs	1	2026-09-28T08:44:27.066Z
ashby	https://jobs.ashbyhq.com/stemma	1	2026-09-28T08:44:27.156Z
ashby	https://jobs.ashbyhq.com/stimulus	1	2026-09-28T08:44:27.277Z
ashby	https://jobs.ashbyhq.com/street-diligence	1	2026-09-28T08:44:28.107Z
ashby	https://jobs.ashbyhq.com/structionsite	1	2026-09-28T08:44:28.628Z
ashby	https://jobs.ashbyhq.com/studyfetch	1	2026-09-28T08:44:28.631Z
ashby	https://jobs.ashbyhq.com/sully-ai	1	2026-09-28T08:44:29.035Z
ashby	https://jobs.ashbyhq.com/sunbound	1	2026-09-28T08:44:29.451Z
ashby	https://jobs.ashbyhq.com/superduper	1	2026-09-28T08:44:29.953Z
ashby	https://jobs.ashbyhq.com/superevilmegacorp	1	2026-09-28T08:44:29.966Z
ashby	https://jobs.ashbyhq.com/superhuman	1	2026-09-28T08:44:30.344Z
ashby	https://jobs.ashbyhq.com/supermodular	1	2026-09-28T08:44:30.356Z
ashby	https://jobs.ashbyhq.com/superorder	1	2026-09-28T08:44:30.377Z
ashby	https://jobs.ashbyhq.com/supertokens	1	2026-09-28T08:44:30.429Z
ashby	https://jobs.ashbyhq.com/surreal	1	2026-09-28T08:44:30.736Z
ashby	https://jobs.ashbyhq.com/suzy	1	2026-09-28T08:44:30.739Z
ashby	https://jobs.ashbyhq.com/switchboard-foundation	1	2026-09-28T08:44:31.525Z
ashby	https://jobs.ashbyhq.com/switchboard-hiring	1	2026-09-28T08:44:31.532Z
ashby	https://jobs.ashbyhq.com/syndicate	1	2026-09-28T08:44:32.105Z
ashby	https://jobs.ashbyhq.com/syndr	1	2026-09-28T08:44:32.271Z
ashby	https://jobs.ashbyhq.com/synonym	1	2026-09-28T08:44:32.265Z
ashby	https://jobs.ashbyhq.com/synthflow	1	2026-09-28T08:44:32.347Z
ashby	https://jobs.ashbyhq.com/syrup	1	2026-09-28T08:44:32.474Z
ashby	https://jobs.ashbyhq.com/system-initiative	1	2026-09-28T08:44:32.735Z
ashby	https://jobs.ashbyhq.com/system2	1	2026-09-28T08:44:32.706Z
ashby	https://jobs.ashbyhq.com/talentdisruptors	1	2026-09-28T08:44:33.310Z
ashby	https://jobs.ashbyhq.com/tales	1	2026-09-28T08:44:33.528Z
ashby	https://jobs.ashbyhq.com/talntteam	1	2026-09-28T08:44:33.710Z
ashby	https://jobs.ashbyhq.com/talos-network	1	2026-09-28T08:44:33.721Z
ashby	https://jobs.ashbyhq.com/tandem	1	2026-09-28T08:44:33.898Z
ashby	https://jobs.ashbyhq.com/techpolicyfellowship	1	2026-09-28T08:44:35.439Z
ashby	https://jobs.ashbyhq.com/tectonai	1	2026-09-28T08:44:35.564Z
ashby	https://jobs.ashbyhq.com/tensorzero	1	2026-09-28T08:44:36.776Z
ashby	https://jobs.ashbyhq.com/terradot	1	2026-09-28T08:44:37.225Z
ashby	https://jobs.ashbyhq.com/terrafirma	1	2026-09-28T08:44:37.245Z
ashby	https://jobs.ashbyhq.com/terrarium	1	2026-09-28T08:44:37.286Z
ashby	https://jobs.ashbyhq.com/thanksben	1	2026-09-28T08:44:38.228Z
ashby	https://jobs.ashbyhq.com/that1detailer	1	2026-09-28T08:44:38.255Z
ashby	https://jobs.ashbyhq.com/themindcompany	1	2026-09-28T08:44:38.684Z
ashby	https://jobs.ashbyhq.com/thewfsgroup	1	2026-09-28T08:44:38.870Z
ashby	https://jobs.ashbyhq.com/thirstysprout	1	2026-09-28T08:44:39.053Z
ashby	https://jobs.ashbyhq.com/thoughtful	1	2026-09-28T08:44:39.269Z
ashby	https://jobs.ashbyhq.com/thoughtly	1	2026-09-28T08:44:39.409Z
ashby	https://jobs.ashbyhq.com/thresh-power	1	2026-09-28T08:44:39.413Z
ashby	https://jobs.ashbyhq.com/tigereye	1	2026-09-28T08:44:39.645Z
ashby	https://jobs.ashbyhq.com/tilde	1	2026-09-28T08:44:39.888Z
ashby	https://jobs.ashbyhq.com/timescale	1	2026-09-28T08:44:40.278Z
ashby	https://jobs.ashbyhq.com/tiplink	1	2026-09-28T08:44:40.288Z
ashby	https://jobs.ashbyhq.com/tks	1	2026-09-28T08:44:40.686Z
ashby	https://jobs.ashbyhq.com/tokenmetrics	1	2026-09-28T08:44:40.756Z
ashby	https://jobs.ashbyhq.com/tome	1	2026-09-28T08:44:41.096Z
ashby	https://jobs.ashbyhq.com/toolsforhumanity	1	2026-09-28T08:44:41.497Z
ashby	https://jobs.ashbyhq.com/tracer	1	2026-09-28T08:44:41.936Z
ashby	https://jobs.ashbyhq.com/transform	1	2026-09-28T08:44:42.311Z
ashby	https://jobs.ashbyhq.com/treasure	1	2026-09-28T08:44:42.398Z
ashby	https://jobs.ashbyhq.com/treasuryprime	1	2026-09-28T08:44:42.739Z
ashby	https://jobs.ashbyhq.com/tronic	1	2026-09-28T08:44:43.200Z
ashby	https://jobs.ashbyhq.com/trunktools	1	2026-09-28T08:44:43.608Z
ashby	https://jobs.ashbyhq.com/truss	1	2026-09-28T08:44:43.611Z
ashby	https://jobs.ashbyhq.com/truthsystems	1	2026-09-28T08:44:44.069Z
ashby	https://jobs.ashbyhq.com/truva	1	2026-09-28T08:44:44.084Z
ashby	https://jobs.ashbyhq.com/tryprospect	1	2026-09-28T08:44:44.098Z
ashby	https://jobs.ashbyhq.com/tryvital	1	2026-09-28T08:44:44.473Z
ashby	https://jobs.ashbyhq.com/tuza	1	2026-09-28T08:44:44.505Z
ashby	https://jobs.ashbyhq.com/two-dots	1	2026-09-28T08:44:44.928Z
ashby	https://jobs.ashbyhq.com/tydo	1	2026-09-28T08:44:45.510Z
ashby	https://jobs.ashbyhq.com/typescouts	1	2026-09-28T08:44:45.507Z
ashby	https://jobs.ashbyhq.com/ulvetanna	1	2026-09-28T08:44:45.921Z
ashby	https://jobs.ashbyhq.com/unit410	1	2026-09-28T08:44:46.811Z
ashby	https://jobs.ashbyhq.com/universe-group	1	2026-09-28T08:44:46.813Z
ashby	https://jobs.ashbyhq.com/uplevel	1	2026-09-28T08:44:47.667Z
ashby	https://jobs.ashbyhq.com/useful	1	2026-09-28T08:44:48.085Z
ashby	https://jobs.ashbyhq.com/vana	1	2026-09-28T08:44:48.503Z
ashby	https://jobs.ashbyhq.com/vance	1	2026-09-28T08:44:48.551Z
ashby	https://jobs.ashbyhq.com/vantagediscovery	1	2026-09-28T08:44:48.945Z
ashby	https://jobs.ashbyhq.com/vantai	1	2026-09-28T08:44:49.389Z
ashby	https://jobs.ashbyhq.com/vaultplatform	1	2026-09-28T08:44:49.435Z
ashby	https://jobs.ashbyhq.com/vcluster	1	2026-09-28T08:44:49.442Z
ashby	https://jobs.ashbyhq.com/veev	1	2026-09-28T08:44:49.825Z
ashby	https://jobs.ashbyhq.com/veho	1	2026-09-28T08:44:49.850Z
ashby	https://jobs.ashbyhq.com/vercept	1	2026-09-28T08:44:50.227Z
ashby	https://jobs.ashbyhq.com/vessev	1	2026-09-28T08:44:51.043Z
ashby	https://jobs.ashbyhq.com/vibecode	1	2026-09-28T08:44:51.084Z
ashby	https://jobs.ashbyhq.com/vibiz	1	2026-09-28T08:44:51.070Z
ashby	https://jobs.ashbyhq.com/village-labs	1	2026-09-28T08:44:51.488Z
ashby	https://jobs.ashbyhq.com/vinci4d	1	2026-09-28T08:44:51.524Z
ashby	https://jobs.ashbyhq.com/visanahealth	1	2026-09-28T08:44:51.870Z
ashby	https://jobs.ashbyhq.com/vital	1	2026-09-28T08:44:52.263Z
ashby	https://jobs.ashbyhq.com/voker	1	2026-09-28T08:44:53.035Z
ashby	https://jobs.ashbyhq.com/volopay	1	2026-09-28T08:44:53.484Z
ashby	https://jobs.ashbyhq.com/voomi-supply	1	2026-09-28T08:44:53.556Z
ashby	https://jobs.ashbyhq.com/vote4anthony	1	2026-09-28T08:44:53.897Z
ashby	https://jobs.ashbyhq.com/vouch	1	2026-09-28T08:44:53.894Z
ashby	https://jobs.ashbyhq.com/vst	1	2026-09-28T08:44:53.982Z
ashby	https://jobs.ashbyhq.com/vultron	1	2026-09-28T08:44:54.313Z
ashby	https://jobs.ashbyhq.com/vyro	1	2026-09-28T08:44:54.341Z
ashby	https://jobs.ashbyhq.com/wand	1	2026-09-28T08:44:54.824Z
ashby	https://jobs.ashbyhq.com/wander	1	2026-09-28T08:44:54.825Z
ashby	https://jobs.ashbyhq.com/watchpoint-labs	1	2026-09-28T08:44:54.839Z
ashby	https://jobs.ashbyhq.com/waterplan	1	2026-09-28T08:44:54.841Z
ashby	https://jobs.ashbyhq.com/waveforms-ai	1	2026-09-28T08:44:55.199Z
ashby	https://jobs.ashbyhq.com/we3	1	2026-09-28T08:44:55.226Z
ashby	https://jobs.ashbyhq.com/weflow	1	2026-09-28T08:44:55.671Z
ashby	https://jobs.ashbyhq.com/wemod	1	2026-09-28T08:44:56.162Z
ashby	https://jobs.ashbyhq.com/wetransfer	1	2026-09-28T08:44:56.188Z
ashby	https://jobs.ashbyhq.com/whatnot	1	2026-09-28T08:44:56.585Z
ashby	https://jobs.ashbyhq.com/wherobots	1	2026-09-28T08:44:56.598Z
ashby	https://jobs.ashbyhq.com/willowvoice	1	2026-09-28T08:44:56.967Z
ashby	https://jobs.ashbyhq.com/windmill	1	2026-09-28T08:44:57.022Z
ashby	https://jobs.ashbyhq.com/windsurf	1	2026-09-28T08:44:57.377Z
ashby	https://jobs.ashbyhq.com/wiremock	1	2026-09-28T08:44:57.383Z
ashby	https://jobs.ashbyhq.com/wiseradvisor	1	2026-09-28T08:44:57.394Z
ashby	https://jobs.ashbyhq.com/withcherry	1	2026-09-28T08:44:57.808Z
ashby	https://jobs.ashbyhq.com/woebot-health	1	2026-09-28T08:44:58.245Z
ashby	https://jobs.ashbyhq.com/woflow	1	2026-09-28T08:44:58.251Z
ashby	https://jobs.ashbyhq.com/wokelo-ai	1	2026-09-28T08:44:58.588Z
ashby	https://jobs.ashbyhq.com/workmatelabs	1	2026-09-28T08:44:58.603Z
ashby	https://jobs.ashbyhq.com/workos-inc	1	2026-09-28T08:44:58.623Z
ashby	https://jobs.ashbyhq.com/workshop-ventures	1	2026-09-28T08:44:59.020Z
ashby	https://jobs.ashbyhq.com/workshoplabs	1	2026-09-28T08:44:59.024Z
ashby	https://jobs.ashbyhq.com/worlds	1	2026-09-28T08:44:59.425Z
ashby	https://jobs.ashbyhq.com/woven	1	2026-09-28T08:44:59.428Z
ashby	https://jobs.ashbyhq.com/xalts	1	2026-09-28T08:44:59.871Z
ashby	https://jobs.ashbyhq.com/xare	1	2026-09-28T08:44:59.894Z
ashby	https://jobs.ashbyhq.com/xelix	1	2026-09-28T08:45:00.258Z
ashby	https://jobs.ashbyhq.com/xlabs	1	2026-09-28T08:45:00.305Z
ashby	https://jobs.ashbyhq.com/xmtplabs	1	2026-09-28T08:45:00.330Z
ashby	https://jobs.ashbyhq.com/xpreso	1	2026-09-28T08:45:00.620Z
ashby	https://jobs.ashbyhq.com/yellow3d	1	2026-09-28T08:45:00.965Z
ashby	https://jobs.ashbyhq.com/yondercard	1	2026-09-28T08:45:01.092Z
ashby	https://jobs.ashbyhq.com/youdotcom	1	2026-09-28T08:45:01.386Z
ashby	https://jobs.ashbyhq.com/yupp-ai	1	2026-09-28T08:45:01.500Z
ashby	https://jobs.ashbyhq.com/yutori	1	2026-09-28T08:45:01.784Z
ashby	https://jobs.ashbyhq.com/zealy	1	2026-09-28T08:45:02.194Z
ashby	https://jobs.ashbyhq.com/zendar	1	2026-09-28T08:45:02.571Z
ashby	https://jobs.ashbyhq.com/zolplay	1	2026-09-28T08:45:03.035Z
ashby	https://jobs.ashbyhq.com/zzazz	1	2026-09-28T08:45:03.422Z
greenhouse	https://job-boards.greenhouse.io/0x	1	2026-09-28T08:10:01.811Z
greenhouse	https://job-boards.greenhouse.io/100x	1	2026-09-28T08:10:02.542Z
greenhouse	https://job-boards.greenhouse.io/1047games	1	2026-09-28T08:10:01.731Z
greenhouse	https://job-boards.greenhouse.io/10pearls	1	2026-09-28T08:10:03.422Z
greenhouse	https://job-boards.greenhouse.io/10up	1	2026-09-28T08:10:02.491Z
greenhouse	https://job-boards.greenhouse.io/10xgenomics	1	2026-09-28T08:10:02.593Z
greenhouse	https://job-boards.greenhouse.io/113134	1	2026-09-28T08:10:02.486Z
greenhouse	https://job-boards.greenhouse.io/123	1	2026-09-28T08:10:03.359Z
greenhouse	https://job-boards.greenhouse.io/174powerglobal	1	2026-09-28T08:10:03.554Z
greenhouse	https://job-boards.greenhouse.io/1848ventures	1	2026-09-28T08:10:03.615Z
greenhouse	https://job-boards.greenhouse.io/1906newhighs	1	2026-09-28T08:10:03.792Z
greenhouse	https://job-boards.greenhouse.io/21co	1	2026-09-28T08:10:04.008Z
greenhouse	https://job-boards.greenhouse.io/2seventybioinc	1	2026-09-28T08:10:05.582Z
greenhouse	https://job-boards.greenhouse.io/2uevents	1	2026-09-28T08:10:04.554Z
greenhouse	https://job-boards.greenhouse.io/350org	1	2026-09-28T08:10:04.911Z
greenhouse	https://job-boards.greenhouse.io/360campaignconsulting	1	2026-09-28T08:10:05.117Z
greenhouse	https://job-boards.greenhouse.io/3aware	1	2026-09-28T08:10:05.119Z
greenhouse	https://job-boards.greenhouse.io/3q	1	2026-09-28T08:10:06.432Z
greenhouse	https://job-boards.greenhouse.io/48f-relo	1	2026-09-28T08:10:06.667Z
greenhouse	https://job-boards.greenhouse.io/5careferrals	1	2026-09-28T08:10:08.457Z
greenhouse	https://job-boards.greenhouse.io/6b16e998554a4006a2f0f0a47869e3e2	1	2026-09-28T08:10:08.865Z
greenhouse	https://job-boards.greenhouse.io/777partners	1	2026-09-28T08:10:09.071Z
greenhouse	https://job-boards.greenhouse.io/86repairs	1	2026-09-28T08:10:09.198Z
greenhouse	https://job-boards.greenhouse.io/8rivers	1	2026-09-28T08:10:09.269Z
greenhouse	https://job-boards.greenhouse.io/98point6	1	2026-09-28T08:10:09.397Z
greenhouse	https://job-boards.greenhouse.io/a1mreferrals	1	2026-09-28T08:10:09.482Z
greenhouse	https://job-boards.greenhouse.io/a3ce416456924276a59de91bca740028	1	2026-09-28T08:10:09.800Z
greenhouse	https://job-boards.greenhouse.io/abacusgroup	1	2026-09-28T08:10:10.138Z
greenhouse	https://job-boards.greenhouse.io/abatatherapeutics	1	2026-09-28T08:10:10.434Z
greenhouse	https://job-boards.greenhouse.io/abbycare	1	2026-09-28T08:10:10.538Z
greenhouse	https://job-boards.greenhouse.io/abclabs	1	2026-09-28T08:10:10.502Z
greenhouse	https://job-boards.greenhouse.io/abetterchicago	1	2026-09-28T08:10:10.734Z
greenhouse	https://job-boards.greenhouse.io/ability	1	2026-09-28T08:10:10.743Z
greenhouse	https://job-boards.greenhouse.io/ableto	1	2026-09-28T08:10:11.079Z
greenhouse	https://job-boards.greenhouse.io/ably	1	2026-09-28T08:10:11.092Z
greenhouse	https://job-boards.greenhouse.io/abodo	1	2026-09-28T08:10:11.560Z
greenhouse	https://job-boards.greenhouse.io/abodu	1	2026-09-28T08:10:11.342Z
greenhouse	https://job-boards.greenhouse.io/aboutfresh	1	2026-09-28T08:10:11.579Z
greenhouse	https://job-boards.greenhouse.io/abovelending	1	2026-09-28T08:10:11.599Z
greenhouse	https://job-boards.greenhouse.io/abpartners	1	2026-09-28T08:10:11.659Z
greenhouse	https://job-boards.greenhouse.io/absci	1	2026-09-28T08:10:11.770Z
greenhouse	https://job-boards.greenhouse.io/abstract	1	2026-09-28T08:10:11.852Z
greenhouse	https://job-boards.greenhouse.io/accelbyte	1	2026-09-28T08:10:12.252Z
greenhouse	https://job-boards.greenhouse.io/accion	1	2026-09-28T08:10:12.415Z
greenhouse	https://job-boards.greenhouse.io/acclarity	1	2026-09-28T08:10:12.942Z
greenhouse	https://job-boards.greenhouse.io/accruenthq	1	2026-09-28T08:10:14.594Z
greenhouse	https://job-boards.greenhouse.io/accumulussynergyinc	1	2026-09-28T08:10:17.261Z
greenhouse	https://job-boards.greenhouse.io/accurx	1	2026-09-28T08:10:17.050Z
greenhouse	https://job-boards.greenhouse.io/achronixsemiconductor	1	2026-09-28T08:10:17.567Z
greenhouse	https://job-boards.greenhouse.io/aclara	1	2026-09-28T08:10:17.793Z
greenhouse	https://job-boards.greenhouse.io/acloudguru	1	2026-09-28T08:10:17.886Z
greenhouse	https://job-boards.greenhouse.io/acorns	1	2026-09-28T08:10:19.701Z
greenhouse	https://job-boards.greenhouse.io/acrerewards	1	2026-09-28T08:10:20.024Z
greenhouse	https://job-boards.greenhouse.io/acronis	1	2026-09-28T08:10:20.026Z
greenhouse	https://job-boards.greenhouse.io/actioniq	1	2026-09-28T08:10:20.208Z
greenhouse	https://job-boards.greenhouse.io/actiumhealth	1	2026-09-28T08:10:20.344Z
greenhouse	https://job-boards.greenhouse.io/activehours	1	2026-09-28T08:10:20.345Z
greenhouse	https://job-boards.greenhouse.io/acvauctions	1	2026-09-28T08:10:20.776Z
greenhouse	https://job-boards.greenhouse.io/adamosecurity	1	2026-09-28T08:10:20.991Z
greenhouse	https://job-boards.greenhouse.io/adaptive3d	1	2026-09-28T08:10:21.197Z
greenhouse	https://job-boards.greenhouse.io/adaptivewater	1	2026-09-28T08:10:21.345Z
greenhouse	https://job-boards.greenhouse.io/adept	1	2026-09-28T08:10:22.122Z
greenhouse	https://job-boards.greenhouse.io/adheretech	1	2026-09-28T08:10:22.165Z
greenhouse	https://job-boards.greenhouse.io/adhocexternal	1	2026-09-28T08:10:22.197Z
greenhouse	https://job-boards.greenhouse.io/adhocteam	1	2026-09-28T08:10:22.255Z
greenhouse	https://job-boards.greenhouse.io/adim	1	2026-09-28T08:10:22.350Z
greenhouse	https://job-boards.greenhouse.io/admarketplaceinc	1	2026-09-28T08:10:22.538Z
greenhouse	https://job-boards.greenhouse.io/adonis	1	2026-09-28T08:10:22.604Z
greenhouse	https://job-boards.greenhouse.io/adp	1	2026-09-28T08:10:22.721Z
greenhouse	https://job-boards.greenhouse.io/adpractitionersllc	1	2026-09-28T08:10:22.733Z
greenhouse	https://job-boards.greenhouse.io/adroll	1	2026-09-28T08:10:22.968Z
greenhouse	https://job-boards.greenhouse.io/aerospike	1	2026-09-28T08:10:26.012Z
greenhouse	https://job-boards.greenhouse.io/aetion	1	2026-09-28T08:10:26.084Z
greenhouse	https://job-boards.greenhouse.io/aevum	1	2026-09-28T08:10:26.478Z
greenhouse	https://job-boards.greenhouse.io/aevumdefense	1	2026-09-28T08:10:26.514Z
greenhouse	https://job-boards.greenhouse.io/affecttherapeutics	1	2026-09-28T08:10:26.912Z
greenhouse	https://job-boards.greenhouse.io/affiniatherapeutics	1	2026-09-28T08:10:26.914Z
greenhouse	https://job-boards.greenhouse.io/affinity	1	2026-09-28T08:10:27.134Z
greenhouse	https://job-boards.greenhouse.io/afterverse	1	2026-09-28T08:10:27.773Z
greenhouse	https://job-boards.greenhouse.io/afterverse31	1	2026-09-28T08:10:27.844Z
greenhouse	https://job-boards.greenhouse.io/agcbiologics	1	2026-09-28T08:10:27.968Z
greenhouse	https://job-boards.greenhouse.io/agentsync	1	2026-09-28T08:10:30.760Z
greenhouse	https://job-boards.greenhouse.io/agilesixv2	1	2026-09-28T08:10:31.597Z
greenhouse	https://job-boards.greenhouse.io/agilespaceindustries	1	2026-09-28T08:10:31.598Z
greenhouse	https://job-boards.greenhouse.io/agolo	1	2026-09-28T08:10:33.263Z
greenhouse	https://job-boards.greenhouse.io/agoralabinc	1	2026-09-28T08:10:33.950Z
greenhouse	https://job-boards.greenhouse.io/agoric	1	2026-09-28T08:10:34.144Z
greenhouse	https://job-boards.greenhouse.io/aifleet	1	2026-09-28T08:10:35.612Z
greenhouse	https://job-boards.greenhouse.io/aipalette	1	2026-09-28T08:10:35.862Z
greenhouse	https://job-boards.greenhouse.io/airbase	1	2026-09-28T08:10:36.013Z
greenhouse	https://job-boards.greenhouse.io/airbyte	1	2026-09-28T08:10:36.074Z
greenhouse	https://job-boards.greenhouse.io/aircore	1	2026-09-28T08:10:36.120Z
greenhouse	https://job-boards.greenhouse.io/airlifttechnologies	1	2026-09-28T08:10:36.348Z
greenhouse	https://job-boards.greenhouse.io/airpacairlines	1	2026-09-28T08:10:36.397Z
greenhouse	https://job-boards.greenhouse.io/airspeed	1	2026-09-28T08:10:36.600Z
greenhouse	https://job-boards.greenhouse.io/airtime	1	2026-09-28T08:10:36.801Z
greenhouse	https://job-boards.greenhouse.io/airworks	1	2026-09-28T08:10:36.983Z
greenhouse	https://job-boards.greenhouse.io/aiserajobs	1	2026-09-28T08:10:36.996Z
greenhouse	https://job-boards.greenhouse.io/akriveiatherapeutics	1	2026-09-28T08:10:37.711Z
greenhouse	https://job-boards.greenhouse.io/alby	1	2026-09-28T08:10:38.588Z
greenhouse	https://job-boards.greenhouse.io/alchemy	1	2026-09-28T08:10:38.590Z
greenhouse	https://job-boards.greenhouse.io/alcority	1	2026-09-28T08:10:38.823Z
greenhouse	https://job-boards.greenhouse.io/alexispointe	1	2026-09-28T08:10:38.901Z
greenhouse	https://job-boards.greenhouse.io/algorithmia	1	2026-09-28T08:10:39.189Z
greenhouse	https://job-boards.greenhouse.io/alignerr	1	2026-09-28T08:10:39.383Z
greenhouse	https://job-boards.greenhouse.io/alkymi	1	2026-09-28T08:10:39.537Z
greenhouse	https://job-boards.greenhouse.io/allakos	1	2026-09-28T08:10:39.767Z
greenhouse	https://job-boards.greenhouse.io/allarahealth	1	2026-09-28T08:10:39.581Z
greenhouse	https://job-boards.greenhouse.io/allbirds	1	2026-09-28T08:10:39.589Z
greenhouse	https://job-boards.greenhouse.io/allbirdsretail	1	2026-09-28T08:10:39.689Z
greenhouse	https://job-boards.greenhouse.io/allconnect	1	2026-09-28T08:10:39.820Z
greenhouse	https://job-boards.greenhouse.io/allergandatalabs	1	2026-09-28T08:10:40.006Z
greenhouse	https://job-boards.greenhouse.io/alleycorp	1	2026-09-28T08:10:40.941Z
greenhouse	https://job-boards.greenhouse.io/alliedglobalmarketing	1	2026-09-28T08:10:41.190Z
greenhouse	https://job-boards.greenhouse.io/allinternal	1	2026-09-28T08:10:41.363Z
greenhouse	https://job-boards.greenhouse.io/allscripts	1	2026-09-28T08:10:41.661Z
greenhouse	https://job-boards.greenhouse.io/alma	1	2026-09-28T08:10:41.892Z
greenhouse	https://job-boards.greenhouse.io/aloft	1	2026-09-28T08:10:42.101Z
greenhouse	https://job-boards.greenhouse.io/alpenlabs	1	2026-09-28T08:10:42.455Z
greenhouse	https://job-boards.greenhouse.io/alphahawaii	1	2026-09-28T08:10:47.022Z
greenhouse	https://job-boards.greenhouse.io/alpineinternships	1	2026-09-28T08:10:50.201Z
greenhouse	https://job-boards.greenhouse.io/alpineinvestors	1	2026-09-28T08:10:50.422Z
greenhouse	https://job-boards.greenhouse.io/alt	1	2026-09-28T08:10:50.639Z
greenhouse	https://job-boards.greenhouse.io/alteradigitalhealth	1	2026-09-28T08:10:51.216Z
greenhouse	https://job-boards.greenhouse.io/alteradigitalhealthcanada	1	2026-09-28T08:10:51.638Z
greenhouse	https://job-boards.greenhouse.io/alteradigitalhealthindia	1	2026-09-28T08:10:51.934Z
greenhouse	https://job-boards.greenhouse.io/alterahealth	1	2026-09-28T08:10:52.311Z
greenhouse	https://job-boards.greenhouse.io/alto	1	2026-09-28T08:10:53.725Z
greenhouse	https://job-boards.greenhouse.io/altoira	1	2026-09-28T08:10:53.135Z
greenhouse	https://job-boards.greenhouse.io/altovita	1	2026-09-28T08:10:53.718Z
greenhouse	https://job-boards.greenhouse.io/altpep	1	2026-09-28T08:10:53.719Z
greenhouse	https://job-boards.greenhouse.io/altro	1	2026-09-28T08:10:53.730Z
greenhouse	https://job-boards.greenhouse.io/altruistiq	1	2026-09-28T08:10:54.172Z
greenhouse	https://job-boards.greenhouse.io/amb	1	2026-09-28T08:10:55.474Z
greenhouse	https://job-boards.greenhouse.io/ambiencehealthcare	1	2026-09-28T08:10:55.683Z
greenhouse	https://job-boards.greenhouse.io/ambient	1	2026-09-28T08:10:55.708Z
greenhouse	https://job-boards.greenhouse.io/ambientai	1	2026-09-28T08:10:55.821Z
greenhouse	https://job-boards.greenhouse.io/ambiententerprises	1	2026-09-28T08:10:57.160Z
greenhouse	https://job-boards.greenhouse.io/ambit	1	2026-09-28T08:10:58.599Z
greenhouse	https://job-boards.greenhouse.io/amcrawfordinc	1	2026-09-28T08:10:57.874Z
greenhouse	https://job-boards.greenhouse.io/amedigital	1	2026-09-28T08:10:58.950Z
greenhouse	https://job-boards.greenhouse.io/amenitiz	1	2026-09-28T08:10:59.183Z
greenhouse	https://job-boards.greenhouse.io/americaneedsyou	1	2026-09-28T08:10:59.396Z
greenhouse	https://job-boards.greenhouse.io/americannational	1	2026-09-28T08:10:59.612Z
greenhouse	https://job-boards.greenhouse.io/amika	1	2026-09-28T08:10:59.714Z
greenhouse	https://job-boards.greenhouse.io/aminohealth	1	2026-09-28T08:10:59.827Z
greenhouse	https://job-boards.greenhouse.io/amitechsolutions	1	2026-09-28T08:10:59.874Z
greenhouse	https://job-boards.greenhouse.io/ampersand	1	2026-09-28T08:11:04.803Z
greenhouse	https://job-boards.greenhouse.io/ampla	1	2026-09-28T08:11:03.723Z
greenhouse	https://job-boards.greenhouse.io/amplehair	1	2026-09-28T08:11:05.435Z
greenhouse	https://job-boards.greenhouse.io/ampleinc	1	2026-09-28T08:11:03.956Z
greenhouse	https://job-boards.greenhouse.io/amra	1	2026-09-28T08:11:04.941Z
greenhouse	https://job-boards.greenhouse.io/amtrav	1	2026-09-28T08:11:05.448Z
greenhouse	https://job-boards.greenhouse.io/amun	1	2026-09-28T08:11:05.713Z
greenhouse	https://job-boards.greenhouse.io/anaconda	1	2026-09-28T08:11:05.932Z
greenhouse	https://job-boards.greenhouse.io/anchorage	1	2026-09-28T08:11:06.477Z
greenhouse	https://job-boards.greenhouse.io/andela	1	2026-09-28T08:11:14.093Z
greenhouse	https://job-boards.greenhouse.io/androstechnologies	1	2026-09-28T08:11:25.968Z
greenhouse	https://job-boards.greenhouse.io/anewclimate	1	2026-09-28T08:11:26.399Z
greenhouse	https://job-boards.greenhouse.io/angi	1	2026-09-28T08:11:26.617Z
greenhouse	https://job-boards.greenhouse.io/angusreidgroup	1	2026-09-28T08:11:27.177Z
greenhouse	https://job-boards.greenhouse.io/anilive	1	2026-09-28T08:11:27.200Z
greenhouse	https://job-boards.greenhouse.io/animallogic	1	2026-09-28T08:11:28.040Z
greenhouse	https://job-boards.greenhouse.io/animallogicglobalhybrid	1	2026-09-28T08:11:27.669Z
greenhouse	https://job-boards.greenhouse.io/animallogicsydneyhybrid	1	2026-09-28T08:11:28.038Z
greenhouse	https://job-boards.greenhouse.io/animalz	1	2026-09-28T08:11:29.043Z
greenhouse	https://job-boards.greenhouse.io/ankorstore	1	2026-09-28T08:11:29.325Z
greenhouse	https://job-boards.greenhouse.io/ankrnetwork	1	2026-09-28T08:11:29.611Z
greenhouse	https://job-boards.greenhouse.io/anomalojobs	1	2026-09-28T08:11:30.017Z
greenhouse	https://job-boards.greenhouse.io/anotherball	1	2026-09-28T08:11:30.157Z
greenhouse	https://job-boards.greenhouse.io/ans	1	2026-09-28T08:11:30.344Z
greenhouse	https://job-boards.greenhouse.io/answersnow	1	2026-09-28T08:11:31.109Z
greenhouse	https://job-boards.greenhouse.io/antimetal	1	2026-09-28T08:11:36.785Z
greenhouse	https://job-boards.greenhouse.io/antler	1	2026-09-28T08:11:36.791Z
greenhouse	https://job-boards.greenhouse.io/anz	1	2026-09-28T08:11:44.410Z
greenhouse	https://job-boards.greenhouse.io/apartmentlist	1	2026-09-28T08:11:49.472Z
greenhouse	https://job-boards.greenhouse.io/apeel	1	2026-09-28T08:11:50.452Z
greenhouse	https://job-boards.greenhouse.io/apellis	1	2026-09-28T08:11:55.558Z
greenhouse	https://job-boards.greenhouse.io/apono	1	2026-09-28T08:12:28.459Z
greenhouse	https://job-boards.greenhouse.io/appannie	1	2026-09-28T08:12:28.455Z
greenhouse	https://job-boards.greenhouse.io/appfiretechnologiesllc	1	2026-09-28T08:12:28.656Z
greenhouse	https://job-boards.greenhouse.io/appiabio	1	2026-09-28T08:12:28.874Z
greenhouse	https://job-boards.greenhouse.io/appliedintuition	1	2026-09-28T08:12:30.633Z
greenhouse	https://job-boards.greenhouse.io/applytocedar	1	2026-09-28T08:12:31.909Z
greenhouse	https://job-boards.greenhouse.io/applytonectar	1	2026-09-28T08:12:32.276Z
greenhouse	https://job-boards.greenhouse.io/applytoroadforge	1	2026-09-28T08:12:32.541Z
greenhouse	https://job-boards.greenhouse.io/appsumocareers	1	2026-09-28T08:12:34.337Z
greenhouse	https://job-boards.greenhouse.io/apr	1	2026-09-28T08:12:34.210Z
greenhouse	https://job-boards.greenhouse.io/april	1	2026-09-28T08:12:35.950Z
greenhouse	https://job-boards.greenhouse.io/aprioritechnologies	1	2026-09-28T08:12:34.731Z
greenhouse	https://job-boards.greenhouse.io/aptible	1	2026-09-28T08:12:34.644Z
greenhouse	https://job-boards.greenhouse.io/aptopayments	1	2026-09-28T08:12:34.953Z
greenhouse	https://job-boards.greenhouse.io/aptos	1	2026-09-28T08:12:34.932Z
greenhouse	https://job-boards.greenhouse.io/aptum	1	2026-09-28T08:12:35.242Z
greenhouse	https://job-boards.greenhouse.io/aputure	1	2026-09-28T08:12:35.351Z
greenhouse	https://job-boards.greenhouse.io/aquant	1	2026-09-28T08:12:35.435Z
greenhouse	https://job-boards.greenhouse.io/aradenabattlegrounds	1	2026-09-28T08:12:35.646Z
greenhouse	https://job-boards.greenhouse.io/arcadiacareers	1	2026-09-28T08:12:35.948Z
greenhouse	https://job-boards.greenhouse.io/arcdev	1	2026-09-28T08:12:36.885Z
greenhouse	https://job-boards.greenhouse.io/arcellx	1	2026-09-28T08:12:37.288Z
greenhouse	https://job-boards.greenhouse.io/archetypeentertainment	1	2026-09-28T08:12:38.514Z
greenhouse	https://job-boards.greenhouse.io/archetypesg	1	2026-09-28T08:12:38.720Z
greenhouse	https://job-boards.greenhouse.io/arcticwolfnetworks	1	2026-09-28T08:12:40.606Z
greenhouse	https://job-boards.greenhouse.io/arenaai	1	2026-09-28T08:12:43.399Z
greenhouse	https://job-boards.greenhouse.io/arenanet	1	2026-09-28T08:12:43.576Z
greenhouse	https://job-boards.greenhouse.io/argent	1	2026-09-28T08:12:43.770Z
greenhouse	https://job-boards.greenhouse.io/argo	1	2026-09-28T08:12:43.893Z
greenhouse	https://job-boards.greenhouse.io/argo83	1	2026-09-28T08:12:43.965Z
greenhouse	https://job-boards.greenhouse.io/argyle	1	2026-09-28T08:12:44.085Z
greenhouse	https://job-boards.greenhouse.io/ariacarepartners	1	2026-09-28T08:12:44.158Z
greenhouse	https://job-boards.greenhouse.io/ariel	1	2026-09-28T08:12:44.284Z
greenhouse	https://job-boards.greenhouse.io/arine	1	2026-09-28T08:12:44.475Z
greenhouse	https://job-boards.greenhouse.io/arise	1	2026-09-28T08:12:45.098Z
greenhouse	https://job-boards.greenhouse.io/arkansascenterfordatasciences	1	2026-09-28T08:12:45.423Z
greenhouse	https://job-boards.greenhouse.io/arkesystems	1	2026-09-28T08:12:45.602Z
greenhouse	https://job-boards.greenhouse.io/armracolostrum	1	2026-09-28T08:12:46.744Z
greenhouse	https://job-boards.greenhouse.io/around	1	2026-09-28T08:12:46.841Z
greenhouse	https://job-boards.greenhouse.io/arrantabiocareers	1	2026-09-28T08:12:46.935Z
greenhouse	https://job-boards.greenhouse.io/artefacteudatajobs	1	2026-09-28T08:12:47.489Z
greenhouse	https://job-boards.greenhouse.io/artefactus	1	2026-09-28T08:12:47.647Z
greenhouse	https://job-boards.greenhouse.io/articulate	1	2026-09-28T08:12:47.878Z
greenhouse	https://job-boards.greenhouse.io/artivest	1	2026-09-28T08:12:48.076Z
greenhouse	https://job-boards.greenhouse.io/artlogic	1	2026-09-28T08:12:48.180Z
greenhouse	https://job-boards.greenhouse.io/artsy	1	2026-09-28T08:12:48.271Z
greenhouse	https://job-boards.greenhouse.io/arzeda	1	2026-09-28T08:12:48.476Z
greenhouse	https://job-boards.greenhouse.io/as	1	2026-09-28T08:12:48.626Z
greenhouse	https://job-boards.greenhouse.io/ascendanalytics	1	2026-09-28T08:12:48.950Z
greenhouse	https://job-boards.greenhouse.io/ascertain	1	2026-09-28T08:12:49.768Z
greenhouse	https://job-boards.greenhouse.io/askmediagroup	1	2026-09-28T08:12:50.400Z
greenhouse	https://job-boards.greenhouse.io/asknicely	1	2026-09-28T08:12:50.409Z
greenhouse	https://job-boards.greenhouse.io/aspinity	1	2026-09-28T08:12:50.519Z
greenhouse	https://job-boards.greenhouse.io/aspire	1	2026-09-28T08:12:50.590Z
greenhouse	https://job-boards.greenhouse.io/aspireio	1	2026-09-28T08:12:50.917Z
greenhouse	https://job-boards.greenhouse.io/aspireiq	1	2026-09-28T08:12:50.782Z
greenhouse	https://job-boards.greenhouse.io/assembled	1	2026-09-28T08:12:51.568Z
greenhouse	https://job-boards.greenhouse.io/assemblyairemote	1	2026-09-28T08:12:50.991Z
greenhouse	https://job-boards.greenhouse.io/assemblyhq	1	2026-09-28T08:12:51.500Z
greenhouse	https://job-boards.greenhouse.io/assemblyosminc	1	2026-09-28T08:12:51.693Z
greenhouse	https://job-boards.greenhouse.io/assurna	1	2026-09-28T08:12:52.997Z
greenhouse	https://job-boards.greenhouse.io/astria	1	2026-09-28T08:12:53.246Z
greenhouse	https://job-boards.greenhouse.io/astrica	1	2026-09-28T08:12:53.953Z
greenhouse	https://job-boards.greenhouse.io/astropay	1	2026-09-28T08:12:53.278Z
greenhouse	https://job-boards.greenhouse.io/atai	1	2026-09-28T08:12:53.473Z
greenhouse	https://job-boards.greenhouse.io/ataiwebsite	1	2026-09-28T08:12:54.109Z
greenhouse	https://job-boards.greenhouse.io/athenaeducation	1	2026-09-28T08:12:55.597Z
greenhouse	https://job-boards.greenhouse.io/atlanticcouncil	1	2026-09-28T08:12:55.956Z
greenhouse	https://job-boards.greenhouse.io/atlasnavigatorsllc	1	2026-09-28T08:12:56.009Z
greenhouse	https://job-boards.greenhouse.io/atmoslabs	1	2026-09-28T08:12:56.206Z
greenhouse	https://job-boards.greenhouse.io/atome	1	2026-09-28T08:12:56.847Z
greenhouse	https://job-boards.greenhouse.io/atomicvest	1	2026-09-28T08:12:56.963Z
greenhouse	https://job-boards.greenhouse.io/atomicwork	1	2026-09-28T08:12:57.009Z
greenhouse	https://job-boards.greenhouse.io/atomosspace	1	2026-09-28T08:12:57.044Z
greenhouse	https://job-boards.greenhouse.io/atompower	1	2026-09-28T08:12:57.092Z
greenhouse	https://job-boards.greenhouse.io/atomwise	1	2026-09-28T08:12:57.161Z
greenhouse	https://job-boards.greenhouse.io/atticus	1	2026-09-28T08:12:57.854Z
greenhouse	https://job-boards.greenhouse.io/attune	1	2026-09-28T08:12:58.402Z
greenhouse	https://job-boards.greenhouse.io/audicus	1	2026-09-28T08:12:59.468Z
greenhouse	https://job-boards.greenhouse.io/audigent	1	2026-09-28T08:12:59.649Z
greenhouse	https://job-boards.greenhouse.io/aurorainnovation	1	2026-09-28T08:13:00.365Z
greenhouse	https://job-boards.greenhouse.io/aurorasustainablelands	1	2026-09-28T08:13:00.363Z
greenhouse	https://job-boards.greenhouse.io/authorhealth	1	2026-09-28T08:13:00.928Z
greenhouse	https://job-boards.greenhouse.io/autograph	1	2026-09-28T08:13:01.123Z
greenhouse	https://job-boards.greenhouse.io/automatainc	1	2026-09-28T08:13:01.328Z
greenhouse	https://job-boards.greenhouse.io/automatic	1	2026-09-28T08:13:01.337Z
greenhouse	https://job-boards.greenhouse.io/automatticdesign	1	2026-09-28T08:13:01.415Z
greenhouse	https://job-boards.greenhouse.io/automatticmarketing	1	2026-09-28T08:13:01.551Z
greenhouse	https://job-boards.greenhouse.io/automatticremotive	1	2026-09-28T08:13:01.622Z
greenhouse	https://job-boards.greenhouse.io/autox	1	2026-09-28T08:13:02.888Z
greenhouse	https://job-boards.greenhouse.io/avalabs	1	2026-09-28T08:13:03.689Z
greenhouse	https://job-boards.greenhouse.io/avalabsecosystem	1	2026-09-28T08:13:03.127Z
greenhouse	https://job-boards.greenhouse.io/avalanchefoundation	1	2026-09-28T08:13:03.560Z
greenhouse	https://job-boards.greenhouse.io/avantstay	1	2026-09-28T08:13:04.850Z
greenhouse	https://job-boards.greenhouse.io/avaxambassador	1	2026-09-28T08:13:04.242Z
greenhouse	https://job-boards.greenhouse.io/avea	1	2026-09-28T08:13:04.270Z
greenhouse	https://job-boards.greenhouse.io/avelaeducation	1	2026-09-28T08:13:04.445Z
greenhouse	https://job-boards.greenhouse.io/avenueone	1	2026-09-28T08:13:04.497Z
greenhouse	https://job-boards.greenhouse.io/avitapropertymanagement	1	2026-09-28T08:13:09.355Z
greenhouse	https://job-boards.greenhouse.io/awarehealthcare	1	2026-09-28T08:13:10.258Z
greenhouse	https://job-boards.greenhouse.io/away	1	2026-09-28T08:13:10.436Z
greenhouse	https://job-boards.greenhouse.io/axiomquant	1	2026-09-28T08:13:10.891Z
greenhouse	https://job-boards.greenhouse.io/axioshq1	1	2026-09-28T08:13:10.919Z
greenhouse	https://job-boards.greenhouse.io/axisapp	1	2026-09-28T08:13:10.995Z
greenhouse	https://job-boards.greenhouse.io/axissecurity	1	2026-09-28T08:13:11.140Z
greenhouse	https://job-boards.greenhouse.io/ayun	1	2026-09-28T08:13:13.754Z
greenhouse	https://job-boards.greenhouse.io/azenia	1	2026-09-28T08:13:13.781Z
greenhouse	https://job-boards.greenhouse.io/aztec	1	2026-09-28T08:13:14.492Z
greenhouse	https://job-boards.greenhouse.io/aztecgroup	1	2026-09-28T08:13:14.192Z
greenhouse	https://job-boards.greenhouse.io/azumo	1	2026-09-28T08:13:14.194Z
greenhouse	https://job-boards.greenhouse.io/babbel	1	2026-09-28T08:13:14.687Z
greenhouse	https://job-boards.greenhouse.io/backbase	1	2026-09-28T08:13:14.881Z
greenhouse	https://job-boards.greenhouse.io/backlight	1	2026-09-28T08:13:15.083Z
greenhouse	https://job-boards.greenhouse.io/baincapitalventures	1	2026-09-28T08:13:15.200Z
greenhouse	https://job-boards.greenhouse.io/ballotready	1	2026-09-28T08:13:15.285Z
greenhouse	https://job-boards.greenhouse.io/balto	1	2026-09-28T08:13:15.390Z
greenhouse	https://job-boards.greenhouse.io/bam	1	2026-09-28T08:13:15.386Z
greenhouse	https://job-boards.greenhouse.io/banyansecurity	1	2026-09-28T08:13:15.959Z
greenhouse	https://job-boards.greenhouse.io/bardelentertainment	1	2026-09-28T08:13:16.312Z
greenhouse	https://job-boards.greenhouse.io/barinthusbiotherapeutics	1	2026-09-28T08:13:16.457Z
greenhouse	https://job-boards.greenhouse.io/barkley	1	2026-09-28T08:13:16.565Z
greenhouse	https://job-boards.greenhouse.io/basehq	1	2026-09-28T08:13:16.789Z
greenhouse	https://job-boards.greenhouse.io/basepowercompany	1	2026-09-28T08:13:16.896Z
greenhouse	https://job-boards.greenhouse.io/batonhealth	1	2026-09-28T08:13:17.198Z
greenhouse	https://job-boards.greenhouse.io/baymeadows	1	2026-09-28T08:13:17.545Z
greenhouse	https://job-boards.greenhouse.io/bcgdv	1	2026-09-28T08:13:18.231Z
greenhouse	https://job-boards.greenhouse.io/bcgdvalumnireferrals	1	2026-09-28T08:13:18.235Z
greenhouse	https://job-boards.greenhouse.io/beaconsoftware	1	2026-09-28T08:13:18.719Z
greenhouse	https://job-boards.greenhouse.io/beam83	1	2026-09-28T08:13:19.615Z
greenhouse	https://job-boards.greenhouse.io/beamery	1	2026-09-28T08:13:19.622Z
greenhouse	https://job-boards.greenhouse.io/beatboxbeveragesllc	1	2026-09-28T08:13:20.088Z
greenhouse	https://job-boards.greenhouse.io/beauhurst	1	2026-09-28T08:13:20.248Z
greenhouse	https://job-boards.greenhouse.io/beautycounter	1	2026-09-28T08:13:20.286Z
greenhouse	https://job-boards.greenhouse.io/beautypie	1	2026-09-28T08:13:20.760Z
greenhouse	https://job-boards.greenhouse.io/bedrockrobotics	1	2026-09-28T08:13:20.483Z
greenhouse	https://job-boards.greenhouse.io/beekeeper	1	2026-09-28T08:13:20.912Z
greenhouse	https://job-boards.greenhouse.io/beeshiringday	1	2026-09-28T08:13:20.987Z
greenhouse	https://job-boards.greenhouse.io/beeswax	1	2026-09-28T08:13:21.310Z
greenhouse	https://job-boards.greenhouse.io/beewise	1	2026-09-28T08:13:21.370Z
greenhouse	https://job-boards.greenhouse.io/belharratherapeutics	1	2026-09-28T08:13:21.731Z
greenhouse	https://job-boards.greenhouse.io/belonghome	1	2026-09-28T08:13:23.489Z
greenhouse	https://job-boards.greenhouse.io/benchling	1	2026-09-28T08:13:23.482Z
greenhouse	https://job-boards.greenhouse.io/benepass	1	2026-09-28T08:13:23.997Z
greenhouse	https://job-boards.greenhouse.io/benevity	1	2026-09-28T08:13:23.995Z
greenhouse	https://job-boards.greenhouse.io/bensonhillinc	1	2026-09-28T08:13:24.203Z
greenhouse	https://job-boards.greenhouse.io/berkadia	1	2026-09-28T08:13:24.206Z
greenhouse	https://job-boards.greenhouse.io/bernie2020	1	2026-09-28T08:13:25.818Z
greenhouse	https://job-boards.greenhouse.io/bessemerventurepartnersfellows	1	2026-09-28T08:13:26.605Z
greenhouse	https://job-boards.greenhouse.io/better	1	2026-09-28T08:13:26.927Z
greenhouse	https://job-boards.greenhouse.io/bettercloud	1	2026-09-28T08:13:27.328Z
greenhouse	https://job-boards.greenhouse.io/betterhealth	1	2026-09-28T08:13:27.192Z
greenhouse	https://job-boards.greenhouse.io/betterindia	1	2026-09-28T08:13:27.528Z
greenhouse	https://job-boards.greenhouse.io/bettersleep	1	2026-09-28T08:13:27.790Z
greenhouse	https://job-boards.greenhouse.io/betterup	1	2026-09-28T08:13:27.836Z
greenhouse	https://job-boards.greenhouse.io/bettervet	1	2026-09-28T08:13:27.942Z
greenhouse	https://job-boards.greenhouse.io/betterworks	1	2026-09-28T08:13:28.003Z
greenhouse	https://job-boards.greenhouse.io/bevy	1	2026-09-28T08:13:28.611Z
greenhouse	https://job-boards.greenhouse.io/beyondidcareers	1	2026-09-28T08:13:28.898Z
greenhouse	https://job-boards.greenhouse.io/beyondidtalentcommunity	1	2026-09-28T08:13:29.479Z
greenhouse	https://job-boards.greenhouse.io/bfmateship	1	2026-09-28T08:13:31.399Z
greenhouse	https://job-boards.greenhouse.io/bgbgroup	1	2026-09-28T08:13:31.428Z
greenhouse	https://job-boards.greenhouse.io/bhub	1	2026-09-28T08:13:31.815Z
greenhouse	https://job-boards.greenhouse.io/bigbluemarbleacademy	1	2026-09-28T08:13:32.016Z
greenhouse	https://job-boards.greenhouse.io/bigcommerce	1	2026-09-28T08:13:32.063Z
greenhouse	https://job-boards.greenhouse.io/billfront	1	2026-09-28T08:13:33.830Z
greenhouse	https://job-boards.greenhouse.io/billie	1	2026-09-28T08:13:33.816Z
greenhouse	https://job-boards.greenhouse.io/biltrewards	1	2026-09-28T08:13:37.964Z
greenhouse	https://job-boards.greenhouse.io/binanceus	1	2026-09-28T08:13:38.172Z
greenhouse	https://job-boards.greenhouse.io/biocaremedical	1	2026-09-28T08:13:38.294Z
greenhouse	https://job-boards.greenhouse.io/biograph	1	2026-09-28T08:13:38.622Z
greenhouse	https://job-boards.greenhouse.io/bioptimizers	1	2026-09-28T08:13:39.580Z
greenhouse	https://job-boards.greenhouse.io/bioptimus	1	2026-09-28T08:13:39.118Z
greenhouse	https://job-boards.greenhouse.io/bioskryb	1	2026-09-28T08:13:39.391Z
greenhouse	https://job-boards.greenhouse.io/biospanjobs	1	2026-09-28T08:13:39.591Z
greenhouse	https://job-boards.greenhouse.io/bitcoincom	1	2026-09-28T08:13:40.845Z
greenhouse	https://job-boards.greenhouse.io/bitfarms	1	2026-09-28T08:13:40.931Z
greenhouse	https://job-boards.greenhouse.io/bitfury	1	2026-09-28T08:13:41.082Z
greenhouse	https://job-boards.greenhouse.io/bitly	1	2026-09-28T08:13:41.126Z
greenhouse	https://job-boards.greenhouse.io/bitly46	1	2026-09-28T08:13:41.237Z
greenhouse	https://job-boards.greenhouse.io/bitsight	1	2026-09-28T08:13:43.184Z
greenhouse	https://job-boards.greenhouse.io/bitso	1	2026-09-28T08:13:42.859Z
greenhouse	https://job-boards.greenhouse.io/bittrex	1	2026-09-28T08:13:43.109Z
greenhouse	https://job-boards.greenhouse.io/bjss	1	2026-09-28T08:13:43.981Z
greenhouse	https://job-boards.greenhouse.io/bkcareers	1	2026-09-28T08:13:43.980Z
greenhouse	https://job-boards.greenhouse.io/blackbill	1	2026-09-28T08:13:46.394Z
greenhouse	https://job-boards.greenhouse.io/blackbird	1	2026-09-28T08:13:46.395Z
greenhouse	https://job-boards.greenhouse.io/blackforestlabs	1	2026-09-28T08:13:48.130Z
greenhouse	https://job-boards.greenhouse.io/blackswan	1	2026-09-28T08:13:49.408Z
greenhouse	https://job-boards.greenhouse.io/blade	1	2026-09-28T08:13:49.291Z
greenhouse	https://job-boards.greenhouse.io/bleach	1	2026-09-28T08:13:49.849Z
greenhouse	https://job-boards.greenhouse.io/blisspointmedia	1	2026-09-28T08:13:50.664Z
greenhouse	https://job-boards.greenhouse.io/blisspointmediatinuiti	1	2026-09-28T08:13:50.812Z
greenhouse	https://job-boards.greenhouse.io/blitzapp	1	2026-09-28T08:13:50.856Z
greenhouse	https://job-boards.greenhouse.io/blockdaemon	1	2026-09-28T08:13:51.015Z
greenhouse	https://job-boards.greenhouse.io/blockfi	1	2026-09-28T08:13:51.052Z
greenhouse	https://job-boards.greenhouse.io/blockstream	1	2026-09-28T08:13:51.281Z
greenhouse	https://job-boards.greenhouse.io/blocpower	1	2026-09-28T08:13:51.476Z
greenhouse	https://job-boards.greenhouse.io/blog	1	2026-09-28T08:13:51.490Z
greenhouse	https://job-boards.greenhouse.io/blokparty	1	2026-09-28T08:13:51.722Z
greenhouse	https://job-boards.greenhouse.io/bloombergassociates	1	2026-09-28T08:13:51.898Z
greenhouse	https://job-boards.greenhouse.io/blowfish	1	2026-09-28T08:13:51.980Z
greenhouse	https://job-boards.greenhouse.io/blueapron	1	2026-09-28T08:13:52.931Z
greenhouse	https://job-boards.greenhouse.io/bluebeam	1	2026-09-28T08:13:52.939Z
greenhouse	https://job-boards.greenhouse.io/bluebirdbioinc	1	2026-09-28T08:13:52.938Z
greenhouse	https://job-boards.greenhouse.io/bluecoreinc	1	2026-09-28T08:13:53.212Z
greenhouse	https://job-boards.greenhouse.io/bluegranite	1	2026-09-28T08:13:53.617Z
greenhouse	https://job-boards.greenhouse.io/blueground	1	2026-09-28T08:13:53.680Z
greenhouse	https://job-boards.greenhouse.io/blueoriginllc	1	2026-09-28T08:13:53.877Z
greenhouse	https://job-boards.greenhouse.io/bluevine	1	2026-09-28T08:13:54.625Z
greenhouse	https://job-boards.greenhouse.io/bmf	1	2026-09-28T08:13:55.032Z
greenhouse	https://job-boards.greenhouse.io/boardable	1	2026-09-28T08:13:55.209Z
greenhouse	https://job-boards.greenhouse.io/boatwright	1	2026-09-28T08:13:55.225Z
greenhouse	https://job-boards.greenhouse.io/bobsledinc	1	2026-09-28T08:13:55.244Z
greenhouse	https://job-boards.greenhouse.io/boldbusiness	1	2026-09-28T08:13:55.440Z
greenhouse	https://job-boards.greenhouse.io/bolt	1	2026-09-28T08:13:55.637Z
greenhouse	https://job-boards.greenhouse.io/bolt42	1	2026-09-28T08:13:55.663Z
greenhouse	https://job-boards.greenhouse.io/bombfell	1	2026-09-28T08:13:55.782Z
greenhouse	https://job-boards.greenhouse.io/bondbrothersinc	1	2026-09-28T08:13:55.830Z
greenhouse	https://job-boards.greenhouse.io/bondfinancialtechnologies	1	2026-09-28T08:13:55.837Z
greenhouse	https://job-boards.greenhouse.io/bonobos	1	2026-09-28T08:13:56.156Z
greenhouse	https://job-boards.greenhouse.io/booker	1	2026-09-28T08:13:56.170Z
greenhouse	https://job-boards.greenhouse.io/boomsupersonic	1	2026-09-28T08:13:56.530Z
greenhouse	https://job-boards.greenhouse.io/boostinc	1	2026-09-28T08:13:56.547Z
greenhouse	https://job-boards.greenhouse.io/boostinsurance	1	2026-09-28T08:13:56.562Z
greenhouse	https://job-boards.greenhouse.io/bootcampinstructionalengagement	1	2026-09-28T08:13:56.635Z
greenhouse	https://job-boards.greenhouse.io/bosonprotocol	1	2026-09-28T08:13:56.744Z
greenhouse	https://job-boards.greenhouse.io/boundlessimmigration	1	2026-09-28T08:13:57.043Z
greenhouse	https://job-boards.greenhouse.io/boxedwholesale	1	2026-09-28T08:13:57.158Z
greenhouse	https://job-boards.greenhouse.io/braingu	1	2026-09-28T08:13:58.119Z
greenhouse	https://job-boards.greenhouse.io/brainly	1	2026-09-28T08:13:58.204Z
greenhouse	https://job-boards.greenhouse.io/braintechnologies	1	2026-09-28T08:13:58.665Z
greenhouse	https://job-boards.greenhouse.io/braintree	1	2026-09-28T08:13:58.667Z
greenhouse	https://job-boards.greenhouse.io/braintrust	1	2026-09-28T08:13:58.709Z
greenhouse	https://job-boards.greenhouse.io/branch32	1	2026-09-28T08:13:58.862Z
greenhouse	https://job-boards.greenhouse.io/brandless	1	2026-09-28T08:13:59.138Z
greenhouse	https://job-boards.greenhouse.io/bravehealth	1	2026-09-28T08:14:01.063Z
greenhouse	https://job-boards.greenhouse.io/breakthroughenergy38	1	2026-09-28T08:14:01.315Z
greenhouse	https://job-boards.greenhouse.io/bridgekesandbox	1	2026-09-28T08:14:03.195Z
greenhouse	https://job-boards.greenhouse.io/bridgengsandbox	1	2026-09-28T08:14:03.204Z
greenhouse	https://job-boards.greenhouse.io/brightcove	1	2026-09-28T08:14:03.651Z
greenhouse	https://job-boards.greenhouse.io/brightflag	1	2026-09-28T08:14:03.867Z
greenhouse	https://job-boards.greenhouse.io/brighthealthgroup	1	2026-09-28T08:14:04.028Z
greenhouse	https://job-boards.greenhouse.io/brightinsight	1	2026-09-28T08:14:04.073Z
greenhouse	https://job-boards.greenhouse.io/broadvoice	1	2026-09-28T08:14:04.760Z
greenhouse	https://job-boards.greenhouse.io/brookfieldproperties	1	2026-09-28T08:14:05.288Z
greenhouse	https://job-boards.greenhouse.io/brooklinen	1	2026-09-28T08:14:05.503Z
greenhouse	https://job-boards.greenhouse.io/bsr	1	2026-09-28T08:14:05.976Z
greenhouse	https://job-boards.greenhouse.io/btqfinancial	1	2026-09-28T08:14:06.582Z
greenhouse	https://job-boards.greenhouse.io/btsecondaryboard	1	2026-09-28T08:14:06.662Z
greenhouse	https://job-boards.greenhouse.io/bubble	1	2026-09-28T08:14:06.700Z
greenhouse	https://job-boards.greenhouse.io/buck	1	2026-09-28T08:14:06.777Z
greenhouse	https://job-boards.greenhouse.io/buildarocketboy	1	2026-09-28T08:14:06.961Z
greenhouse	https://job-boards.greenhouse.io/buildingindustrypartners	1	2026-09-28T08:14:07.167Z
greenhouse	https://job-boards.greenhouse.io/buildout	1	2026-09-28T08:14:07.365Z
greenhouse	https://job-boards.greenhouse.io/buildxact	1	2026-09-28T08:14:07.493Z
greenhouse	https://job-boards.greenhouse.io/bulletfarm	1	2026-09-28T08:14:08.083Z
greenhouse	https://job-boards.greenhouse.io/bumble	1	2026-09-28T08:14:07.688Z
greenhouse	https://job-boards.greenhouse.io/bursonglobal	1	2026-09-28T08:14:08.288Z
greenhouse	https://job-boards.greenhouse.io/butlr	1	2026-09-28T08:14:08.778Z
greenhouse	https://job-boards.greenhouse.io/buyersedgeplatformrecruiting	1	2026-09-28T08:14:09.156Z
greenhouse	https://job-boards.greenhouse.io/buzzrx	1	2026-09-28T08:14:09.197Z
greenhouse	https://job-boards.greenhouse.io/bva	1	2026-09-28T08:14:09.662Z
greenhouse	https://job-boards.greenhouse.io/byheart	1	2026-09-28T08:14:09.983Z
greenhouse	https://job-boards.greenhouse.io/bynderjobs	1	2026-09-28T08:14:10.017Z
greenhouse	https://job-boards.greenhouse.io/byrd	1	2026-09-28T08:14:10.075Z
greenhouse	https://job-boards.greenhouse.io/cabinethealth	1	2026-09-28T08:14:11.450Z
greenhouse	https://job-boards.greenhouse.io/cadencesolutions	1	2026-09-28T08:14:11.618Z
greenhouse	https://job-boards.greenhouse.io/caffeine	1	2026-09-28T08:14:11.941Z
greenhouse	https://job-boards.greenhouse.io/cajalneuro	1	2026-09-28T08:14:12.551Z
greenhouse	https://job-boards.greenhouse.io/cakedefi	1	2026-09-28T08:14:12.655Z
greenhouse	https://job-boards.greenhouse.io/calibrate	1	2026-09-28T08:14:13.365Z
greenhouse	https://job-boards.greenhouse.io/calibratecareers	1	2026-09-28T08:14:13.562Z
greenhouse	https://job-boards.greenhouse.io/caliva	1	2026-09-28T08:14:13.833Z
greenhouse	https://job-boards.greenhouse.io/callibrity	1	2026-09-28T08:14:13.961Z
greenhouse	https://job-boards.greenhouse.io/calvettifergusonexperiencedprofessionals	1	2026-09-28T08:14:14.153Z
greenhouse	https://job-boards.greenhouse.io/calvettifergusoninternships	1	2026-09-28T08:14:14.242Z
greenhouse	https://job-boards.greenhouse.io/cambridgecourt	1	2026-09-28T08:14:14.434Z
greenhouse	https://job-boards.greenhouse.io/caminofinancial	1	2026-09-28T08:14:14.830Z
greenhouse	https://job-boards.greenhouse.io/campusedu	1	2026-09-28T08:14:15.455Z
greenhouse	https://job-boards.greenhouse.io/campusopportunities	1	2026-09-28T08:14:15.570Z
greenhouse	https://job-boards.greenhouse.io/campuswayfair	1	2026-09-28T08:14:15.465Z
greenhouse	https://job-boards.greenhouse.io/camundaservices	1	2026-09-28T08:14:15.650Z
greenhouse	https://job-boards.greenhouse.io/canary	1	2026-09-28T08:14:15.654Z
greenhouse	https://job-boards.greenhouse.io/candex	1	2026-09-28T08:14:15.793Z
greenhouse	https://job-boards.greenhouse.io/candy	1	2026-09-28T08:14:16.207Z
greenhouse	https://job-boards.greenhouse.io/cannalysislabs	1	2026-09-28T08:14:16.360Z
greenhouse	https://job-boards.greenhouse.io/canonicaljobs	1	2026-09-28T08:14:16.688Z
greenhouse	https://job-boards.greenhouse.io/canvas	1	2026-09-28T08:14:17.527Z
greenhouse	https://job-boards.greenhouse.io/canvasconstruction	1	2026-09-28T08:14:18.805Z
greenhouse	https://job-boards.greenhouse.io/capitalize	1	2026-09-28T08:14:21.119Z
greenhouse	https://job-boards.greenhouse.io/capitalrx	1	2026-09-28T08:14:21.303Z
greenhouse	https://job-boards.greenhouse.io/capraconsulting	1	2026-09-28T08:14:22.065Z
greenhouse	https://job-boards.greenhouse.io/capstack	1	2026-09-28T08:14:21.786Z
greenhouse	https://job-boards.greenhouse.io/capstonedc	1	2026-09-28T08:14:22.029Z
greenhouse	https://job-boards.greenhouse.io/capsulecares	1	2026-09-28T08:14:22.613Z
greenhouse	https://job-boards.greenhouse.io/carbonbuiltemployment	1	2026-09-28T08:14:27.689Z
greenhouse	https://job-boards.greenhouse.io/cardflight	1	2026-09-28T08:14:28.750Z
greenhouse	https://job-boards.greenhouse.io/cardinalcommerce	1	2026-09-28T08:14:28.935Z
greenhouse	https://job-boards.greenhouse.io/cardinalpoint	1	2026-09-28T08:14:28.963Z
greenhouse	https://job-boards.greenhouse.io/cardioone	1	2026-09-28T08:14:29.142Z
greenhouse	https://job-boards.greenhouse.io/cardlytics	1	2026-09-28T08:14:29.521Z
greenhouse	https://job-boards.greenhouse.io/carebridgehealth	1	2026-09-28T08:14:29.339Z
greenhouse	https://job-boards.greenhouse.io/carecom	1	2026-09-28T08:14:29.534Z
greenhouse	https://job-boards.greenhouse.io/careersatpeakenergy	1	2026-09-28T08:14:29.926Z
greenhouse	https://job-boards.greenhouse.io/careersatwonder	1	2026-09-28T08:14:29.935Z
greenhouse	https://job-boards.greenhouse.io/careof	1	2026-09-28T08:14:30.570Z
greenhouse	https://job-boards.greenhouse.io/carerev	1	2026-09-28T08:14:31.050Z
greenhouse	https://job-boards.greenhouse.io/carewell	1	2026-09-28T08:14:31.052Z
greenhouse	https://job-boards.greenhouse.io/carmera	1	2026-09-28T08:14:32.400Z
greenhouse	https://job-boards.greenhouse.io/carnegiescience	1	2026-09-28T08:14:32.479Z
greenhouse	https://job-boards.greenhouse.io/carrumhealth	1	2026-09-28T08:14:32.842Z
greenhouse	https://job-boards.greenhouse.io/carsandbids	1	2026-09-28T08:14:33.028Z
greenhouse	https://job-boards.greenhouse.io/carsdotcom	1	2026-09-28T08:14:33.030Z
greenhouse	https://job-boards.greenhouse.io/cartodb	1	2026-09-28T08:14:33.231Z
greenhouse	https://job-boards.greenhouse.io/cartwheelcare	1	2026-09-28T08:14:33.229Z
greenhouse	https://job-boards.greenhouse.io/carveyourownpath	1	2026-09-28T08:14:35.570Z
greenhouse	https://job-boards.greenhouse.io/cascadedatalabs	1	2026-09-28T08:14:35.775Z
greenhouse	https://job-boards.greenhouse.io/casetext	1	2026-09-28T08:14:43.705Z
greenhouse	https://job-boards.greenhouse.io/casper	1	2026-09-28T08:14:46.044Z
greenhouse	https://job-boards.greenhouse.io/casperretail	1	2026-09-28T08:14:46.361Z
greenhouse	https://job-boards.greenhouse.io/catalyst10	1	2026-09-28T08:14:46.694Z
greenhouse	https://job-boards.greenhouse.io/catchafire	1	2026-09-28T08:14:47.335Z
greenhouse	https://job-boards.greenhouse.io/catchco	1	2026-09-28T08:14:53.083Z
greenhouse	https://job-boards.greenhouse.io/catenaclearing	1	2026-09-28T08:15:01.558Z
greenhouse	https://job-boards.greenhouse.io/catenamedia	1	2026-09-28T08:15:02.343Z
greenhouse	https://job-boards.greenhouse.io/cathexis	1	2026-09-28T08:15:03.032Z
greenhouse	https://job-boards.greenhouse.io/catperson	1	2026-09-28T08:15:03.577Z
greenhouse	https://job-boards.greenhouse.io/cazoo	1	2026-09-28T08:15:06.741Z
greenhouse	https://job-boards.greenhouse.io/cbcivil	1	2026-09-28T08:15:07.227Z
greenhouse	https://job-boards.greenhouse.io/cbeyondata	1	2026-09-28T08:15:08.401Z
greenhouse	https://job-boards.greenhouse.io/cbreferral	1	2026-09-28T08:15:08.577Z
greenhouse	https://job-boards.greenhouse.io/ccpublicboard	1	2026-09-28T08:15:09.228Z
greenhouse	https://job-boards.greenhouse.io/ccscareers	1	2026-09-28T08:15:09.417Z
greenhouse	https://job-boards.greenhouse.io/cdataindia	1	2026-09-28T08:15:10.089Z
greenhouse	https://job-boards.greenhouse.io/cdpjobs	1	2026-09-28T08:15:15.650Z
greenhouse	https://job-boards.greenhouse.io/celestialai	1	2026-09-28T08:15:16.270Z
greenhouse	https://job-boards.greenhouse.io/celofoundation	1	2026-09-28T08:15:20.019Z
greenhouse	https://job-boards.greenhouse.io/censia	1	2026-09-28T08:15:20.378Z
greenhouse	https://job-boards.greenhouse.io/centerforhumancompatibleartificialintelligence	1	2026-09-28T08:15:21.906Z
greenhouse	https://job-boards.greenhouse.io/centerforreproductiverights	1	2026-09-28T08:15:21.916Z
greenhouse	https://job-boards.greenhouse.io/cerebral	1	2026-09-28T08:15:23.052Z
greenhouse	https://job-boards.greenhouse.io/cerebralgoogle	1	2026-09-28T08:15:23.106Z
greenhouse	https://job-boards.greenhouse.io/cerebrassystems	1	2026-09-28T08:15:23.412Z
greenhouse	https://job-boards.greenhouse.io/cetraruddy	1	2026-09-28T08:15:23.601Z
greenhouse	https://job-boards.greenhouse.io/cfoalliance	1	2026-09-28T08:15:23.631Z
greenhouse	https://job-boards.greenhouse.io/chai	1	2026-09-28T08:15:23.822Z
greenhouse	https://job-boards.greenhouse.io/chainalysis	1	2026-09-28T08:15:23.824Z
greenhouse	https://job-boards.greenhouse.io/chainsafesystems	1	2026-09-28T08:15:24.028Z
greenhouse	https://job-boards.greenhouse.io/chaione	1	2026-09-28T08:15:24.024Z
greenhouse	https://job-boards.greenhouse.io/chalkinc	1	2026-09-28T08:15:24.360Z
greenhouse	https://job-boards.greenhouse.io/chameleonconsultinggroup	1	2026-09-28T08:15:24.233Z
greenhouse	https://job-boards.greenhouse.io/changedotorgsourcing	1	2026-09-28T08:15:24.835Z
greenhouse	https://job-boards.greenhouse.io/changeorg58	1	2026-09-28T08:15:24.829Z
greenhouse	https://job-boards.greenhouse.io/chanzuckerbergbiohub	1	2026-09-28T08:15:25.019Z
greenhouse	https://job-boards.greenhouse.io/chanzuckerbergbiohubny	1	2026-09-28T08:15:25.405Z
greenhouse	https://job-boards.greenhouse.io/chapter	1	2026-09-28T08:15:25.450Z
greenhouse	https://job-boards.greenhouse.io/charlesandlynnshustermanfamilyfoundation	1	2026-09-28T08:15:26.699Z
greenhouse	https://job-boards.greenhouse.io/charmindustrial	1	2026-09-28T08:15:28.094Z
greenhouse	https://job-boards.greenhouse.io/charnetwork	1	2026-09-28T08:15:28.094Z
greenhouse	https://job-boards.greenhouse.io/chathamfinancial	1	2026-09-28T08:15:28.486Z
greenhouse	https://job-boards.greenhouse.io/chattermill	1	2026-09-28T08:15:28.488Z
greenhouse	https://job-boards.greenhouse.io/check	1	2026-09-28T08:15:28.525Z
greenhouse	https://job-boards.greenhouse.io/chelseaavondale	1	2026-09-28T08:15:28.729Z
greenhouse	https://job-boards.greenhouse.io/cherryventures	1	2026-09-28T08:15:28.832Z
greenhouse	https://job-boards.greenhouse.io/chess-at-three-sg	1	2026-09-28T08:15:28.925Z
greenhouse	https://job-boards.greenhouse.io/chessatthree	1	2026-09-28T08:15:28.957Z
greenhouse	https://job-boards.greenhouse.io/chewielabs	1	2026-09-28T08:15:29.006Z
greenhouse	https://job-boards.greenhouse.io/chewycom	1	2026-09-28T08:15:29.061Z
greenhouse	https://job-boards.greenhouse.io/chfp	1	2026-09-28T08:15:29.369Z
greenhouse	https://job-boards.greenhouse.io/chief	1	2026-09-28T08:15:29.264Z
greenhouse	https://job-boards.greenhouse.io/chilipiper	1	2026-09-28T08:15:29.450Z
greenhouse	https://job-boards.greenhouse.io/chopraglobal	1	2026-09-28T08:15:29.623Z
greenhouse	https://job-boards.greenhouse.io/chronicled	1	2026-09-28T08:15:30.484Z
greenhouse	https://job-boards.greenhouse.io/churchill	1	2026-09-28T08:15:30.572Z
greenhouse	https://job-boards.greenhouse.io/cibolo	1	2026-09-28T08:15:30.686Z
greenhouse	https://job-boards.greenhouse.io/circle	1	2026-09-28T08:15:30.960Z
greenhouse	https://job-boards.greenhouse.io/circlereferrals	1	2026-09-28T08:15:30.969Z
greenhouse	https://job-boards.greenhouse.io/circleso	1	2026-09-28T08:15:31.622Z
greenhouse	https://job-boards.greenhouse.io/ciscomeraki	1	2026-09-28T08:15:31.365Z
greenhouse	https://job-boards.greenhouse.io/citizen	1	2026-09-28T08:15:32.018Z
greenhouse	https://job-boards.greenhouse.io/cityblockhealth	1	2026-09-28T08:15:32.020Z
greenhouse	https://job-boards.greenhouse.io/citystoragesystems	1	2026-09-28T08:15:32.793Z
greenhouse	https://job-boards.greenhouse.io/cityyear	1	2026-09-28T08:15:32.984Z
greenhouse	https://job-boards.greenhouse.io/civiceagleinternships	1	2026-09-28T08:15:33.174Z
greenhouse	https://job-boards.greenhouse.io/civilscience	1	2026-09-28T08:15:33.282Z
greenhouse	https://job-boards.greenhouse.io/civitas	1	2026-09-28T08:15:33.366Z
greenhouse	https://job-boards.greenhouse.io/clair	1	2026-09-28T08:15:33.476Z
greenhouse	https://job-boards.greenhouse.io/clarifai	1	2026-09-28T08:15:33.770Z
greenhouse	https://job-boards.greenhouse.io/clarityclinic	1	2026-09-28T08:15:33.870Z
greenhouse	https://job-boards.greenhouse.io/clarityschools	1	2026-09-28T08:15:33.965Z
greenhouse	https://job-boards.greenhouse.io/clark71	1	2026-09-28T08:15:34.061Z
greenhouse	https://job-boards.greenhouse.io/clasptx	1	2026-09-28T08:15:34.113Z
greenhouse	https://job-boards.greenhouse.io/classdojo	1	2026-09-28T08:15:34.163Z
greenhouse	https://job-boards.greenhouse.io/classicalcharterschools	1	2026-09-28T08:15:38.459Z
greenhouse	https://job-boards.greenhouse.io/classkick	1	2026-09-28T08:15:38.549Z
greenhouse	https://job-boards.greenhouse.io/classy	1	2026-09-28T08:15:38.461Z
greenhouse	https://job-boards.greenhouse.io/clearballot	1	2026-09-28T08:15:48.203Z
greenhouse	https://job-boards.greenhouse.io/clearbanc	1	2026-09-28T08:15:48.220Z
greenhouse	https://job-boards.greenhouse.io/clearcover	1	2026-09-28T08:15:57.929Z
greenhouse	https://job-boards.greenhouse.io/clearmatics	1	2026-09-28T08:15:57.388Z
greenhouse	https://job-boards.greenhouse.io/cleartrace	1	2026-09-28T08:15:57.942Z
greenhouse	https://job-boards.greenhouse.io/clearwateranalytics	1	2026-09-28T08:15:58.137Z
greenhouse	https://job-boards.greenhouse.io/cleoai	1	2026-09-28T08:15:59.433Z
greenhouse	https://job-boards.greenhouse.io/clerkchat	1	2026-09-28T08:15:59.624Z
greenhouse	https://job-boards.greenhouse.io/clevelandindiansbops	1	2026-09-28T08:15:59.711Z
greenhouse	https://job-boards.greenhouse.io/clickhouse	1	2026-09-28T08:15:59.868Z
greenhouse	https://job-boards.greenhouse.io/clickup	1	2026-09-28T08:16:00.040Z
greenhouse	https://job-boards.greenhouse.io/clifbar15	1	2026-09-28T08:16:00.072Z
greenhouse	https://job-boards.greenhouse.io/climateai	1	2026-09-28T08:16:00.118Z
greenhouse	https://job-boards.greenhouse.io/climatefinancesolutions	1	2026-09-28T08:16:00.172Z
greenhouse	https://job-boards.greenhouse.io/climatex	1	2026-09-28T08:16:00.236Z
greenhouse	https://job-boards.greenhouse.io/climavision	1	2026-09-28T08:16:00.391Z
greenhouse	https://job-boards.greenhouse.io/clipboard	1	2026-09-28T08:16:00.400Z
greenhouse	https://job-boards.greenhouse.io/clipboardarchive	1	2026-09-28T08:16:00.454Z
greenhouse	https://job-boards.greenhouse.io/clipboardhealth	1	2026-09-28T08:16:00.548Z
greenhouse	https://job-boards.greenhouse.io/clockwise	1	2026-09-28T08:16:00.588Z
greenhouse	https://job-boards.greenhouse.io/closedloop	1	2026-09-28T08:16:00.649Z
greenhouse	https://job-boards.greenhouse.io/cloudagronomics	1	2026-09-28T08:16:00.646Z
greenhouse	https://job-boards.greenhouse.io/cloudbees	1	2026-09-28T08:16:00.790Z
greenhouse	https://job-boards.greenhouse.io/cloudcampaign	1	2026-09-28T08:16:03.614Z
greenhouse	https://job-boards.greenhouse.io/cloudian	1	2026-09-28T08:16:01.181Z
greenhouse	https://job-boards.greenhouse.io/cloudops	1	2026-09-28T08:16:01.197Z
greenhouse	https://job-boards.greenhouse.io/clue	1	2026-09-28T08:16:03.735Z
greenhouse	https://job-boards.greenhouse.io/clydegroup	1	2026-09-28T08:16:03.894Z
greenhouse	https://job-boards.greenhouse.io/cmc	1	2026-09-28T08:16:03.955Z
greenhouse	https://job-boards.greenhouse.io/cms	1	2026-09-28T08:16:03.957Z
greenhouse	https://job-boards.greenhouse.io/co58owxtuvc3ql11n5p1b79mj5flai45kbbwmpk5zvyfvj7tphwrf7kj9r0vr8krxku3n93jffzugl2w8420bfji9ar3q8hle6ty	1	2026-09-28T08:16:04.096Z
greenhouse	https://job-boards.greenhouse.io/coactivesystems	1	2026-09-28T08:16:06.522Z
greenhouse	https://job-boards.greenhouse.io/coalitionforgreencapital	1	2026-09-28T08:16:06.059Z
greenhouse	https://job-boards.greenhouse.io/cobo	1	2026-09-28T08:16:07.511Z
greenhouse	https://job-boards.greenhouse.io/cocolab	1	2026-09-28T08:16:06.973Z
greenhouse	https://job-boards.greenhouse.io/coda	1	2026-09-28T08:16:07.228Z
greenhouse	https://job-boards.greenhouse.io/codeforsciencesociety	1	2026-09-28T08:16:07.787Z
greenhouse	https://job-boards.greenhouse.io/codesignal	1	2026-09-28T08:16:08.213Z
greenhouse	https://job-boards.greenhouse.io/codetta	1	2026-09-28T08:16:09.103Z
greenhouse	https://job-boards.greenhouse.io/codility	1	2026-09-28T08:16:09.563Z
greenhouse	https://job-boards.greenhouse.io/cohesity	1	2026-09-28T08:16:11.418Z
greenhouse	https://job-boards.greenhouse.io/cohesityuniversityhiring	1	2026-09-28T08:16:11.314Z
greenhouse	https://job-boards.greenhouse.io/coindesk	1	2026-09-28T08:16:11.363Z
greenhouse	https://job-boards.greenhouse.io/coinhako	1	2026-09-28T08:16:11.430Z
greenhouse	https://job-boards.greenhouse.io/coinlist	1	2026-09-28T08:16:11.593Z
greenhouse	https://job-boards.greenhouse.io/coinmetrics	1	2026-09-28T08:16:11.595Z
greenhouse	https://job-boards.greenhouse.io/collaborativerobotics	1	2026-09-28T08:16:11.798Z
greenhouse	https://job-boards.greenhouse.io/collagecom	1	2026-09-28T08:16:11.822Z
greenhouse	https://job-boards.greenhouse.io/collectiveinc	1	2026-09-28T08:16:12.039Z
greenhouse	https://job-boards.greenhouse.io/collectiveretreats	1	2026-09-28T08:16:12.063Z
greenhouse	https://job-boards.greenhouse.io/collectivfood	1	2026-09-28T08:16:12.079Z
greenhouse	https://job-boards.greenhouse.io/collectorsuniverse	1	2026-09-28T08:16:12.121Z
greenhouse	https://job-boards.greenhouse.io/collegeforsocialinnovation	1	2026-09-28T08:16:12.189Z
greenhouse	https://job-boards.greenhouse.io/collegevine	1	2026-09-28T08:16:12.241Z
greenhouse	https://job-boards.greenhouse.io/cologixinc	1	2026-09-28T08:16:12.522Z
greenhouse	https://job-boards.greenhouse.io/columnsoftware	1	2026-09-28T08:16:12.463Z
greenhouse	https://job-boards.greenhouse.io/commercehub	1	2026-09-28T08:16:12.486Z
greenhouse	https://job-boards.greenhouse.io/common	1	2026-09-28T08:16:12.734Z
greenhouse	https://job-boards.greenhouse.io/commonwealth	1	2026-09-28T08:16:13.207Z
greenhouse	https://job-boards.greenhouse.io/communitychange	1	2026-09-28T08:16:13.147Z
greenhouse	https://job-boards.greenhouse.io/comparablysandboxsandbox	1	2026-09-28T08:16:14.912Z
greenhouse	https://job-boards.greenhouse.io/conceptarthouse	1	2026-09-28T08:16:21.079Z
greenhouse	https://job-boards.greenhouse.io/condorcomputing	1	2026-09-28T08:16:22.667Z
greenhouse	https://job-boards.greenhouse.io/conductor	1	2026-09-28T08:16:22.801Z
greenhouse	https://job-boards.greenhouse.io/conduit	1	2026-09-28T08:16:23.092Z
greenhouse	https://job-boards.greenhouse.io/confusioncapital	1	2026-09-28T08:16:23.774Z
greenhouse	https://job-boards.greenhouse.io/connatix	1	2026-09-28T08:16:24.105Z
greenhouse	https://job-boards.greenhouse.io/connectedanalyticsthankucash	1	2026-09-28T08:16:24.309Z
greenhouse	https://job-boards.greenhouse.io/connectedfitness	1	2026-09-28T08:16:24.512Z
greenhouse	https://job-boards.greenhouse.io/connecthomes	1	2026-09-28T08:16:24.705Z
greenhouse	https://job-boards.greenhouse.io/connectngo	1	2026-09-28T08:16:24.782Z
greenhouse	https://job-boards.greenhouse.io/connectngofr	1	2026-09-28T08:16:24.898Z
greenhouse	https://job-boards.greenhouse.io/connectrn	1	2026-09-28T08:16:24.979Z
greenhouse	https://job-boards.greenhouse.io/consensysremote	1	2026-09-28T08:16:27.736Z
greenhouse	https://job-boards.greenhouse.io/constrafor	1	2026-09-28T08:16:28.032Z
greenhouse	https://job-boards.greenhouse.io/constructsecure	1	2026-09-28T08:16:28.340Z
greenhouse	https://job-boards.greenhouse.io/consumertrack	1	2026-09-28T08:16:28.666Z
greenhouse	https://job-boards.greenhouse.io/convertkit	1	2026-09-28T08:16:29.758Z
greenhouse	https://job-boards.greenhouse.io/coolplanet	1	2026-09-28T08:16:33.312Z
greenhouse	https://job-boards.greenhouse.io/copperleaf	1	2026-09-28T08:16:34.920Z
greenhouse	https://job-boards.greenhouse.io/copysmith	1	2026-09-28T08:16:35.222Z
greenhouse	https://job-boards.greenhouse.io/cora	1	2026-09-28T08:16:35.452Z
greenhouse	https://job-boards.greenhouse.io/cordros	1	2026-09-28T08:16:36.210Z
greenhouse	https://job-boards.greenhouse.io/corellium	1	2026-09-28T08:16:37.546Z
greenhouse	https://job-boards.greenhouse.io/corepilot	1	2026-09-28T08:16:37.718Z
greenhouse	https://job-boards.greenhouse.io/corescientific	1	2026-09-28T08:16:37.739Z
greenhouse	https://job-boards.greenhouse.io/corrieluscardiology	1	2026-09-28T08:16:39.119Z
greenhouse	https://job-boards.greenhouse.io/cortexbuildingintelligence	1	2026-09-28T08:16:39.195Z
greenhouse	https://job-boards.greenhouse.io/corvusinsurance	1	2026-09-28T08:16:39.573Z
greenhouse	https://job-boards.greenhouse.io/cota	1	2026-09-28T08:16:40.187Z
greenhouse	https://job-boards.greenhouse.io/cotap	1	2026-09-28T08:16:40.186Z
greenhouse	https://job-boards.greenhouse.io/coursekey	1	2026-09-28T08:16:42.130Z
greenhouse	https://job-boards.greenhouse.io/covacareers	1	2026-09-28T08:16:42.985Z
greenhouse	https://job-boards.greenhouse.io/covetool	1	2026-09-28T08:16:44.316Z
greenhouse	https://job-boards.greenhouse.io/covey	1	2026-09-28T08:16:44.811Z
greenhouse	https://job-boards.greenhouse.io/cowswap	1	2026-09-28T08:16:45.301Z
greenhouse	https://job-boards.greenhouse.io/coyuchi	1	2026-09-28T08:16:45.003Z
greenhouse	https://job-boards.greenhouse.io/craftco	1	2026-09-28T08:16:46.561Z
greenhouse	https://job-boards.greenhouse.io/craftdocs	1	2026-09-28T08:16:47.333Z
greenhouse	https://job-boards.greenhouse.io/crafty	1	2026-09-28T08:16:47.334Z
greenhouse	https://job-boards.greenhouse.io/creatordao	1	2026-09-28T08:16:47.621Z
greenhouse	https://job-boards.greenhouse.io/creatorland	1	2026-09-28T08:16:47.776Z
greenhouse	https://job-boards.greenhouse.io/creditas	1	2026-09-28T08:16:47.989Z
greenhouse	https://job-boards.greenhouse.io/creditasen	1	2026-09-28T08:16:48.201Z
greenhouse	https://job-boards.greenhouse.io/creditbook	1	2026-09-28T08:16:48.403Z
greenhouse	https://job-boards.greenhouse.io/creditkarma	1	2026-09-28T08:16:48.620Z
greenhouse	https://job-boards.greenhouse.io/crestline	1	2026-09-28T08:16:50.679Z
greenhouse	https://job-boards.greenhouse.io/crigroup	1	2026-09-28T08:16:51.261Z
greenhouse	https://job-boards.greenhouse.io/crisistextline86	1	2026-09-28T08:16:51.397Z
greenhouse	https://job-boards.greenhouse.io/criticalideas	1	2026-09-28T08:16:51.461Z
greenhouse	https://job-boards.greenhouse.io/crocscorporate	1	2026-09-28T08:16:52.213Z
greenhouse	https://job-boards.greenhouse.io/crossbordersolutions	1	2026-09-28T08:16:52.177Z
greenhouse	https://job-boards.greenhouse.io/crosschq	1	2026-09-28T08:16:52.366Z
greenhouse	https://job-boards.greenhouse.io/crossmint	1	2026-09-28T08:16:53.015Z
greenhouse	https://job-boards.greenhouse.io/crowdpharm	1	2026-09-28T08:16:53.211Z
greenhouse	https://job-boards.greenhouse.io/crowdtap	1	2026-09-28T08:16:53.369Z
greenhouse	https://job-boards.greenhouse.io/crownpeak	1	2026-09-28T08:16:53.381Z
greenhouse	https://job-boards.greenhouse.io/cruise	1	2026-09-28T08:16:53.404Z
greenhouse	https://job-boards.greenhouse.io/cruiseuniversity	1	2026-09-28T08:16:53.432Z
greenhouse	https://job-boards.greenhouse.io/crunchbase	1	2026-09-28T08:16:53.582Z
greenhouse	https://job-boards.greenhouse.io/csgconsultantsassistant-planner-full-time-hybrid	1	2026-09-28T08:16:55.633Z
greenhouse	https://job-boards.greenhouse.io/csgconsultantsassociate-environmental-planner-analyst-full-time-hybrid	1	2026-09-28T08:16:54.295Z
greenhouse	https://job-boards.greenhouse.io/csgconsultantsassociate-plan-check-engineer-full-time	1	2026-09-28T08:16:54.320Z
greenhouse	https://job-boards.greenhouse.io/csgconsultantsassociate-planner	1	2026-09-28T08:16:54.495Z
greenhouse	https://job-boards.greenhouse.io/csgconsultantsbuilding-inspector-i	1	2026-09-28T08:16:54.513Z
greenhouse	https://job-boards.greenhouse.io/csgconsultantsbuilding-inspector-i-2	1	2026-09-28T08:16:54.739Z
greenhouse	https://job-boards.greenhouse.io/csgconsultantsbuilding-inspector-ii-2	1	2026-09-28T08:16:54.746Z
greenhouse	https://job-boards.greenhouse.io/csgconsultantsbuilding-official-as-needed	1	2026-09-28T08:16:54.893Z
greenhouse	https://job-boards.greenhouse.io/csgconsultantscode-enforcement-officer-ii-1	1	2026-09-28T08:16:54.942Z
greenhouse	https://job-boards.greenhouse.io/csgconsultantspermit-technician-full-time	1	2026-09-28T08:16:54.947Z
greenhouse	https://job-boards.greenhouse.io/csgconsultantsprincipal-plan-check-engineer	1	2026-09-28T08:16:55.084Z
greenhouse	https://job-boards.greenhouse.io/csgconsultantssenior-building-inspector-4	1	2026-09-28T08:16:55.131Z
greenhouse	https://job-boards.greenhouse.io/csgconsultantssenior-construction-inspector	1	2026-09-28T08:16:55.144Z
greenhouse	https://job-boards.greenhouse.io/csgconsultantssenior-engineer	1	2026-09-28T08:16:55.279Z
greenhouse	https://job-boards.greenhouse.io/csgconsultantssenior-environmental-planner-full-time-hybrid	1	2026-09-28T08:16:55.333Z
greenhouse	https://job-boards.greenhouse.io/csgconsultantssenior-plan-check-engineer	1	2026-09-28T08:16:55.337Z
greenhouse	https://job-boards.greenhouse.io/csgconsultantssenior-planner-4	1	2026-09-28T08:16:55.510Z
greenhouse	https://job-boards.greenhouse.io/csgconsultantssenior-structural-engineer-2	1	2026-09-28T08:16:55.591Z
greenhouse	https://job-boards.greenhouse.io/cti	1	2026-09-28T08:16:56.393Z
greenhouse	https://job-boards.greenhouse.io/cti-unpublished	1	2026-09-28T08:16:56.197Z
greenhouse	https://job-boards.greenhouse.io/cubedev	1	2026-09-28T08:16:56.261Z
greenhouse	https://job-boards.greenhouse.io/cubeler	1	2026-09-28T08:16:56.416Z
greenhouse	https://job-boards.greenhouse.io/culthealth	1	2026-09-28T08:16:56.797Z
greenhouse	https://job-boards.greenhouse.io/curalate	1	2026-09-28T08:16:56.914Z
greenhouse	https://job-boards.greenhouse.io/curated	1	2026-09-28T08:16:57.295Z
greenhouse	https://job-boards.greenhouse.io/curativeinc	1	2026-09-28T08:16:57.429Z
greenhouse	https://job-boards.greenhouse.io/curaytor	1	2026-09-28T08:16:57.679Z
greenhouse	https://job-boards.greenhouse.io/curebase	1	2026-09-28T08:16:59.255Z
greenhouse	https://job-boards.greenhouse.io/curofinancialtechnologiescorporation	1	2026-09-28T08:16:57.947Z
greenhouse	https://job-boards.greenhouse.io/curology	1	2026-09-28T08:16:58.157Z
greenhouse	https://job-boards.greenhouse.io/curvehealth	1	2026-09-28T08:16:59.102Z
greenhouse	https://job-boards.greenhouse.io/cvjc	1	2026-09-28T08:17:02.016Z
greenhouse	https://job-boards.greenhouse.io/cybergrx	1	2026-09-28T08:17:02.019Z
greenhouse	https://job-boards.greenhouse.io/cybrary	1	2026-09-28T08:17:02.247Z
greenhouse	https://job-boards.greenhouse.io/cytokinetics	1	2026-09-28T08:17:02.507Z
greenhouse	https://job-boards.greenhouse.io/cytotronics	1	2026-09-28T08:17:02.472Z
greenhouse	https://job-boards.greenhouse.io/czimaginginstitute	1	2026-09-28T08:17:02.935Z
greenhouse	https://job-boards.greenhouse.io/dailyharvest	1	2026-09-28T08:17:03.223Z
greenhouse	https://job-boards.greenhouse.io/dailypayinc	1	2026-09-28T08:17:03.257Z
greenhouse	https://job-boards.greenhouse.io/daisybill	1	2026-09-28T08:17:03.243Z
greenhouse	https://job-boards.greenhouse.io/dalbergdesign	1	2026-09-28T08:17:03.364Z
greenhouse	https://job-boards.greenhouse.io/dandelionenergy	1	2026-09-28T08:17:04.034Z
greenhouse	https://job-boards.greenhouse.io/dandy	1	2026-09-28T08:17:03.972Z
greenhouse	https://job-boards.greenhouse.io/dare	1	2026-09-28T08:17:03.461Z
greenhouse	https://job-boards.greenhouse.io/darkburncreative	1	2026-09-28T08:17:03.555Z
greenhouse	https://job-boards.greenhouse.io/darktracelimited	1	2026-09-28T08:17:03.753Z
greenhouse	https://job-boards.greenhouse.io/dashq	1	2026-09-28T08:17:03.953Z
greenhouse	https://job-boards.greenhouse.io/databook	1	2026-09-28T08:17:04.829Z
greenhouse	https://job-boards.greenhouse.io/datamilkwebsite	1	2026-09-28T08:17:05.146Z
greenhouse	https://job-boards.greenhouse.io/dataminr	1	2026-09-28T08:17:05.170Z
greenhouse	https://job-boards.greenhouse.io/datapeople	1	2026-09-28T08:17:05.181Z
greenhouse	https://job-boards.greenhouse.io/dataskrive	1	2026-09-28T08:17:05.373Z
greenhouse	https://job-boards.greenhouse.io/datavirtuality	1	2026-09-28T08:17:05.889Z
greenhouse	https://job-boards.greenhouse.io/dataworld	1	2026-09-28T08:17:06.614Z
greenhouse	https://job-boards.greenhouse.io/datera	1	2026-09-28T08:17:06.564Z
greenhouse	https://job-boards.greenhouse.io/datto	1	2026-09-28T08:17:07.821Z
greenhouse	https://job-boards.greenhouse.io/dattojobs	1	2026-09-28T08:17:07.826Z
greenhouse	https://job-boards.greenhouse.io/dbtlabsinc	1	2026-09-28T08:17:09.434Z
greenhouse	https://job-boards.greenhouse.io/ddbhealthbarcelona	1	2026-09-28T08:17:09.659Z
greenhouse	https://job-boards.greenhouse.io/ddbremedy	1	2026-09-28T08:17:09.657Z
greenhouse	https://job-boards.greenhouse.io/dealerinspire	1	2026-09-28T08:17:09.909Z
greenhouse	https://job-boards.greenhouse.io/deardoc	1	2026-09-28T08:17:09.878Z
greenhouse	https://job-boards.greenhouse.io/decodable	1	2026-09-28T08:17:10.888Z
greenhouse	https://job-boards.greenhouse.io/dedrone	1	2026-09-28T08:17:10.893Z
greenhouse	https://job-boards.greenhouse.io/deepmind	1	2026-09-28T08:17:11.159Z
greenhouse	https://job-boards.greenhouse.io/deepscribe	1	2026-09-28T08:17:11.238Z
greenhouse	https://job-boards.greenhouse.io/deepsource	1	2026-09-28T08:17:11.236Z
greenhouse	https://job-boards.greenhouse.io/defineamerican	1	2026-09-28T08:17:11.558Z
greenhouse	https://job-boards.greenhouse.io/defmethod	1	2026-09-28T08:17:11.770Z
greenhouse	https://job-boards.greenhouse.io/deliverymuch	1	2026-09-28T08:17:12.350Z
greenhouse	https://job-boards.greenhouse.io/delos	1	2026-09-28T08:17:12.993Z
greenhouse	https://job-boards.greenhouse.io/demandbase	1	2026-09-28T08:17:13.039Z
greenhouse	https://job-boards.greenhouse.io/denim	1	2026-09-28T08:17:13.239Z
greenhouse	https://job-boards.greenhouse.io/density	1	2026-09-28T08:17:13.376Z
greenhouse	https://job-boards.greenhouse.io/dermavant20	1	2026-09-28T08:17:13.754Z
greenhouse	https://job-boards.greenhouse.io/dermbiont	1	2026-09-28T08:17:13.757Z
greenhouse	https://job-boards.greenhouse.io/designitnorthamerica	1	2026-09-28T08:17:14.153Z
greenhouse	https://job-boards.greenhouse.io/designmind	1	2026-09-28T08:17:14.158Z
greenhouse	https://job-boards.greenhouse.io/designpickle	1	2026-09-28T08:17:14.287Z
greenhouse	https://job-boards.greenhouse.io/designwithinreach	1	2026-09-28T08:17:14.321Z
greenhouse	https://job-boards.greenhouse.io/desktopmetal	1	2026-09-28T08:17:14.347Z
greenhouse	https://job-boards.greenhouse.io/deutschnewyork	1	2026-09-28T08:17:14.476Z
greenhouse	https://job-boards.greenhouse.io/dexteritycapital	1	2026-09-28T08:17:15.038Z
greenhouse	https://job-boards.greenhouse.io/dharma	1	2026-09-28T08:17:15.336Z
greenhouse	https://job-boards.greenhouse.io/dhinternal	1	2026-09-28T08:17:15.566Z
greenhouse	https://job-boards.greenhouse.io/diagram	1	2026-09-28T08:17:15.766Z
greenhouse	https://job-boards.greenhouse.io/dialexa	1	2026-09-28T08:17:15.967Z
greenhouse	https://job-boards.greenhouse.io/dialoguehealthtechnologiesinc	1	2026-09-28T08:17:16.153Z
greenhouse	https://job-boards.greenhouse.io/dialoguetechnologiesdelasanteinc	1	2026-09-28T08:17:16.155Z
greenhouse	https://job-boards.greenhouse.io/diamondstatefinancialgroup	1	2026-09-28T08:17:16.192Z
greenhouse	https://job-boards.greenhouse.io/dianahealth	1	2026-09-28T08:17:16.375Z
greenhouse	https://job-boards.greenhouse.io/dice	1	2026-09-28T08:17:16.685Z
greenhouse	https://job-boards.greenhouse.io/digibeeinc	1	2026-09-28T08:17:16.877Z
greenhouse	https://job-boards.greenhouse.io/digitalai	1	2026-09-28T08:17:17.345Z
greenhouse	https://job-boards.greenhouse.io/digitalasset	1	2026-09-28T08:17:17.473Z
greenhouse	https://job-boards.greenhouse.io/digitalfemsa	1	2026-09-28T08:17:17.938Z
greenhouse	https://job-boards.greenhouse.io/digitalonus	1	2026-09-28T08:17:18.131Z
greenhouse	https://job-boards.greenhouse.io/digitaltrends	1	2026-09-28T08:17:18.133Z
greenhouse	https://job-boards.greenhouse.io/digitaltrendsfreelance	1	2026-09-28T08:17:18.365Z
greenhouse	https://job-boards.greenhouse.io/dimensionalenergy1	1	2026-09-28T08:17:18.839Z
greenhouse	https://job-boards.greenhouse.io/discoxyz	1	2026-09-28T08:17:19.122Z
greenhouse	https://job-boards.greenhouse.io/disqus	1	2026-09-28T08:17:19.314Z
greenhouse	https://job-boards.greenhouse.io/distran	1	2026-09-28T08:17:19.512Z
greenhouse	https://job-boards.greenhouse.io/distributional	1	2026-09-28T08:17:19.644Z
greenhouse	https://job-boards.greenhouse.io/dittoliveincorporated	1	2026-09-28T08:17:20.092Z
greenhouse	https://job-boards.greenhouse.io/dius	1	2026-09-28T08:17:20.135Z
greenhouse	https://job-boards.greenhouse.io/divvyhomes	1	2026-09-28T08:17:20.290Z
greenhouse	https://job-boards.greenhouse.io/dl1961	1	2026-09-28T08:17:20.732Z
greenhouse	https://job-boards.greenhouse.io/dmarket	1	2026-09-28T08:17:20.717Z
greenhouse	https://job-boards.greenhouse.io/dmcengineering2024	1	2026-09-28T08:17:20.753Z
greenhouse	https://job-boards.greenhouse.io/dmipartners	1	2026-09-28T08:17:20.912Z
greenhouse	https://job-boards.greenhouse.io/dnli	1	2026-09-28T08:17:21.321Z
greenhouse	https://job-boards.greenhouse.io/doccla	1	2026-09-28T08:17:21.324Z
greenhouse	https://job-boards.greenhouse.io/doctorswithoutborders	1	2026-09-28T08:17:21.522Z
greenhouse	https://job-boards.greenhouse.io/dolly	1	2026-09-28T08:17:21.817Z
greenhouse	https://job-boards.greenhouse.io/domainmoney	1	2026-09-28T08:17:22.059Z
greenhouse	https://job-boards.greenhouse.io/domeyard	1	2026-09-28T08:17:22.146Z
greenhouse	https://job-boards.greenhouse.io/domo	1	2026-09-28T08:17:22.249Z
greenhouse	https://job-boards.greenhouse.io/doordash	1	2026-09-28T08:17:22.447Z
greenhouse	https://job-boards.greenhouse.io/doordashhighvolume	1	2026-09-28T08:17:22.541Z
greenhouse	https://job-boards.greenhouse.io/dotcomtherapy	1	2026-09-28T08:17:22.944Z
greenhouse	https://job-boards.greenhouse.io/dovetail	1	2026-09-28T08:17:23.135Z
greenhouse	https://job-boards.greenhouse.io/doxo	1	2026-09-28T08:17:23.324Z
greenhouse	https://job-boards.greenhouse.io/doxocareers	1	2026-09-28T08:17:23.535Z
greenhouse	https://job-boards.greenhouse.io/dragonflycapital	1	2026-09-28T08:17:24.250Z
greenhouse	https://job-boards.greenhouse.io/dragonflytherapeutics	1	2026-09-28T08:17:23.708Z
greenhouse	https://job-boards.greenhouse.io/drata	1	2026-09-28T08:17:23.735Z
greenhouse	https://job-boards.greenhouse.io/drayalliance	1	2026-09-28T08:17:24.166Z
greenhouse	https://job-boards.greenhouse.io/drb	1	2026-09-28T08:17:24.175Z
greenhouse	https://job-boards.greenhouse.io/dreamboxlearning	1	2026-09-28T08:17:24.357Z
greenhouse	https://job-boards.greenhouse.io/dreamhack	1	2026-09-28T08:17:24.533Z
greenhouse	https://job-boards.greenhouse.io/drift	1	2026-09-28T08:17:24.547Z
greenhouse	https://job-boards.greenhouse.io/drivesally	1	2026-09-28T08:17:24.574Z
greenhouse	https://job-boards.greenhouse.io/drop	1	2026-09-28T08:17:24.766Z
greenhouse	https://job-boards.greenhouse.io/dropps	1	2026-09-28T08:17:24.897Z
greenhouse	https://job-boards.greenhouse.io/drw	1	2026-09-28T08:17:24.963Z
greenhouse	https://job-boards.greenhouse.io/dualityroboticsinc	1	2026-09-28T08:17:25.295Z
greenhouse	https://job-boards.greenhouse.io/dub	1	2026-09-28T08:17:25.589Z
greenhouse	https://job-boards.greenhouse.io/dunamu	1	2026-09-28T08:17:25.786Z
greenhouse	https://job-boards.greenhouse.io/duos	1	2026-09-28T08:17:25.909Z
greenhouse	https://job-boards.greenhouse.io/dustyrobotics	1	2026-09-28T08:17:26.026Z
greenhouse	https://job-boards.greenhouse.io/dwelo	1	2026-09-28T08:17:26.359Z
greenhouse	https://job-boards.greenhouse.io/dydx	1	2026-09-28T08:17:26.467Z
greenhouse	https://job-boards.greenhouse.io/dynamotechnologies	1	2026-09-28T08:17:26.524Z
greenhouse	https://job-boards.greenhouse.io/eaf	1	2026-09-28T08:17:26.719Z
greenhouse	https://job-boards.greenhouse.io/earlycareers	1	2026-09-28T08:17:26.918Z
greenhouse	https://job-boards.greenhouse.io/earlytalentcerebras	1	2026-09-28T08:17:27.117Z
greenhouse	https://job-boards.greenhouse.io/earthshotlabs	1	2026-09-28T08:17:27.173Z
greenhouse	https://job-boards.greenhouse.io/ease	1	2026-09-28T08:17:27.179Z
greenhouse	https://job-boards.greenhouse.io/easyllama	1	2026-09-28T08:17:27.374Z
greenhouse	https://job-boards.greenhouse.io/easypost	1	2026-09-28T08:17:27.419Z
greenhouse	https://job-boards.greenhouse.io/eatjust	1	2026-09-28T08:17:27.552Z
greenhouse	https://job-boards.greenhouse.io/eatjustprotein	1	2026-09-28T08:17:27.559Z
greenhouse	https://job-boards.greenhouse.io/echoai	1	2026-09-28T08:17:27.770Z
greenhouse	https://job-boards.greenhouse.io/ecobee	1	2026-09-28T08:17:28.290Z
greenhouse	https://job-boards.greenhouse.io/ecobeeeb	1	2026-09-28T08:17:28.437Z
greenhouse	https://job-boards.greenhouse.io/econetwork	1	2026-09-28T08:17:28.462Z
greenhouse	https://job-boards.greenhouse.io/ecore	1	2026-09-28T08:17:28.483Z
greenhouse	https://job-boards.greenhouse.io/ecovative	1	2026-09-28T08:17:28.638Z
greenhouse	https://job-boards.greenhouse.io/edgeandnode	1	2026-09-28T08:17:28.875Z
greenhouse	https://job-boards.greenhouse.io/edgile	1	2026-09-28T08:17:28.858Z
greenhouse	https://job-boards.greenhouse.io/edisonscientific	1	2026-09-28T08:17:28.966Z
greenhouse	https://job-boards.greenhouse.io/edmond	1	2026-09-28T08:17:29.071Z
greenhouse	https://job-boards.greenhouse.io/educators	1	2026-09-28T08:17:29.300Z
greenhouse	https://job-boards.greenhouse.io/edx	1	2026-09-28T08:17:29.359Z
greenhouse	https://job-boards.greenhouse.io/edxbootcamps	1	2026-09-28T08:17:29.682Z
greenhouse	https://job-boards.greenhouse.io/eero	1	2026-09-28T08:17:29.688Z
greenhouse	https://job-boards.greenhouse.io/eharmony	1	2026-09-28T08:17:30.129Z
greenhouse	https://job-boards.greenhouse.io/eigenlabs	1	2026-09-28T08:17:30.130Z
greenhouse	https://job-boards.greenhouse.io/eiger	1	2026-09-28T08:17:30.214Z
greenhouse	https://job-boards.greenhouse.io/eigerjobs	1	2026-09-28T08:17:30.149Z
greenhouse	https://job-boards.greenhouse.io/eleanorhealth	1	2026-09-28T08:17:30.412Z
greenhouse	https://job-boards.greenhouse.io/electriphi	1	2026-09-28T08:17:30.615Z
greenhouse	https://job-boards.greenhouse.io/elegen	1	2026-09-28T08:17:30.621Z
greenhouse	https://job-boards.greenhouse.io/elementalexcelerator	1	2026-09-28T08:17:31.042Z
greenhouse	https://job-boards.greenhouse.io/elemy	1	2026-09-28T08:17:31.802Z
greenhouse	https://job-boards.greenhouse.io/eleo	1	2026-09-28T08:17:31.768Z
greenhouse	https://job-boards.greenhouse.io/elephantenergy	1	2026-09-28T08:17:31.787Z
greenhouse	https://job-boards.greenhouse.io/elevatek12	1	2026-09-28T08:17:32.000Z
greenhouse	https://job-boards.greenhouse.io/elevationcapital	1	2026-09-28T08:17:32.001Z
greenhouse	https://job-boards.greenhouse.io/elkcreek	1	2026-09-28T08:17:32.228Z
greenhouse	https://job-boards.greenhouse.io/ellevest	1	2026-09-28T08:17:32.440Z
greenhouse	https://job-boards.greenhouse.io/elvahgmbh	1	2026-09-28T08:17:32.528Z
greenhouse	https://job-boards.greenhouse.io/embrace	1	2026-09-28T08:17:32.558Z
greenhouse	https://job-boards.greenhouse.io/embroker	1	2026-09-28T08:17:32.629Z
greenhouse	https://job-boards.greenhouse.io/emids	1	2026-09-28T08:17:32.773Z
greenhouse	https://job-boards.greenhouse.io/emotiveio	1	2026-09-28T08:17:32.938Z
greenhouse	https://job-boards.greenhouse.io/emulate	1	2026-09-28T08:17:33.160Z
greenhouse	https://job-boards.greenhouse.io/enchargeai	1	2026-09-28T08:17:33.359Z
greenhouse	https://job-boards.greenhouse.io/endpoint	1	2026-09-28T08:17:33.629Z
greenhouse	https://job-boards.greenhouse.io/endurance	1	2026-09-28T08:17:33.654Z
greenhouse	https://job-boards.greenhouse.io/energicorelimited	1	2026-09-28T08:17:33.758Z
greenhouse	https://job-boards.greenhouse.io/energyfoundation	1	2026-09-28T08:17:33.988Z
greenhouse	https://job-boards.greenhouse.io/energywebfoundation	1	2026-09-28T08:17:34.112Z
greenhouse	https://job-boards.greenhouse.io/engieenergyaccess	1	2026-09-28T08:17:34.304Z
greenhouse	https://job-boards.greenhouse.io/englishscore	1	2026-09-28T08:17:34.882Z
greenhouse	https://job-boards.greenhouse.io/ensembleai	1	2026-09-28T08:17:35.094Z
greenhouse	https://job-boards.greenhouse.io/ensitefulinternalpositions	1	2026-09-28T08:17:35.086Z
greenhouse	https://job-boards.greenhouse.io/entrepreneurfirst	1	2026-09-28T08:17:35.504Z
greenhouse	https://job-boards.greenhouse.io/envato	1	2026-09-28T08:17:35.683Z
greenhouse	https://job-boards.greenhouse.io/envisionthearapyco	1	2026-09-28T08:17:35.707Z
greenhouse	https://job-boards.greenhouse.io/envoy	1	2026-09-28T08:17:35.876Z
greenhouse	https://job-boards.greenhouse.io/ephemeral	1	2026-09-28T08:17:36.115Z
greenhouse	https://job-boards.greenhouse.io/eql	1	2026-09-28T08:17:36.735Z
greenhouse	https://job-boards.greenhouse.io/equals	1	2026-09-28T08:17:36.950Z
greenhouse	https://job-boards.greenhouse.io/equitymultiple	1	2026-09-28T08:17:37.152Z
greenhouse	https://job-boards.greenhouse.io/ericbuckleygetupsidegreenhouseio	1	2026-09-28T08:17:38.587Z
greenhouse	https://job-boards.greenhouse.io/erin	1	2026-09-28T08:17:38.588Z
greenhouse	https://job-boards.greenhouse.io/esusu	1	2026-09-28T08:17:38.980Z
greenhouse	https://job-boards.greenhouse.io/ethyca	1	2026-09-28T08:17:39.452Z
greenhouse	https://job-boards.greenhouse.io/euclidpower	1	2026-09-28T08:17:39.634Z
greenhouse	https://job-boards.greenhouse.io/eurowingsdigital	1	2026-09-28T08:17:39.757Z
greenhouse	https://job-boards.greenhouse.io/eventstore	1	2026-09-28T08:17:39.867Z
greenhouse	https://job-boards.greenhouse.io/eventussystemsinc	1	2026-09-28T08:17:39.862Z
greenhouse	https://job-boards.greenhouse.io/everactive1	1	2026-09-28T08:17:40.032Z
greenhouse	https://job-boards.greenhouse.io/everbody	1	2026-09-28T08:17:40.048Z
greenhouse	https://job-boards.greenhouse.io/everest	1	2026-09-28T08:17:40.222Z
greenhouse	https://job-boards.greenhouse.io/everisusainc	1	2026-09-28T08:17:40.433Z
greenhouse	https://job-boards.greenhouse.io/everops	1	2026-09-28T08:17:40.620Z
greenhouse	https://job-boards.greenhouse.io/everphone	1	2026-09-28T08:17:40.686Z
greenhouse	https://job-boards.greenhouse.io/everylife	1	2026-09-28T08:17:40.868Z
greenhouse	https://job-boards.greenhouse.io/evidation	1	2026-09-28T08:17:41.018Z
greenhouse	https://job-boards.greenhouse.io/evive	1	2026-09-28T08:17:41.075Z
greenhouse	https://job-boards.greenhouse.io/evmos	1	2026-09-28T08:17:41.084Z
greenhouse	https://job-boards.greenhouse.io/evolutionaryscale	1	2026-09-28T08:17:41.212Z
greenhouse	https://job-boards.greenhouse.io/evolutionparkingguestservices	1	2026-09-28T08:17:41.287Z
greenhouse	https://job-boards.greenhouse.io/evolvtechnologies	1	2026-09-28T08:17:41.334Z
greenhouse	https://job-boards.greenhouse.io/evpassport	1	2026-09-28T08:17:41.475Z
greenhouse	https://job-boards.greenhouse.io/execonline	1	2026-09-28T08:17:41.894Z
greenhouse	https://job-boards.greenhouse.io/exfluency	1	2026-09-28T08:17:41.911Z
greenhouse	https://job-boards.greenhouse.io/exo	1	2026-09-28T08:17:41.981Z
greenhouse	https://job-boards.greenhouse.io/exodus54	1	2026-09-28T08:17:42.045Z
greenhouse	https://job-boards.greenhouse.io/expa	1	2026-09-28T08:17:42.104Z
greenhouse	https://job-boards.greenhouse.io/expanse	1	2026-09-28T08:17:42.175Z
greenhouse	https://job-boards.greenhouse.io/explo	1	2026-09-28T08:17:42.297Z
greenhouse	https://job-boards.greenhouse.io/expressvpn	1	2026-09-28T08:17:42.371Z
greenhouse	https://job-boards.greenhouse.io/extra	1	2026-09-28T08:17:42.697Z
greenhouse	https://job-boards.greenhouse.io/eyecarepartners	1	2026-09-28T08:17:42.754Z
greenhouse	https://job-boards.greenhouse.io/ezinc	1	2026-09-28T08:17:42.947Z
greenhouse	https://job-boards.greenhouse.io/fabfitfun	1	2026-09-28T08:17:43.030Z
greenhouse	https://job-boards.greenhouse.io/fabric	1	2026-09-28T08:17:43.110Z
greenhouse	https://job-boards.greenhouse.io/factoryberlin	1	2026-09-28T08:17:43.351Z
greenhouse	https://job-boards.greenhouse.io/fairwinds	1	2026-09-28T08:17:43.616Z
greenhouse	https://job-boards.greenhouse.io/fal	1	2026-09-28T08:17:43.865Z
greenhouse	https://job-boards.greenhouse.io/fantasticpixelcastle	1	2026-09-28T08:17:44.680Z
greenhouse	https://job-boards.greenhouse.io/farasisenergy	1	2026-09-28T08:17:44.846Z
greenhouse	https://job-boards.greenhouse.io/farmersbusinessnetwork	1	2026-09-28T08:17:44.869Z
greenhouse	https://job-boards.greenhouse.io/farmstead	1	2026-09-28T08:17:45.723Z
greenhouse	https://job-boards.greenhouse.io/fathom	1	2026-09-28T08:17:45.495Z
greenhouse	https://job-boards.greenhouse.io/fazz	1	2026-09-28T08:17:45.559Z
greenhouse	https://job-boards.greenhouse.io/fearless	1	2026-09-28T08:17:45.729Z
greenhouse	https://job-boards.greenhouse.io/featuredjobs	1	2026-09-28T08:17:45.750Z
greenhouse	https://job-boards.greenhouse.io/featurespace	1	2026-09-28T08:17:45.770Z
greenhouse	https://job-boards.greenhouse.io/feedbackloop	1	2026-09-28T08:17:45.898Z
greenhouse	https://job-boards.greenhouse.io/fenixinternational	1	2026-09-28T08:17:46.085Z
greenhouse	https://job-boards.greenhouse.io/fermataenergy	1	2026-09-28T08:17:46.399Z
greenhouse	https://job-boards.greenhouse.io/ferocia	1	2026-09-28T08:17:46.285Z
greenhouse	https://job-boards.greenhouse.io/fetchrewards	1	2026-09-28T08:17:46.341Z
greenhouse	https://job-boards.greenhouse.io/fifa-hb-intern-programme	1	2026-09-28T08:17:46.731Z
greenhouse	https://job-boards.greenhouse.io/fifthgaittechnologies	1	2026-09-28T08:17:46.919Z
greenhouse	https://job-boards.greenhouse.io/figuremarketsinc	1	2026-09-28T08:17:47.148Z
greenhouse	https://job-boards.greenhouse.io/fincent	1	2026-09-28T08:17:47.964Z
greenhouse	https://job-boards.greenhouse.io/findanomaly	1	2026-09-28T08:17:47.965Z
greenhouse	https://job-boards.greenhouse.io/finfare	1	2026-09-28T08:17:48.152Z
greenhouse	https://job-boards.greenhouse.io/fingerprintjs	1	2026-09-28T08:17:48.202Z
greenhouse	https://job-boards.greenhouse.io/firefly	1	2026-09-28T08:17:48.583Z
greenhouse	https://job-boards.greenhouse.io/firehydrant	1	2026-09-28T08:17:48.595Z
greenhouse	https://job-boards.greenhouse.io/firewalk	1	2026-09-28T08:17:48.732Z
greenhouse	https://job-boards.greenhouse.io/fireworkcareers	1	2026-09-28T08:17:48.774Z
greenhouse	https://job-boards.greenhouse.io/fireworksai	1	2026-09-28T08:17:48.788Z
greenhouse	https://job-boards.greenhouse.io/firstkeyhomes	1	2026-09-28T08:17:48.992Z
greenhouse	https://job-boards.greenhouse.io/firstlook	1	2026-09-28T08:17:48.993Z
greenhouse	https://job-boards.greenhouse.io/firstlookmedia	1	2026-09-28T08:17:49.048Z
greenhouse	https://job-boards.greenhouse.io/firstresonance	1	2026-09-28T08:17:49.184Z
greenhouse	https://job-boards.greenhouse.io/flagstone	1	2026-09-28T08:17:49.607Z
greenhouse	https://job-boards.greenhouse.io/flashbots	1	2026-09-28T08:17:50.000Z
greenhouse	https://job-boards.greenhouse.io/flashpoint	1	2026-09-28T08:17:50.084Z
greenhouse	https://job-boards.greenhouse.io/flatfileio	1	2026-09-28T08:17:50.099Z
greenhouse	https://job-boards.greenhouse.io/flaunt	1	2026-09-28T08:17:50.229Z
greenhouse	https://job-boards.greenhouse.io/flickrorg	1	2026-09-28T08:17:50.619Z
greenhouse	https://job-boards.greenhouse.io/flightright	1	2026-09-28T08:17:50.658Z
greenhouse	https://job-boards.greenhouse.io/flipapp	1	2026-09-28T08:17:50.886Z
greenhouse	https://job-boards.greenhouse.io/flipapp1	1	2026-09-28T08:17:50.883Z
greenhouse	https://job-boards.greenhouse.io/flockfreight	1	2026-09-28T08:17:51.072Z
greenhouse	https://job-boards.greenhouse.io/flocksafety	1	2026-09-28T08:17:51.116Z
greenhouse	https://job-boards.greenhouse.io/floodbase	1	2026-09-28T08:17:51.204Z
greenhouse	https://job-boards.greenhouse.io/floornfts	1	2026-09-28T08:17:51.263Z
greenhouse	https://job-boards.greenhouse.io/flowcarbon	1	2026-09-28T08:17:51.454Z
greenhouse	https://job-boards.greenhouse.io/flowforge	1	2026-09-28T08:17:51.486Z
greenhouse	https://job-boards.greenhouse.io/floyd	1	2026-09-28T08:17:51.679Z
greenhouse	https://job-boards.greenhouse.io/flybyrobotics	1	2026-09-28T08:17:51.905Z
greenhouse	https://job-boards.greenhouse.io/flyflat	1	2026-09-28T08:17:51.913Z
greenhouse	https://job-boards.greenhouse.io/flyhomes	1	2026-09-28T08:17:52.084Z
greenhouse	https://job-boards.greenhouse.io/flyinghorse	1	2026-09-28T08:17:52.097Z
greenhouse	https://job-boards.greenhouse.io/flyr	1	2026-09-28T08:17:52.103Z
greenhouse	https://job-boards.greenhouse.io/focusedlabs	1	2026-09-28T08:17:52.373Z
greenhouse	https://job-boards.greenhouse.io/fogpharma	1	2026-09-28T08:17:52.640Z
greenhouse	https://job-boards.greenhouse.io/followupboss	1	2026-09-28T08:17:53.005Z
greenhouse	https://job-boards.greenhouse.io/fonoa	1	2026-09-28T08:17:53.058Z
greenhouse	https://job-boards.greenhouse.io/foodcorps	1	2026-09-28T08:17:53.077Z
greenhouse	https://job-boards.greenhouse.io/foodpandabangladesh	1	2026-09-28T08:17:53.128Z
greenhouse	https://job-boards.greenhouse.io/foodpandahongkong	1	2026-09-28T08:17:53.195Z
greenhouse	https://job-boards.greenhouse.io/foodpandapakistan	1	2026-09-28T08:17:53.231Z
greenhouse	https://job-boards.greenhouse.io/foodpandaphilippines	1	2026-09-28T08:17:53.248Z
greenhouse	https://job-boards.greenhouse.io/foodpandasingapore	1	2026-09-28T08:17:53.339Z
greenhouse	https://job-boards.greenhouse.io/foodspring	1	2026-09-28T08:17:53.315Z
greenhouse	https://job-boards.greenhouse.io/forage	1	2026-09-28T08:17:53.421Z
greenhouse	https://job-boards.greenhouse.io/forallsecure	1	2026-09-28T08:17:53.439Z
greenhouse	https://job-boards.greenhouse.io/forerunner	1	2026-09-28T08:17:53.613Z
greenhouse	https://job-boards.greenhouse.io/forethought	1	2026-09-28T08:17:53.756Z
greenhouse	https://job-boards.greenhouse.io/forgeglobal	1	2026-09-28T08:17:53.873Z
greenhouse	https://job-boards.greenhouse.io/forgerock	1	2026-09-28T08:17:53.952Z
greenhouse	https://job-boards.greenhouse.io/formatservices	1	2026-09-28T08:17:54.144Z
greenhouse	https://job-boards.greenhouse.io/formbio	1	2026-09-28T08:17:54.147Z
greenhouse	https://job-boards.greenhouse.io/formidable	1	2026-09-28T08:17:54.284Z
greenhouse	https://job-boards.greenhouse.io/fortbend	1	2026-09-28T08:17:54.481Z
greenhouse	https://job-boards.greenhouse.io/forthealth	1	2026-09-28T08:17:54.693Z
greenhouse	https://job-boards.greenhouse.io/fortra	1	2026-09-28T08:17:54.959Z
greenhouse	https://job-boards.greenhouse.io/fortunafi	1	2026-09-28T08:17:55.091Z
greenhouse	https://job-boards.greenhouse.io/fortune	1	2026-09-28T08:17:55.096Z
greenhouse	https://job-boards.greenhouse.io/forwardfinancing	1	2026-09-28T08:17:55.292Z
greenhouse	https://job-boards.greenhouse.io/fossa	1	2026-09-28T08:17:55.451Z
greenhouse	https://job-boards.greenhouse.io/foundation	1	2026-09-28T08:17:55.627Z
greenhouse	https://job-boards.greenhouse.io/foundationforahealthystpetersburg	1	2026-09-28T08:17:55.666Z
greenhouse	https://job-boards.greenhouse.io/foundersintelligence	1	2026-09-28T08:17:55.852Z
greenhouse	https://job-boards.greenhouse.io/foundrytechnologiesinc	1	2026-09-28T08:17:56.008Z
greenhouse	https://job-boards.greenhouse.io/fountain	1	2026-09-28T08:17:56.046Z
greenhouse	https://job-boards.greenhouse.io/fountain-mx	1	2026-09-28T08:17:56.051Z
greenhouse	https://job-boards.greenhouse.io/foursight	1	2026-09-28T08:17:56.248Z
greenhouse	https://job-boards.greenhouse.io/foursquare26	1	2026-09-28T08:17:56.243Z
greenhouse	https://job-boards.greenhouse.io/foxrobotics	1	2026-09-28T08:17:56.370Z
greenhouse	https://job-boards.greenhouse.io/fractalai	1	2026-09-28T08:17:56.440Z
greenhouse	https://job-boards.greenhouse.io/frankieone	1	2026-09-28T08:17:56.631Z
greenhouse	https://job-boards.greenhouse.io/franklincovey	1	2026-09-28T08:17:56.635Z
greenhouse	https://job-boards.greenhouse.io/freedamedia	1	2026-09-28T08:17:56.649Z
greenhouse	https://job-boards.greenhouse.io/freedomofthepressfoundation	1	2026-09-28T08:17:56.825Z
greenhouse	https://job-boards.greenhouse.io/freetrade	1	2026-09-28T08:17:57.445Z
greenhouse	https://job-boards.greenhouse.io/freewill	1	2026-09-28T08:17:57.452Z
greenhouse	https://job-boards.greenhouse.io/frequenceinc	1	2026-09-28T08:17:57.547Z
greenhouse	https://job-boards.greenhouse.io/freshbooks	1	2026-09-28T08:17:57.640Z
greenhouse	https://job-boards.greenhouse.io/freshrealm	1	2026-09-28T08:17:57.738Z
greenhouse	https://job-boards.greenhouse.io/frgjobs	1	2026-09-28T08:17:57.777Z
greenhouse	https://job-boards.greenhouse.io/frieda	1	2026-09-28T08:17:58.003Z
greenhouse	https://job-boards.greenhouse.io/friendbuy	1	2026-09-28T08:17:57.933Z
greenhouse	https://job-boards.greenhouse.io/friendsurance	1	2026-09-28T08:17:58.135Z
greenhouse	https://job-boards.greenhouse.io/frontrunner	1	2026-09-28T08:17:58.323Z
greenhouse	https://job-boards.greenhouse.io/fruition	1	2026-09-28T08:17:58.478Z
greenhouse	https://job-boards.greenhouse.io/ftgoldenwolf	1	2026-09-28T08:17:58.914Z
greenhouse	https://job-boards.greenhouse.io/fullstory	1	2026-09-28T08:17:59.539Z
greenhouse	https://job-boards.greenhouse.io/funinc	1	2026-09-28T08:17:59.771Z
greenhouse	https://job-boards.greenhouse.io/futronics	1	2026-09-28T08:18:00.266Z
greenhouse	https://job-boards.greenhouse.io/futurehouse	1	2026-09-28T08:18:00.480Z
greenhouse	https://job-boards.greenhouse.io/futurewise	1	2026-09-28T08:18:00.492Z
greenhouse	https://job-boards.greenhouse.io/fuzehealth	1	2026-09-28T08:18:00.685Z
greenhouse	https://job-boards.greenhouse.io/fyllo	1	2026-09-28T08:18:00.879Z
greenhouse	https://job-boards.greenhouse.io/g2crowd	1	2026-09-28T08:18:00.910Z
greenhouse	https://job-boards.greenhouse.io/gabbwirelessinc	1	2026-09-28T08:18:01.070Z
greenhouse	https://job-boards.greenhouse.io/gafg	1	2026-09-28T08:18:01.284Z
greenhouse	https://job-boards.greenhouse.io/gaia	1	2026-09-28T08:18:01.274Z
greenhouse	https://job-boards.greenhouse.io/gainful	1	2026-09-28T08:18:01.304Z
greenhouse	https://job-boards.greenhouse.io/gainternships	1	2026-09-28T08:18:01.464Z
greenhouse	https://job-boards.greenhouse.io/galagames	1	2026-09-28T08:18:01.654Z
greenhouse	https://job-boards.greenhouse.io/galileoai	1	2026-09-28T08:18:01.848Z
greenhouse	https://job-boards.greenhouse.io/galileofinancialtechnologies	1	2026-09-28T08:18:01.911Z
greenhouse	https://job-boards.greenhouse.io/galy	1	2026-09-28T08:18:02.308Z
greenhouse	https://job-boards.greenhouse.io/gamedevsofcolor	1	2026-09-28T08:18:02.313Z
greenhouse	https://job-boards.greenhouse.io/gamelight	1	2026-09-28T08:18:03.077Z
greenhouse	https://job-boards.greenhouse.io/gamesys	1	2026-09-28T08:18:02.713Z
greenhouse	https://job-boards.greenhouse.io/gameto	1	2026-09-28T08:18:02.903Z
greenhouse	https://job-boards.greenhouse.io/garnerhealthconfidential	1	2026-09-28T08:18:03.369Z
greenhouse	https://job-boards.greenhouse.io/gatewayfm	1	2026-09-28T08:18:03.704Z
greenhouse	https://job-boards.greenhouse.io/gathertown	1	2026-09-28T08:18:03.901Z
greenhouse	https://job-boards.greenhouse.io/geekhivejobs	1	2026-09-28T08:18:05.594Z
greenhouse	https://job-boards.greenhouse.io/gelato	1	2026-09-28T08:18:05.594Z
greenhouse	https://job-boards.greenhouse.io/gelfandrennertfeldman	1	2026-09-28T08:18:05.813Z
greenhouse	https://job-boards.greenhouse.io/geminitherapeutics	1	2026-09-28T08:18:05.828Z
greenhouse	https://job-boards.greenhouse.io/generalcatalystpartners	1	2026-09-28T08:18:06.551Z
greenhouse	https://job-boards.greenhouse.io/generatecapital	1	2026-09-28T08:18:06.646Z
greenhouse	https://job-boards.greenhouse.io/generation	1	2026-09-28T08:18:06.750Z
greenhouse	https://job-boards.greenhouse.io/generationbio	1	2026-09-28T08:18:06.836Z
greenhouse	https://job-boards.greenhouse.io/geneva	1	2026-09-28T08:18:06.834Z
greenhouse	https://job-boards.greenhouse.io/genies	1	2026-09-28T08:18:07.034Z
greenhouse	https://job-boards.greenhouse.io/genpopinteractiveinc	1	2026-09-28T08:18:07.969Z
greenhouse	https://job-boards.greenhouse.io/geocaching	1	2026-09-28T08:18:08.259Z
greenhouse	https://job-boards.greenhouse.io/getduos	1	2026-09-28T08:18:09.277Z
greenhouse	https://job-boards.greenhouse.io/getepic	1	2026-09-28T08:18:09.351Z
greenhouse	https://job-boards.greenhouse.io/getground	1	2026-09-28T08:18:09.358Z
greenhouse	https://job-boards.greenhouse.io/getprospa	1	2026-09-28T08:18:09.470Z
greenhouse	https://job-boards.greenhouse.io/getro	1	2026-09-28T08:18:09.547Z
greenhouse	https://job-boards.greenhouse.io/getsafe	1	2026-09-28T08:18:09.552Z
greenhouse	https://job-boards.greenhouse.io/getshogun	1	2026-09-28T08:18:09.670Z
greenhouse	https://job-boards.greenhouse.io/ghd	1	2026-09-28T08:18:09.745Z
greenhouse	https://job-boards.greenhouse.io/ghostautonomy	1	2026-09-28T08:18:09.875Z
greenhouse	https://job-boards.greenhouse.io/ghostsecurity	1	2026-09-28T08:18:09.876Z
greenhouse	https://job-boards.greenhouse.io/giantprotocol	1	2026-09-28T08:18:10.517Z
greenhouse	https://job-boards.greenhouse.io/giantspoon	1	2026-09-28T08:18:10.012Z
greenhouse	https://job-boards.greenhouse.io/gic	1	2026-09-28T08:18:10.062Z
greenhouse	https://job-boards.greenhouse.io/gigster	1	2026-09-28T08:18:10.254Z
greenhouse	https://job-boards.greenhouse.io/gimletmedia	1	2026-09-28T08:18:10.521Z
greenhouse	https://job-boards.greenhouse.io/ginger	1	2026-09-28T08:18:10.665Z
greenhouse	https://job-boards.greenhouse.io/giphy	1	2026-09-28T08:18:10.711Z
greenhouse	https://job-boards.greenhouse.io/github	1	2026-09-28T08:18:11.135Z
greenhouse	https://job-boards.greenhouse.io/gitpod	1	2026-09-28T08:18:11.172Z
greenhouse	https://job-boards.greenhouse.io/givenscommunities	1	2026-09-28T08:18:11.481Z
greenhouse	https://job-boards.greenhouse.io/glaciergrid	1	2026-09-28T08:18:11.676Z
greenhouse	https://job-boards.greenhouse.io/glassdoor	1	2026-09-28T08:18:11.907Z
greenhouse	https://job-boards.greenhouse.io/glean	1	2026-09-28T08:18:11.941Z
greenhouse	https://job-boards.greenhouse.io/glia	1	2026-09-28T08:18:12.237Z
greenhouse	https://job-boards.greenhouse.io/glidepathventuresllcdbaprospect14	1	2026-09-28T08:18:12.355Z
greenhouse	https://job-boards.greenhouse.io/globalhealthlabs	1	2026-09-28T08:18:12.734Z
greenhouse	https://job-boards.greenhouse.io/globalincomecoin	1	2026-09-28T08:18:12.759Z
greenhouse	https://job-boards.greenhouse.io/globalteletherapyjobs	1	2026-09-28T08:18:13.101Z
greenhouse	https://job-boards.greenhouse.io/globalworldwide	1	2026-09-28T08:18:13.108Z
greenhouse	https://job-boards.greenhouse.io/glossgenius	1	2026-09-28T08:18:13.280Z
greenhouse	https://job-boards.greenhouse.io/glowbar	1	2026-09-28T08:18:13.295Z
greenhouse	https://job-boards.greenhouse.io/gluo	1	2026-09-28T08:18:13.342Z
greenhouse	https://job-boards.greenhouse.io/gluwa	1	2026-09-28T08:18:13.339Z
greenhouse	https://job-boards.greenhouse.io/gmedna	1	2026-09-28T08:18:13.484Z
greenhouse	https://job-boards.greenhouse.io/gnosis	1	2026-09-28T08:18:13.542Z
greenhouse	https://job-boards.greenhouse.io/go1blinkist	1	2026-09-28T08:18:13.711Z
greenhouse	https://job-boards.greenhouse.io/goclio	1	2026-09-28T08:18:14.156Z
greenhouse	https://job-boards.greenhouse.io/gofoundation	1	2026-09-28T08:18:14.324Z
greenhouse	https://job-boards.greenhouse.io/gogratia	1	2026-09-28T08:18:14.406Z
greenhouse	https://job-boards.greenhouse.io/gohealth	1	2026-09-28T08:18:14.520Z
greenhouse	https://job-boards.greenhouse.io/goldbelly	1	2026-09-28T08:18:14.571Z
greenhouse	https://job-boards.greenhouse.io/goldenstatewarriors	1	2026-09-28T08:18:14.867Z
greenhouse	https://job-boards.greenhouse.io/goldenwolf	1	2026-09-28T08:18:14.911Z
greenhouse	https://job-boards.greenhouse.io/goldflora	1	2026-09-28T08:18:14.961Z
greenhouse	https://job-boards.greenhouse.io/goldsky	1	2026-09-28T08:18:15.040Z
greenhouse	https://job-boards.greenhouse.io/gomedia	1	2026-09-28T08:18:15.151Z
greenhouse	https://job-boards.greenhouse.io/gonimbly	1	2026-09-28T08:18:15.243Z
greenhouse	https://job-boards.greenhouse.io/goodfeet	1	2026-09-28T08:18:15.346Z
greenhouse	https://job-boards.greenhouse.io/goodunited	1	2026-09-28T08:18:15.932Z
greenhouse	https://job-boards.greenhouse.io/goodworker	1	2026-09-28T08:18:16.039Z
greenhouse	https://job-boards.greenhouse.io/goodworldwide	1	2026-09-28T08:18:16.040Z
greenhouse	https://job-boards.greenhouse.io/govini	1	2026-09-28T08:18:16.775Z
greenhouse	https://job-boards.greenhouse.io/govos	1	2026-09-28T08:18:16.913Z
greenhouse	https://job-boards.greenhouse.io/govport	1	2026-09-28T08:18:16.958Z
greenhouse	https://job-boards.greenhouse.io/govtechbarbados	1	2026-09-28T08:18:16.973Z
greenhouse	https://job-boards.greenhouse.io/grabango	1	2026-09-28T08:18:17.031Z
greenhouse	https://job-boards.greenhouse.io/gradientcomfort	1	2026-09-28T08:18:17.241Z
greenhouse	https://job-boards.greenhouse.io/gradientlearning	1	2026-09-28T08:18:17.252Z
greenhouse	https://job-boards.greenhouse.io/graft	1	2026-09-28T08:18:17.446Z
greenhouse	https://job-boards.greenhouse.io/grammarly	1	2026-09-28T08:18:17.659Z
greenhouse	https://job-boards.greenhouse.io/grandofprospect	1	2026-09-28T08:18:17.673Z
greenhouse	https://job-boards.greenhouse.io/granular	1	2026-09-28T08:18:17.705Z
greenhouse	https://job-boards.greenhouse.io/grassrootsvoteroutreach	1	2026-09-28T08:18:17.957Z
greenhouse	https://job-boards.greenhouse.io/gratadata	1	2026-09-28T08:18:18.356Z
greenhouse	https://job-boards.greenhouse.io/gravitypayments	1	2026-09-28T08:18:19.913Z
greenhouse	https://job-boards.greenhouse.io/grayling	1	2026-09-28T08:18:20.248Z
greenhouse	https://job-boards.greenhouse.io/graymatterrobotics	1	2026-09-28T08:18:20.251Z
greenhouse	https://job-boards.greenhouse.io/grayscalable	1	2026-09-28T08:18:20.254Z
greenhouse	https://job-boards.greenhouse.io/greatist	1	2026-09-28T08:18:20.260Z
greenhouse	https://job-boards.greenhouse.io/greenlightbiosciences	1	2026-09-28T08:18:20.454Z
greenhouse	https://job-boards.greenhouse.io/gregarious	1	2026-09-28T08:18:20.924Z
greenhouse	https://job-boards.greenhouse.io/griffin	1	2026-09-28T08:18:23.507Z
greenhouse	https://job-boards.greenhouse.io/grindr	1	2026-09-28T08:18:28.679Z
greenhouse	https://job-boards.greenhouse.io/gro	1	2026-09-28T08:18:23.706Z
greenhouse	https://job-boards.greenhouse.io/groombuggy	1	2026-09-28T08:18:23.789Z
greenhouse	https://job-boards.greenhouse.io/groove	1	2026-09-28T08:18:23.895Z
greenhouse	https://job-boards.greenhouse.io/groq	1	2026-09-28T08:18:23.977Z
greenhouse	https://job-boards.greenhouse.io/groundtruth	1	2026-09-28T08:18:24.072Z
greenhouse	https://job-boards.greenhouse.io/groupblack	1	2026-09-28T08:18:24.165Z
greenhouse	https://job-boards.greenhouse.io/groupninemedia	1	2026-09-28T08:18:24.261Z
greenhouse	https://job-boards.greenhouse.io/growflow	1	2026-09-28T08:18:25.119Z
greenhouse	https://job-boards.greenhouse.io/growthday	1	2026-09-28T08:18:25.279Z
greenhouse	https://job-boards.greenhouse.io/growtherapy	1	2026-09-28T08:18:25.120Z
greenhouse	https://job-boards.greenhouse.io/guayaki	1	2026-09-28T08:18:26.211Z
greenhouse	https://job-boards.greenhouse.io/guerrilla	1	2026-09-28T08:18:26.297Z
greenhouse	https://job-boards.greenhouse.io/guestready	1	2026-09-28T08:18:26.401Z
greenhouse	https://job-boards.greenhouse.io/guideline	1	2026-09-28T08:18:26.427Z
greenhouse	https://job-boards.greenhouse.io/guidepostchicagoland	1	2026-09-28T08:18:26.625Z
greenhouse	https://job-boards.greenhouse.io/guildeducation	1	2026-09-28T08:18:27.107Z
greenhouse	https://job-boards.greenhouse.io/gunner	1	2026-09-28T08:18:27.326Z
greenhouse	https://job-boards.greenhouse.io/guru	1	2026-09-28T08:18:27.541Z
greenhouse	https://job-boards.greenhouse.io/halodotscience	1	2026-09-28T08:18:28.486Z
greenhouse	https://job-boards.greenhouse.io/hammerhead	1	2026-09-28T08:18:28.639Z
greenhouse	https://job-boards.greenhouse.io/hamptons	1	2026-09-28T08:18:28.655Z
greenhouse	https://job-boards.greenhouse.io/handled	1	2026-09-28T08:18:28.674Z
greenhouse	https://job-boards.greenhouse.io/happifyhealth	1	2026-09-28T08:18:28.911Z
greenhouse	https://job-boards.greenhouse.io/harmonic	1	2026-09-28T08:18:29.450Z
greenhouse	https://job-boards.greenhouse.io/harperdbinc	1	2026-09-28T08:18:29.485Z
greenhouse	https://job-boards.greenhouse.io/harrysinc	1	2026-09-28T08:18:29.806Z
greenhouse	https://job-boards.greenhouse.io/hashicorp	1	2026-09-28T08:18:30.081Z
greenhouse	https://job-boards.greenhouse.io/havenhub	1	2026-09-28T08:18:30.285Z
greenhouse	https://job-boards.greenhouse.io/havenly	1	2026-09-28T08:18:30.346Z
greenhouse	https://job-boards.greenhouse.io/haydenai	1	2026-09-28T08:18:30.325Z
greenhouse	https://job-boards.greenhouse.io/haydenconsultinggroupllc	1	2026-09-28T08:18:30.326Z
greenhouse	https://job-boards.greenhouse.io/hazeltechnologies	1	2026-09-28T08:18:30.497Z
greenhouse	https://job-boards.greenhouse.io/hc1	1	2026-09-28T08:18:30.558Z
greenhouse	https://job-boards.greenhouse.io/hcss	1	2026-09-28T08:18:30.770Z
greenhouse	https://job-boards.greenhouse.io/hctechnologies	1	2026-09-28T08:18:31.077Z
greenhouse	https://job-boards.greenhouse.io/headborneai-gmbh	1	2026-09-28T08:18:30.853Z
greenhouse	https://job-boards.greenhouse.io/headspace	1	2026-09-28T08:18:31.043Z
greenhouse	https://job-boards.greenhouse.io/headway	1	2026-09-28T08:18:31.255Z
greenhouse	https://job-boards.greenhouse.io/healthfidelity	1	2026-09-28T08:18:31.409Z
greenhouse	https://job-boards.greenhouse.io/healthgorilla	1	2026-09-28T08:18:31.451Z
greenhouse	https://job-boards.greenhouse.io/healthgrades	1	2026-09-28T08:18:31.456Z
greenhouse	https://job-boards.greenhouse.io/healthnote	1	2026-09-28T08:18:31.603Z
greenhouse	https://job-boards.greenhouse.io/healthrehabsolutions	1	2026-09-28T08:18:31.641Z
greenhouse	https://job-boards.greenhouse.io/healx	1	2026-09-28T08:18:31.676Z
greenhouse	https://job-boards.greenhouse.io/heap	1	2026-09-28T08:18:31.763Z
greenhouse	https://job-boards.greenhouse.io/heartex	1	2026-09-28T08:18:31.873Z
greenhouse	https://job-boards.greenhouse.io/heartsoilsupplements	1	2026-09-28T08:18:32.001Z
greenhouse	https://job-boards.greenhouse.io/hebbia	1	2026-09-28T08:18:32.093Z
greenhouse	https://job-boards.greenhouse.io/hefreelancenetwork	1	2026-09-28T08:18:32.206Z
greenhouse	https://job-boards.greenhouse.io/heir	1	2026-09-28T08:18:32.238Z
greenhouse	https://job-boards.greenhouse.io/helainainc	1	2026-09-28T08:18:32.286Z
greenhouse	https://job-boards.greenhouse.io/helionenergy	1	2026-09-28T08:18:32.283Z
greenhouse	https://job-boards.greenhouse.io/helionenergycontractors	1	2026-09-28T08:18:32.353Z
greenhouse	https://job-boards.greenhouse.io/helionenergyinternship	1	2026-09-28T08:18:32.404Z
greenhouse	https://job-boards.greenhouse.io/helios	1	2026-09-28T08:18:32.430Z
greenhouse	https://job-boards.greenhouse.io/heliosservicepartners	1	2026-09-28T08:18:32.484Z
greenhouse	https://job-boards.greenhouse.io/helix	1	2026-09-28T08:18:32.594Z
greenhouse	https://job-boards.greenhouse.io/helloalfred	1	2026-09-28T08:18:32.686Z
greenhouse	https://job-boards.greenhouse.io/hellosign	1	2026-09-28T08:18:32.973Z
greenhouse	https://job-boards.greenhouse.io/helloskylight	1	2026-09-28T08:18:33.040Z
greenhouse	https://job-boards.greenhouse.io/helmai	1	2026-09-28T08:18:33.093Z
greenhouse	https://job-boards.greenhouse.io/helmpointsolutions	1	2026-09-28T08:18:33.198Z
greenhouse	https://job-boards.greenhouse.io/heycar	1	2026-09-28T08:18:34.261Z
greenhouse	https://job-boards.greenhouse.io/hibu	1	2026-09-28T08:18:34.515Z
greenhouse	https://job-boards.greenhouse.io/hidden	1	2026-09-28T08:18:34.514Z
greenhouse	https://job-boards.greenhouse.io/hiddenroad	1	2026-09-28T08:18:34.711Z
greenhouse	https://job-boards.greenhouse.io/high5games	1	2026-09-28T08:18:34.731Z
greenhouse	https://job-boards.greenhouse.io/higharc	1	2026-09-28T08:18:34.732Z
greenhouse	https://job-boards.greenhouse.io/highergroundeducation	1	2026-09-28T08:18:34.735Z
greenhouse	https://job-boards.greenhouse.io/highfi	1	2026-09-28T08:18:34.933Z
greenhouse	https://job-boards.greenhouse.io/hightower	1	2026-09-28T08:18:34.986Z
greenhouse	https://job-boards.greenhouse.io/hilabs	1	2026-09-28T08:18:35.131Z
greenhouse	https://job-boards.greenhouse.io/hillaryforamerica	1	2026-09-28T08:18:35.379Z
greenhouse	https://job-boards.greenhouse.io/himshers	1	2026-09-28T08:18:35.621Z
greenhouse	https://job-boards.greenhouse.io/hired	1	2026-09-28T08:18:35.846Z
greenhouse	https://job-boards.greenhouse.io/hispanicaccessfoundation	1	2026-09-28T08:18:36.025Z
greenhouse	https://job-boards.greenhouse.io/hitachidigitalservices	1	2026-09-28T08:18:37.453Z
greenhouse	https://job-boards.greenhouse.io/hitachivantaracorporation	1	2026-09-28T08:18:36.218Z
greenhouse	https://job-boards.greenhouse.io/hitostudios	1	2026-09-28T08:18:36.215Z
greenhouse	https://job-boards.greenhouse.io/hivemq	1	2026-09-28T08:18:36.408Z
greenhouse	https://job-boards.greenhouse.io/hivewatch	1	2026-09-28T08:18:36.413Z
greenhouse	https://job-boards.greenhouse.io/hiya	1	2026-09-28T08:18:36.497Z
greenhouse	https://job-boards.greenhouse.io/hofy	1	2026-09-28T08:18:36.506Z
greenhouse	https://job-boards.greenhouse.io/hollywoodparksofistadium	1	2026-09-28T08:18:36.690Z
greenhouse	https://job-boards.greenhouse.io/homeadvisorangieslist	1	2026-09-28T08:18:36.860Z
greenhouse	https://job-boards.greenhouse.io/homebase	1	2026-09-28T08:18:36.882Z
greenhouse	https://job-boards.greenhouse.io/homebaseopenpositions	1	2026-09-28T08:18:36.906Z
greenhouse	https://job-boards.greenhouse.io/homebound	1	2026-09-28T08:18:37.057Z
greenhouse	https://job-boards.greenhouse.io/homefielditakamanhattantechsupportcom	1	2026-09-28T08:18:37.455Z
greenhouse	https://job-boards.greenhouse.io/homeoffice	1	2026-09-28T08:18:37.646Z
greenhouse	https://job-boards.greenhouse.io/homesteadstudio	1	2026-09-28T08:18:37.876Z
greenhouse	https://job-boards.greenhouse.io/hometogo	1	2026-09-28T08:18:38.067Z
greenhouse	https://job-boards.greenhouse.io/homewardhealth	1	2026-09-28T08:18:38.108Z
greenhouse	https://job-boards.greenhouse.io/honestmedicalgroup	1	2026-09-28T08:18:38.310Z
greenhouse	https://job-boards.greenhouse.io/honey	1	2026-09-28T08:18:38.318Z
greenhouse	https://job-boards.greenhouse.io/honeybook	1	2026-09-28T08:18:38.466Z
greenhouse	https://job-boards.greenhouse.io/honeylove	1	2026-09-28T08:18:38.610Z
greenhouse	https://job-boards.greenhouse.io/hooglandslandscape	1	2026-09-28T08:18:38.747Z
greenhouse	https://job-boards.greenhouse.io/hopin	1	2026-09-28T08:18:38.973Z
greenhouse	https://job-boards.greenhouse.io/hoppr	1	2026-09-28T08:18:39.033Z
greenhouse	https://job-boards.greenhouse.io/hopscotchhealth	1	2026-09-28T08:18:39.151Z
greenhouse	https://job-boards.greenhouse.io/horizon3	1	2026-09-28T08:18:39.432Z
greenhouse	https://job-boards.greenhouse.io/horizons	1	2026-09-28T08:18:39.609Z
greenhouse	https://job-boards.greenhouse.io/hotelengine	1	2026-09-28T08:18:39.629Z
greenhouse	https://job-boards.greenhouse.io/hotelenginereferrals	1	2026-09-28T08:18:39.749Z
greenhouse	https://job-boards.greenhouse.io/hotjar	1	2026-09-28T08:18:39.783Z
greenhouse	https://job-boards.greenhouse.io/hotwireau	1	2026-09-28T08:18:39.944Z
greenhouse	https://job-boards.greenhouse.io/hotwirede	1	2026-09-28T08:18:40.015Z
greenhouse	https://job-boards.greenhouse.io/hotwirees	1	2026-09-28T08:18:40.035Z
greenhouse	https://job-boards.greenhouse.io/hotwireit	1	2026-09-28T08:18:40.046Z
greenhouse	https://job-boards.greenhouse.io/hotwireprus	1	2026-09-28T08:18:40.063Z
greenhouse	https://job-boards.greenhouse.io/houndmoundsincdbapoop911	1	2026-09-28T08:18:40.064Z
greenhouse	https://job-boards.greenhouse.io/houseaccount	1	2026-09-28T08:18:40.139Z
greenhouse	https://job-boards.greenhouse.io/howeinc	1	2026-09-28T08:18:40.514Z
greenhouse	https://job-boards.greenhouse.io/howl	1	2026-09-28T08:18:40.641Z
greenhouse	https://job-boards.greenhouse.io/hpone	1	2026-09-28T08:18:40.873Z
greenhouse	https://job-boards.greenhouse.io/hqdigital	1	2026-09-28T08:18:40.874Z
greenhouse	https://job-boards.greenhouse.io/huddle01	1	2026-09-28T08:18:41.762Z
greenhouse	https://job-boards.greenhouse.io/hudsonmx	1	2026-09-28T08:18:41.764Z
greenhouse	https://job-boards.greenhouse.io/humanconditionsafety	1	2026-09-28T08:18:42.064Z
greenhouse	https://job-boards.greenhouse.io/humane	1	2026-09-28T08:18:42.065Z
greenhouse	https://job-boards.greenhouse.io/humu	1	2026-09-28T08:18:42.463Z
greenhouse	https://job-boards.greenhouse.io/huspy	1	2026-09-28T08:18:42.772Z
greenhouse	https://job-boards.greenhouse.io/hutsoninc	1	2026-09-28T08:18:42.914Z
greenhouse	https://job-boards.greenhouse.io/hwco	1	2026-09-28T08:18:42.967Z
greenhouse	https://job-boards.greenhouse.io/hwl	1	2026-09-28T08:18:43.112Z
greenhouse	https://job-boards.greenhouse.io/hwp	1	2026-09-28T08:18:43.102Z
greenhouse	https://job-boards.greenhouse.io/hypergiant	1	2026-09-28T08:18:43.448Z
greenhouse	https://job-boards.greenhouse.io/hyperheat	1	2026-09-28T08:18:43.567Z
greenhouse	https://job-boards.greenhouse.io/hyperiondev	1	2026-09-28T08:18:43.568Z
greenhouse	https://job-boards.greenhouse.io/hyperlooptechnologies	1	2026-09-28T08:18:43.615Z
greenhouse	https://job-boards.greenhouse.io/hyphenate	1	2026-09-28T08:18:43.768Z
greenhouse	https://job-boards.greenhouse.io/hyphenconnect	1	2026-09-28T08:18:43.770Z
greenhouse	https://job-boards.greenhouse.io/hypixelstudios	1	2026-09-28T08:18:43.769Z
greenhouse	https://job-boards.greenhouse.io/hyundaiuam	1	2026-09-28T08:18:44.029Z
greenhouse	https://job-boards.greenhouse.io/ia	1	2026-09-28T08:18:43.984Z
greenhouse	https://job-boards.greenhouse.io/ibanfirst	1	2026-09-28T08:18:44.120Z
greenhouse	https://job-boards.greenhouse.io/ibkr	1	2026-09-28T08:18:44.182Z
greenhouse	https://job-boards.greenhouse.io/ibotta	1	2026-09-28T08:18:44.223Z
greenhouse	https://job-boards.greenhouse.io/iconiqcapital	1	2026-09-28T08:18:44.681Z
greenhouse	https://job-boards.greenhouse.io/ideas42	1	2026-09-28T08:18:44.998Z
greenhouse	https://job-boards.greenhouse.io/ideoorg	1	2026-09-28T08:18:44.882Z
greenhouse	https://job-boards.greenhouse.io/iedigital	1	2026-09-28T08:18:45.125Z
greenhouse	https://job-boards.greenhouse.io/ifood	1	2026-09-28T08:18:45.321Z
greenhouse	https://job-boards.greenhouse.io/iguazio	1	2026-09-28T08:18:45.505Z
greenhouse	https://job-boards.greenhouse.io/iherb	1	2026-09-28T08:18:45.516Z
greenhouse	https://job-boards.greenhouse.io/ihiterrasun	1	2026-09-28T08:18:45.593Z
greenhouse	https://job-boards.greenhouse.io/iinktech	1	2026-09-28T08:18:45.594Z
greenhouse	https://job-boards.greenhouse.io/ilabsinnovationlabsinc	1	2026-09-28T08:18:45.698Z
greenhouse	https://job-boards.greenhouse.io/illumio	1	2026-09-28T08:18:45.707Z
greenhouse	https://job-boards.greenhouse.io/imagendarystudios	1	2026-09-28T08:18:45.788Z
greenhouse	https://job-boards.greenhouse.io/imagentechnologies	1	2026-09-28T08:18:45.831Z
greenhouse	https://job-boards.greenhouse.io/immpactbio	1	2026-09-28T08:18:46.266Z
greenhouse	https://job-boards.greenhouse.io/immunai	1	2026-09-28T08:18:46.387Z
greenhouse	https://job-boards.greenhouse.io/impossiblefoods	1	2026-09-28T08:18:46.808Z
greenhouse	https://job-boards.greenhouse.io/imprint	1	2026-09-28T08:18:46.833Z
greenhouse	https://job-boards.greenhouse.io/inariagriculture	1	2026-09-28T08:18:47.023Z
greenhouse	https://job-boards.greenhouse.io/incubator	1	2026-09-28T08:18:47.339Z
greenhouse	https://job-boards.greenhouse.io/indevets	1	2026-09-28T08:18:47.395Z
greenhouse	https://job-boards.greenhouse.io/indexexchange	1	2026-09-28T08:18:47.443Z
greenhouse	https://job-boards.greenhouse.io/industrious	1	2026-09-28T08:18:47.669Z
greenhouse	https://job-boards.greenhouse.io/infarm	1	2026-09-28T08:18:47.858Z
greenhouse	https://job-boards.greenhouse.io/infinitecommerce	1	2026-09-28T08:18:47.864Z
greenhouse	https://job-boards.greenhouse.io/infinitefield	1	2026-09-28T08:18:47.966Z
greenhouse	https://job-boards.greenhouse.io/infinitereality	1	2026-09-28T08:18:47.966Z
greenhouse	https://job-boards.greenhouse.io/influential	1	2026-09-28T08:18:48.155Z
greenhouse	https://job-boards.greenhouse.io/influxdb	1	2026-09-28T08:18:48.331Z
greenhouse	https://job-boards.greenhouse.io/infusemedia	1	2026-09-28T08:18:48.430Z
greenhouse	https://job-boards.greenhouse.io/infuseukraine	1	2026-09-28T08:18:48.709Z
greenhouse	https://job-boards.greenhouse.io/ingenuitystudios	1	2026-09-28T08:18:48.518Z
greenhouse	https://job-boards.greenhouse.io/initialtherapeutics	1	2026-09-28T08:18:48.710Z
greenhouse	https://job-boards.greenhouse.io/inkling	1	2026-09-28T08:18:48.906Z
greenhouse	https://job-boards.greenhouse.io/innovaccer	1	2026-09-28T08:18:49.113Z
greenhouse	https://job-boards.greenhouse.io/innovatel	1	2026-09-28T08:18:49.104Z
greenhouse	https://job-boards.greenhouse.io/innovior	1	2026-09-28T08:18:49.336Z
greenhouse	https://job-boards.greenhouse.io/innovusion	1	2026-09-28T08:18:49.341Z
greenhouse	https://job-boards.greenhouse.io/insideviewin	1	2026-09-28T08:18:49.487Z
greenhouse	https://job-boards.greenhouse.io/insify	1	2026-09-28T08:18:49.486Z
greenhouse	https://job-boards.greenhouse.io/insightec	1	2026-09-28T08:18:50.879Z
greenhouse	https://job-boards.greenhouse.io/insightly	1	2026-09-28T08:18:49.698Z
greenhouse	https://job-boards.greenhouse.io/insightmediagroupllc	1	2026-09-28T08:18:49.696Z
greenhouse	https://job-boards.greenhouse.io/insitro	1	2026-09-28T08:18:49.759Z
greenhouse	https://job-boards.greenhouse.io/insomniacgames	1	2026-09-28T08:18:49.891Z
greenhouse	https://job-boards.greenhouse.io/inspiren	1	2026-09-28T08:18:50.127Z
greenhouse	https://job-boards.greenhouse.io/instabase	1	2026-09-28T08:18:50.302Z
greenhouse	https://job-boards.greenhouse.io/instnt	1	2026-09-28T08:18:50.620Z
greenhouse	https://job-boards.greenhouse.io/insureyourfuturega	1	2026-09-28T08:18:50.780Z
greenhouse	https://job-boards.greenhouse.io/integraladscience	1	2026-09-28T08:18:51.082Z
greenhouse	https://job-boards.greenhouse.io/integralneuro	1	2026-09-28T08:18:51.083Z
greenhouse	https://job-boards.greenhouse.io/integrate	1	2026-09-28T08:18:51.130Z
greenhouse	https://job-boards.greenhouse.io/integrateai	1	2026-09-28T08:18:51.182Z
greenhouse	https://job-boards.greenhouse.io/integrityinstitute	1	2026-09-28T08:18:51.502Z
greenhouse	https://job-boards.greenhouse.io/intelextechnologies	1	2026-09-28T08:18:51.274Z
greenhouse	https://job-boards.greenhouse.io/intelligo	1	2026-09-28T08:18:51.280Z
greenhouse	https://job-boards.greenhouse.io/interchain	1	2026-09-28T08:18:51.544Z
greenhouse	https://job-boards.greenhouse.io/interfaceai	1	2026-09-28T08:18:51.740Z
greenhouse	https://job-boards.greenhouse.io/internationalcruiseandexcursionsinc	1	2026-09-28T08:18:52.098Z
greenhouse	https://job-boards.greenhouse.io/internationalrecruitment	1	2026-09-28T08:18:52.100Z
greenhouse	https://job-boards.greenhouse.io/interpublicgroup	1	2026-09-28T08:18:52.339Z
greenhouse	https://job-boards.greenhouse.io/intersection	1	2026-09-28T08:18:52.328Z
greenhouse	https://job-boards.greenhouse.io/interviewkickstart	1	2026-09-28T08:18:52.603Z
greenhouse	https://job-boards.greenhouse.io/inventables	1	2026-09-28T08:18:53.081Z
greenhouse	https://job-boards.greenhouse.io/invertase	1	2026-09-28T08:18:53.129Z
greenhouse	https://job-boards.greenhouse.io/investorhub	1	2026-09-28T08:18:53.158Z
greenhouse	https://job-boards.greenhouse.io/invisibly	1	2026-09-28T08:18:53.342Z
greenhouse	https://job-boards.greenhouse.io/invision	1	2026-09-28T08:18:53.343Z
greenhouse	https://job-boards.greenhouse.io/invitae	1	2026-09-28T08:18:53.355Z
greenhouse	https://job-boards.greenhouse.io/invokestudiosen	1	2026-09-28T08:18:53.534Z
greenhouse	https://job-boards.greenhouse.io/inworldai	1	2026-09-28T08:18:53.553Z
greenhouse	https://job-boards.greenhouse.io/iob	1	2026-09-28T08:18:53.728Z
greenhouse	https://job-boards.greenhouse.io/iovlabsltd	1	2026-09-28T08:18:53.770Z
greenhouse	https://job-boards.greenhouse.io/irhythm	1	2026-09-28T08:18:54.276Z
greenhouse	https://job-boards.greenhouse.io/irisautomation	1	2026-09-28T08:18:54.322Z
greenhouse	https://job-boards.greenhouse.io/irl	1	2026-09-28T08:18:54.333Z
greenhouse	https://job-boards.greenhouse.io/ironhealth	1	2026-09-28T08:18:55.224Z
greenhouse	https://job-boards.greenhouse.io/islandsxyzinc	1	2026-09-28T08:18:55.043Z
greenhouse	https://job-boards.greenhouse.io/isrg	1	2026-09-28T08:18:55.240Z
greenhouse	https://job-boards.greenhouse.io/ittakesavillage	1	2026-09-28T08:18:55.651Z
greenhouse	https://job-boards.greenhouse.io/iversoft	1	2026-09-28T08:18:55.754Z
greenhouse	https://job-boards.greenhouse.io/ivoyant	1	2026-09-28T08:18:55.872Z
greenhouse	https://job-boards.greenhouse.io/ixco	1	2026-09-28T08:18:55.948Z
greenhouse	https://job-boards.greenhouse.io/ixlayercareers	1	2026-09-28T08:18:55.981Z
greenhouse	https://job-boards.greenhouse.io/izotopecareers	1	2026-09-28T08:18:56.095Z
greenhouse	https://job-boards.greenhouse.io/jabrahearing	1	2026-09-28T08:18:56.162Z
greenhouse	https://job-boards.greenhouse.io/jackpocket	1	2026-09-28T08:18:56.318Z
greenhouse	https://job-boards.greenhouse.io/janeasystems	1	2026-09-28T08:18:56.561Z
greenhouse	https://job-boards.greenhouse.io/janetechnologies	1	2026-09-28T08:18:56.754Z
greenhouse	https://job-boards.greenhouse.io/january	1	2026-09-28T08:18:56.789Z
greenhouse	https://job-boards.greenhouse.io/janushealth	1	2026-09-28T08:18:56.843Z
greenhouse	https://job-boards.greenhouse.io/jasper	1	2026-09-28T08:18:57.043Z
greenhouse	https://job-boards.greenhouse.io/jasper23	1	2026-09-28T08:18:57.044Z
greenhouse	https://job-boards.greenhouse.io/javelinagency	1	2026-09-28T08:18:57.045Z
greenhouse	https://job-boards.greenhouse.io/jdcom	1	2026-09-28T08:18:57.247Z
greenhouse	https://job-boards.greenhouse.io/jeli	1	2026-09-28T08:18:57.466Z
greenhouse	https://job-boards.greenhouse.io/jellyfish	1	2026-09-28T08:18:57.439Z
greenhouse	https://job-boards.greenhouse.io/jenzabar	1	2026-09-28T08:18:57.690Z
greenhouse	https://job-boards.greenhouse.io/jetairegroup	1	2026-09-28T08:18:57.691Z
greenhouse	https://job-boards.greenhouse.io/jetty	1	2026-09-28T08:18:57.878Z
greenhouse	https://job-boards.greenhouse.io/jfdiconsultants	1	2026-09-28T08:18:57.931Z
greenhouse	https://job-boards.greenhouse.io/jiff	1	2026-09-28T08:18:58.085Z
greenhouse	https://job-boards.greenhouse.io/jiminihealth	1	2026-09-28T08:18:58.094Z
greenhouse	https://job-boards.greenhouse.io/jmwconsultantsllc	1	2026-09-28T08:18:58.127Z
greenhouse	https://job-boards.greenhouse.io/jnanatherapeutics	1	2026-09-28T08:18:58.187Z
greenhouse	https://job-boards.greenhouse.io/jobapplication	1	2026-09-28T08:18:58.281Z
greenhouse	https://job-boards.greenhouse.io/jobber	1	2026-09-28T08:18:58.279Z
greenhouse	https://job-boards.greenhouse.io/jobget	1	2026-09-28T08:18:58.287Z
greenhouse	https://job-boards.greenhouse.io/jobleads	1	2026-09-28T08:18:58.318Z
greenhouse	https://job-boards.greenhouse.io/jobox	1	2026-09-28T08:18:58.379Z
greenhouse	https://job-boards.greenhouse.io/join	1	2026-09-28T08:18:58.951Z
greenhouse	https://job-boards.greenhouse.io/join3yhealth	1	2026-09-28T08:18:58.955Z
greenhouse	https://job-boards.greenhouse.io/joincommonroom	1	2026-09-28T08:18:58.960Z
greenhouse	https://job-boards.greenhouse.io/joinempowernation	1	2026-09-28T08:18:58.964Z
greenhouse	https://job-boards.greenhouse.io/joinforage	1	2026-09-28T08:18:59.146Z
greenhouse	https://job-boards.greenhouse.io/joinhandshake	1	2026-09-28T08:18:59.148Z
greenhouse	https://job-boards.greenhouse.io/joinpaxos	1	2026-09-28T08:18:59.152Z
greenhouse	https://job-boards.greenhouse.io/joinresolutepsychiatry	1	2026-09-28T08:18:59.162Z
greenhouse	https://job-boards.greenhouse.io/joinsharenow	1	2026-09-28T08:18:59.341Z
greenhouse	https://job-boards.greenhouse.io/joinunifiedvision	1	2026-09-28T08:18:59.348Z
greenhouse	https://job-boards.greenhouse.io/joinuplift	1	2026-09-28T08:18:59.366Z
greenhouse	https://job-boards.greenhouse.io/jornaya	1	2026-09-28T08:18:59.552Z
greenhouse	https://job-boards.greenhouse.io/journee	1	2026-09-28T08:18:59.566Z
greenhouse	https://job-boards.greenhouse.io/joy	1	2026-09-28T08:18:59.640Z
greenhouse	https://job-boards.greenhouse.io/juaai	1	2026-09-28T08:18:59.803Z
greenhouse	https://job-boards.greenhouse.io/jumo	1	2026-09-28T08:19:00.095Z
greenhouse	https://job-boards.greenhouse.io/jumpstart	1	2026-09-28T08:19:00.266Z
greenhouse	https://job-boards.greenhouse.io/junglescout	1	2026-09-28T08:19:00.347Z
greenhouse	https://job-boards.greenhouse.io/jungroup	1	2026-09-28T08:19:00.348Z
greenhouse	https://job-boards.greenhouse.io/junomedical	1	2026-09-28T08:19:00.461Z
greenhouse	https://job-boards.greenhouse.io/jwplayer	1	2026-09-28T08:19:01.065Z
greenhouse	https://job-boards.greenhouse.io/kadenallc	1	2026-09-28T08:19:01.257Z
greenhouse	https://job-boards.greenhouse.io/kaiahealth	1	2026-09-28T08:19:01.270Z
greenhouse	https://job-boards.greenhouse.io/kaiahealthsoftwaregmbh	1	2026-09-28T08:19:01.449Z
greenhouse	https://job-boards.greenhouse.io/kaikosystems	1	2026-09-28T08:19:01.475Z
greenhouse	https://job-boards.greenhouse.io/kajabi	1	2026-09-28T08:19:01.904Z
greenhouse	https://job-boards.greenhouse.io/kakaomobility	1	2026-09-28T08:19:01.904Z
greenhouse	https://job-boards.greenhouse.io/kaleris	1	2026-09-28T08:19:02.330Z
greenhouse	https://job-boards.greenhouse.io/kandola	1	2026-09-28T08:19:02.381Z
greenhouse	https://job-boards.greenhouse.io/karunatherapeutics	1	2026-09-28T08:19:03.115Z
greenhouse	https://job-boards.greenhouse.io/kasaliving	1	2026-09-28T08:19:03.307Z
greenhouse	https://job-boards.greenhouse.io/kasian	1	2026-09-28T08:19:03.449Z
greenhouse	https://job-boards.greenhouse.io/katrisk	1	2026-09-28T08:19:03.890Z
greenhouse	https://job-boards.greenhouse.io/kava	1	2026-09-28T08:19:03.849Z
greenhouse	https://job-boards.greenhouse.io/kca	1	2026-09-28T08:19:03.986Z
greenhouse	https://job-boards.greenhouse.io/keap	1	2026-09-28T08:19:04.078Z
greenhouse	https://job-boards.greenhouse.io/keeptruckin	1	2026-09-28T08:19:04.605Z
greenhouse	https://job-boards.greenhouse.io/keylinespa	1	2026-09-28T08:19:05.336Z
greenhouse	https://job-boards.greenhouse.io/keyme	1	2026-09-28T08:19:05.367Z
greenhouse	https://job-boards.greenhouse.io/khealth	1	2026-09-28T08:19:05.628Z
greenhouse	https://job-boards.greenhouse.io/kicksaw	1	2026-09-28T08:19:05.830Z
greenhouse	https://job-boards.greenhouse.io/kilpatricktownsendstocktonllp	1	2026-09-28T08:19:06.047Z
greenhouse	https://job-boards.greenhouse.io/kinaxis	1	2026-09-28T08:19:06.049Z
greenhouse	https://job-boards.greenhouse.io/kindbody	1	2026-09-28T08:19:06.201Z
greenhouse	https://job-boards.greenhouse.io/kindo	1	2026-09-28T08:19:06.303Z
greenhouse	https://job-boards.greenhouse.io/kinesys	1	2026-09-28T08:19:06.410Z
greenhouse	https://job-boards.greenhouse.io/kinetic	1	2026-09-28T08:19:06.469Z
greenhouse	https://job-boards.greenhouse.io/kineticcommunities	1	2026-09-28T08:19:06.508Z
greenhouse	https://job-boards.greenhouse.io/kineticenginesystems	1	2026-09-28T08:19:06.604Z
greenhouse	https://job-boards.greenhouse.io/kininsurance	1	2026-09-28T08:19:06.725Z
greenhouse	https://job-boards.greenhouse.io/kinneygroup	1	2026-09-28T08:19:06.793Z
greenhouse	https://job-boards.greenhouse.io/kins	1	2026-09-28T08:19:06.807Z
greenhouse	https://job-boards.greenhouse.io/kinship	1	2026-09-28T08:19:06.866Z
greenhouse	https://job-boards.greenhouse.io/kintentinc	1	2026-09-28T08:19:06.930Z
greenhouse	https://job-boards.greenhouse.io/kintsugi	1	2026-09-28T08:19:07.025Z
greenhouse	https://job-boards.greenhouse.io/kion	1	2026-09-28T08:19:07.046Z
greenhouse	https://job-boards.greenhouse.io/kiosk	1	2026-09-28T08:19:07.049Z
greenhouse	https://job-boards.greenhouse.io/kisbeetherapeutics	1	2026-09-28T08:19:07.071Z
greenhouse	https://job-boards.greenhouse.io/kit	1	2026-09-28T08:19:07.136Z
greenhouse	https://job-boards.greenhouse.io/kittycad	1	2026-09-28T08:19:07.247Z
greenhouse	https://job-boards.greenhouse.io/kkr	1	2026-09-28T08:19:07.441Z
greenhouse	https://job-boards.greenhouse.io/klaratechnologies	1	2026-09-28T08:19:07.458Z
greenhouse	https://job-boards.greenhouse.io/kleerandmembersy	1	2026-09-28T08:19:07.636Z
greenhouse	https://job-boards.greenhouse.io/klir	1	2026-09-28T08:19:07.639Z
greenhouse	https://job-boards.greenhouse.io/kloo	1	2026-09-28T08:19:07.664Z
greenhouse	https://job-boards.greenhouse.io/knab	1	2026-09-28T08:19:07.827Z
greenhouse	https://job-boards.greenhouse.io/knoetic	1	2026-09-28T08:19:08.057Z
greenhouse	https://job-boards.greenhouse.io/knotel	1	2026-09-28T08:19:08.064Z
greenhouse	https://job-boards.greenhouse.io/knotstandard	1	2026-09-28T08:19:08.094Z
greenhouse	https://job-boards.greenhouse.io/knowde	1	2026-09-28T08:19:08.263Z
greenhouse	https://job-boards.greenhouse.io/kobaltmusicgroup	1	2026-09-28T08:19:08.309Z
greenhouse	https://job-boards.greenhouse.io/kobie	1	2026-09-28T08:19:08.462Z
greenhouse	https://job-boards.greenhouse.io/kodiakcakes	1	2026-09-28T08:19:08.600Z
greenhouse	https://job-boards.greenhouse.io/koho	1	2026-09-28T08:19:08.741Z
greenhouse	https://job-boards.greenhouse.io/kojotechnologies	1	2026-09-28T08:19:08.791Z
greenhouse	https://job-boards.greenhouse.io/kolena	1	2026-09-28T08:19:09.044Z
greenhouse	https://job-boards.greenhouse.io/koniku	1	2026-09-28T08:19:09.222Z
greenhouse	https://job-boards.greenhouse.io/kontist	1	2026-09-28T08:19:09.247Z
greenhouse	https://job-boards.greenhouse.io/kony	1	2026-09-28T08:19:09.331Z
greenhouse	https://job-boards.greenhouse.io/korukids	1	2026-09-28T08:19:09.480Z
greenhouse	https://job-boards.greenhouse.io/kovitz	1	2026-09-28T08:19:09.530Z
greenhouse	https://job-boards.greenhouse.io/kraftheinz	1	2026-09-28T08:19:09.531Z
greenhouse	https://job-boards.greenhouse.io/kronosbio	1	2026-09-28T08:19:09.991Z
greenhouse	https://job-boards.greenhouse.io/kuncie	1	2026-09-28T08:19:10.059Z
greenhouse	https://job-boards.greenhouse.io/kurrent	1	2026-09-28T08:19:10.200Z
greenhouse	https://job-boards.greenhouse.io/kurtosis	1	2026-09-28T08:19:10.208Z
greenhouse	https://job-boards.greenhouse.io/kustomer	1	2026-09-28T08:19:10.234Z
greenhouse	https://job-boards.greenhouse.io/kwittken	1	2026-09-28T08:19:10.403Z
greenhouse	https://job-boards.greenhouse.io/kxadvisors	1	2026-09-28T08:19:10.405Z
greenhouse	https://job-boards.greenhouse.io/l5	1	2026-09-28T08:19:10.604Z
greenhouse	https://job-boards.greenhouse.io/la2028	1	2026-09-28T08:19:10.602Z
greenhouse	https://job-boards.greenhouse.io/lakesidesoftware	1	2026-09-28T08:19:11.142Z
greenhouse	https://job-boards.greenhouse.io/lambda	1	2026-09-28T08:19:11.268Z
greenhouse	https://job-boards.greenhouse.io/lana	1	2026-09-28T08:19:11.279Z
greenhouse	https://job-boards.greenhouse.io/landis	1	2026-09-28T08:19:11.457Z
greenhouse	https://job-boards.greenhouse.io/langai	1	2026-09-28T08:19:11.657Z
greenhouse	https://job-boards.greenhouse.io/lantern	1	2026-09-28T08:19:11.663Z
greenhouse	https://job-boards.greenhouse.io/lastline	1	2026-09-28T08:19:11.872Z
greenhouse	https://job-boards.greenhouse.io/latam	1	2026-09-28T08:19:11.988Z
greenhouse	https://job-boards.greenhouse.io/latchbio	1	2026-09-28T08:19:12.006Z
greenhouse	https://job-boards.greenhouse.io/latentai	1	2026-09-28T08:19:12.011Z
greenhouse	https://job-boards.greenhouse.io/laudioinc	1	2026-09-28T08:19:12.178Z
greenhouse	https://job-boards.greenhouse.io/laurel	1	2026-09-28T08:19:12.596Z
greenhouse	https://job-boards.greenhouse.io/layrlabs	1	2026-09-28T08:19:12.785Z
greenhouse	https://job-boards.greenhouse.io/lcgboston	1	2026-09-28T08:19:12.858Z
greenhouse	https://job-boards.greenhouse.io/leafguard	1	2026-09-28T08:19:13.003Z
greenhouse	https://job-boards.greenhouse.io/leaftfoods	1	2026-09-28T08:19:13.111Z
greenhouse	https://job-boards.greenhouse.io/leanix	1	2026-09-28T08:19:13.202Z
greenhouse	https://job-boards.greenhouse.io/leanixjobs	1	2026-09-28T08:19:13.426Z
greenhouse	https://job-boards.greenhouse.io/learfieldimgcollege	1	2026-09-28T08:19:13.454Z
greenhouse	https://job-boards.greenhouse.io/leaseweb	1	2026-09-28T08:19:13.701Z
greenhouse	https://job-boards.greenhouse.io/leddartech	1	2026-09-28T08:19:13.819Z
greenhouse	https://job-boards.greenhouse.io/ledgerinvesting	1	2026-09-28T08:19:13.845Z
greenhouse	https://job-boards.greenhouse.io/ledgestone	1	2026-09-28T08:19:13.858Z
greenhouse	https://job-boards.greenhouse.io/leftcoastventures	1	2026-09-28T08:19:13.933Z
greenhouse	https://job-boards.greenhouse.io/leiainc	1	2026-09-28T08:19:14.248Z
greenhouse	https://job-boards.greenhouse.io/lemonlightmediainc	1	2026-09-28T08:19:14.447Z
greenhouse	https://job-boards.greenhouse.io/lendinghome	1	2026-09-28T08:19:14.449Z
greenhouse	https://job-boards.greenhouse.io/letgo	1	2026-09-28T08:19:14.659Z
greenhouse	https://job-boards.greenhouse.io/letote	1	2026-09-28T08:19:14.670Z
greenhouse	https://job-boards.greenhouse.io/letsgetchecked	1	2026-09-28T08:19:14.746Z
greenhouse	https://job-boards.greenhouse.io/level	1	2026-09-28T08:19:14.876Z
greenhouse	https://job-boards.greenhouse.io/levelhome	1	2026-09-28T08:19:14.943Z
greenhouse	https://job-boards.greenhouse.io/leverage	1	2026-09-28T08:19:15.126Z
greenhouse	https://job-boards.greenhouse.io/lexer	1	2026-09-28T08:19:15.349Z
greenhouse	https://job-boards.greenhouse.io/lexion	1	2026-09-28T08:19:15.352Z
greenhouse	https://job-boards.greenhouse.io/lextech	1	2026-09-28T08:19:15.423Z
greenhouse	https://job-boards.greenhouse.io/lgcypower	1	2026-09-28T08:19:15.541Z
greenhouse	https://job-boards.greenhouse.io/lhv	1	2026-09-28T08:19:15.548Z
greenhouse	https://job-boards.greenhouse.io/lifehouse	1	2026-09-28T08:19:15.948Z
greenhouse	https://job-boards.greenhouse.io/lightblocks	1	2026-09-28T08:19:16.239Z
greenhouse	https://job-boards.greenhouse.io/lightforgegames	1	2026-09-28T08:19:16.354Z
greenhouse	https://job-boards.greenhouse.io/lightship	1	2026-09-28T08:19:16.641Z
greenhouse	https://job-boards.greenhouse.io/lightspeedhq	1	2026-09-28T08:19:16.732Z
greenhouse	https://job-boards.greenhouse.io/lightspeedhqfr	1	2026-09-28T08:19:16.927Z
greenhouse	https://job-boards.greenhouse.io/lightspeedmanagementcompanyllc	1	2026-09-28T08:19:16.743Z
greenhouse	https://job-boards.greenhouse.io/lila	1	2026-09-28T08:19:20.636Z
greenhouse	https://job-boards.greenhouse.io/lilacsolutionsinc	1	2026-09-28T08:19:17.027Z
greenhouse	https://job-boards.greenhouse.io/lilium	1	2026-09-28T08:19:18.348Z
greenhouse	https://job-boards.greenhouse.io/lilyai	1	2026-09-28T08:19:17.127Z
greenhouse	https://job-boards.greenhouse.io/limeade	1	2026-09-28T08:19:20.680Z
greenhouse	https://job-boards.greenhouse.io/limelightsteel	1	2026-09-28T08:19:20.668Z
greenhouse	https://job-boards.greenhouse.io/liminalinsightsinc	1	2026-09-28T08:19:17.580Z
greenhouse	https://job-boards.greenhouse.io/lincolnparkguidepostmontessori	1	2026-09-28T08:19:17.834Z
greenhouse	https://job-boards.greenhouse.io/lineagefinance	1	2026-09-28T08:19:18.102Z
greenhouse	https://job-boards.greenhouse.io/lineleap	1	2026-09-28T08:19:18.492Z
greenhouse	https://job-boards.greenhouse.io/lingolive	1	2026-09-28T08:19:18.544Z
greenhouse	https://job-boards.greenhouse.io/lingumi	1	2026-09-28T08:19:18.815Z
greenhouse	https://job-boards.greenhouse.io/linkfire	1	2026-09-28T08:19:19.526Z
greenhouse	https://job-boards.greenhouse.io/linksdao	1	2026-09-28T08:19:22.596Z
greenhouse	https://job-boards.greenhouse.io/linushealth	1	2026-09-28T08:19:20.045Z
greenhouse	https://job-boards.greenhouse.io/linx	1	2026-09-28T08:19:20.304Z
greenhouse	https://job-boards.greenhouse.io/lionpoint	1	2026-09-28T08:19:20.240Z
greenhouse	https://job-boards.greenhouse.io/liquidinstruments	1	2026-09-28T08:19:20.868Z
greenhouse	https://job-boards.greenhouse.io/lithium	1	2026-09-28T08:19:21.255Z
greenhouse	https://job-boards.greenhouse.io/lithosenergy	1	2026-09-28T08:19:21.360Z
greenhouse	https://job-boards.greenhouse.io/litmus46	1	2026-09-28T08:19:21.555Z
greenhouse	https://job-boards.greenhouse.io/littleotter	1	2026-09-28T08:19:21.626Z
greenhouse	https://job-boards.greenhouse.io/littlewisekids	1	2026-09-28T08:19:21.747Z
greenhouse	https://job-boards.greenhouse.io/liveintent	1	2026-09-28T08:19:21.824Z
greenhouse	https://job-boards.greenhouse.io/lively	1	2026-09-28T08:19:21.926Z
greenhouse	https://job-boards.greenhouse.io/livelyhearingcorporation	1	2026-09-28T08:19:22.001Z
greenhouse	https://job-boards.greenhouse.io/liveplanet	1	2026-09-28T08:19:22.199Z
greenhouse	https://job-boards.greenhouse.io/liveramp	1	2026-09-28T08:19:22.211Z
greenhouse	https://job-boards.greenhouse.io/livestream	1	2026-09-28T08:19:22.392Z
greenhouse	https://job-boards.greenhouse.io/livingstonassociates	1	2026-09-28T08:19:22.572Z
greenhouse	https://job-boards.greenhouse.io/livongo	1	2026-09-28T08:19:22.583Z
greenhouse	https://job-boards.greenhouse.io/lizzycare	1	2026-09-28T08:19:22.764Z
greenhouse	https://job-boards.greenhouse.io/localehospitality	1	2026-09-28T08:19:23.192Z
greenhouse	https://job-boards.greenhouse.io/localytics	1	2026-09-28T08:19:23.223Z
greenhouse	https://job-boards.greenhouse.io/localyze	1	2026-09-28T08:19:24.479Z
greenhouse	https://job-boards.greenhouse.io/loftvagas	1	2026-09-28T08:19:23.735Z
greenhouse	https://job-boards.greenhouse.io/logdna	1	2026-09-28T08:19:24.215Z
greenhouse	https://job-boards.greenhouse.io/logichub	1	2026-09-28T08:19:26.639Z
greenhouse	https://job-boards.greenhouse.io/logikcull	1	2026-09-28T08:19:24.428Z
greenhouse	https://job-boards.greenhouse.io/logiwacareers	1	2026-09-28T08:19:24.665Z
greenhouse	https://job-boards.greenhouse.io/logixboard	1	2026-09-28T08:19:26.647Z
greenhouse	https://job-boards.greenhouse.io/loominc	1	2026-09-28T08:19:26.840Z
greenhouse	https://job-boards.greenhouse.io/loop	1	2026-09-28T08:19:27.020Z
greenhouse	https://job-boards.greenhouse.io/loverboy	1	2026-09-28T08:19:27.241Z
greenhouse	https://job-boards.greenhouse.io/lovetoknowmedia	1	2026-09-28T08:19:27.269Z
greenhouse	https://job-boards.greenhouse.io/loyal	1	2026-09-28T08:19:27.915Z
greenhouse	https://job-boards.greenhouse.io/luckylincolngaming	1	2026-09-28T08:19:28.388Z
greenhouse	https://job-boards.greenhouse.io/luganodiamonds	1	2026-09-28T08:19:28.422Z
greenhouse	https://job-boards.greenhouse.io/lula	1	2026-09-28T08:19:28.526Z
greenhouse	https://job-boards.greenhouse.io/lumenorbit	1	2026-09-28T08:19:28.927Z
greenhouse	https://job-boards.greenhouse.io/luminar	1	2026-09-28T08:19:29.120Z
greenhouse	https://job-boards.greenhouse.io/lumos	1	2026-09-28T08:19:29.139Z
greenhouse	https://job-boards.greenhouse.io/lunchbox	1	2026-09-28T08:19:29.872Z
greenhouse	https://job-boards.greenhouse.io/lydalltas	1	2026-09-28T08:19:29.872Z
greenhouse	https://job-boards.greenhouse.io/lygosinc	1	2026-09-28T08:19:30.166Z
greenhouse	https://job-boards.greenhouse.io/m1finance	1	2026-09-28T08:19:30.352Z
greenhouse	https://job-boards.greenhouse.io/macadamian	1	2026-09-28T08:19:30.607Z
greenhouse	https://job-boards.greenhouse.io/macrometa	1	2026-09-28T08:19:30.696Z
greenhouse	https://job-boards.greenhouse.io/madhive	1	2026-09-28T08:19:30.814Z
greenhouse	https://job-boards.greenhouse.io/maev	1	2026-09-28T08:19:31.128Z
greenhouse	https://job-boards.greenhouse.io/magiceden	1	2026-09-28T08:19:31.308Z
greenhouse	https://job-boards.greenhouse.io/magicleap	1	2026-09-28T08:19:31.374Z
greenhouse	https://job-boards.greenhouse.io/magicleapinc	1	2026-09-28T08:19:31.496Z
greenhouse	https://job-boards.greenhouse.io/magna	1	2026-09-28T08:19:31.503Z
greenhouse	https://job-boards.greenhouse.io/magnoliabakery	1	2026-09-28T08:19:31.564Z
greenhouse	https://job-boards.greenhouse.io/magoosh	1	2026-09-28T08:19:31.688Z
greenhouse	https://job-boards.greenhouse.io/mailchimp	1	2026-09-28T08:19:31.754Z
greenhouse	https://job-boards.greenhouse.io/mainstreethub	1	2026-09-28T08:19:31.880Z
greenhouse	https://job-boards.greenhouse.io/maintainx	1	2026-09-28T08:19:31.916Z
greenhouse	https://job-boards.greenhouse.io/majorleaguebaseballadvancedmedia	1	2026-09-28T08:19:32.035Z
greenhouse	https://job-boards.greenhouse.io/makerdao	1	2026-09-28T08:19:32.170Z
greenhouse	https://job-boards.greenhouse.io/makeship	1	2026-09-28T08:19:32.238Z
greenhouse	https://job-boards.greenhouse.io/mammothgrowth	1	2026-09-28T08:19:32.542Z
greenhouse	https://job-boards.greenhouse.io/managedbyq	1	2026-09-28T08:19:32.559Z
greenhouse	https://job-boards.greenhouse.io/manoproject	1	2026-09-28T08:19:32.957Z
greenhouse	https://job-boards.greenhouse.io/manticoregames	1	2026-09-28T08:19:33.155Z
greenhouse	https://job-boards.greenhouse.io/mantle	1	2026-09-28T08:19:33.174Z
greenhouse	https://job-boards.greenhouse.io/manufactured	1	2026-09-28T08:19:33.271Z
greenhouse	https://job-boards.greenhouse.io/mapbox	1	2026-09-28T08:19:33.387Z
greenhouse	https://job-boards.greenhouse.io/maple	1	2026-09-28T08:19:33.463Z
greenhouse	https://job-boards.greenhouse.io/mara	1	2026-09-28T08:19:33.598Z
greenhouse	https://job-boards.greenhouse.io/marathondigitalholdings	1	2026-09-28T08:19:33.676Z
greenhouse	https://job-boards.greenhouse.io/markerlearning	1	2026-09-28T08:19:33.973Z
greenhouse	https://job-boards.greenhouse.io/marketmuse	1	2026-09-28T08:19:34.021Z
greenhouse	https://job-boards.greenhouse.io/marqeta	1	2026-09-28T08:19:34.238Z
greenhouse	https://job-boards.greenhouse.io/marsdiscoverydistrict	1	2026-09-28T08:19:34.563Z
greenhouse	https://job-boards.greenhouse.io/martinaireaviation	1	2026-09-28T08:19:34.633Z
greenhouse	https://job-boards.greenhouse.io/mason	1	2026-09-28T08:19:34.828Z
greenhouse	https://job-boards.greenhouse.io/masonhub	1	2026-09-28T08:19:34.823Z
greenhouse	https://job-boards.greenhouse.io/mast	1	2026-09-28T08:19:34.975Z
greenhouse	https://job-boards.greenhouse.io/mastercardfoundation	1	2026-09-28T08:19:34.992Z
greenhouse	https://job-boards.greenhouse.io/mastercardfoundationelev	1	2026-09-28T08:19:35.027Z
greenhouse	https://job-boards.greenhouse.io/mastercardfoundationscholars	1	2026-09-28T08:19:35.024Z
greenhouse	https://job-boards.greenhouse.io/materialevolution	1	2026-09-28T08:19:35.230Z
greenhouse	https://job-boards.greenhouse.io/materialize	1	2026-09-28T08:19:35.231Z
greenhouse	https://job-boards.greenhouse.io/matianfirm	1	2026-09-28T08:19:35.623Z
greenhouse	https://job-boards.greenhouse.io/matrixx	1	2026-09-28T08:19:35.725Z
greenhouse	https://job-boards.greenhouse.io/matx	1	2026-09-28T08:19:35.937Z
greenhouse	https://job-boards.greenhouse.io/mavangroupinc	1	2026-09-28T08:19:35.938Z
greenhouse	https://job-boards.greenhouse.io/maven	1	2026-09-28T08:19:35.950Z
greenhouse	https://job-boards.greenhouse.io/maximon	1	2026-09-28T08:19:36.495Z
greenhouse	https://job-boards.greenhouse.io/maxrewards	1	2026-09-28T08:19:36.512Z
greenhouse	https://job-boards.greenhouse.io/mayfair	1	2026-09-28T08:19:36.563Z
greenhouse	https://job-boards.greenhouse.io/mccrayglobalprotectioncorp	1	2026-09-28T08:19:37.011Z
greenhouse	https://job-boards.greenhouse.io/mcculloughrobertson	1	2026-09-28T08:19:37.054Z
greenhouse	https://job-boards.greenhouse.io/mckinsey	1	2026-09-28T08:19:37.192Z
greenhouse	https://job-boards.greenhouse.io/meadowlark	1	2026-09-28T08:19:37.429Z
greenhouse	https://job-boards.greenhouse.io/mealpal	1	2026-09-28T08:19:37.453Z
greenhouse	https://job-boards.greenhouse.io/meandu	1	2026-09-28T08:19:37.483Z
greenhouse	https://job-boards.greenhouse.io/meaningfulgigs	1	2026-09-28T08:19:37.531Z
greenhouse	https://job-boards.greenhouse.io/meaningfulgigscreativecommunity	1	2026-09-28T08:19:37.552Z
greenhouse	https://job-boards.greenhouse.io/meaningfulgigscreativecommunitydesigndisciplines	1	2026-09-28T08:19:37.578Z
greenhouse	https://job-boards.greenhouse.io/meatifoods	1	2026-09-28T08:19:37.620Z
greenhouse	https://job-boards.greenhouse.io/medallion	1	2026-09-28T08:19:37.674Z
greenhouse	https://job-boards.greenhouse.io/medarrive	1	2026-09-28T08:19:37.740Z
greenhouse	https://job-boards.greenhouse.io/medecinssansfrontieres	1	2026-09-28T08:19:37.814Z
greenhouse	https://job-boards.greenhouse.io/mediacurrent	1	2026-09-28T08:19:38.162Z
greenhouse	https://job-boards.greenhouse.io/mediamonks	1	2026-09-28T08:19:38.164Z
greenhouse	https://job-boards.greenhouse.io/meditelecare	1	2026-09-28T08:19:38.470Z
greenhouse	https://job-boards.greenhouse.io/medlyhealth	1	2026-09-28T08:19:38.669Z
greenhouse	https://job-boards.greenhouse.io/medmainjp	1	2026-09-28T08:19:38.666Z
greenhouse	https://job-boards.greenhouse.io/medmen	1	2026-09-28T08:19:38.863Z
greenhouse	https://job-boards.greenhouse.io/meetelise	1	2026-09-28T08:19:38.877Z
greenhouse	https://job-boards.greenhouse.io/meltano	1	2026-09-28T08:19:39.090Z
greenhouse	https://job-boards.greenhouse.io/memed	1	2026-09-28T08:19:39.195Z
greenhouse	https://job-boards.greenhouse.io/memorahealth	1	2026-09-28T08:19:39.336Z
greenhouse	https://job-boards.greenhouse.io/memphismeats	1	2026-09-28T08:19:40.898Z
greenhouse	https://job-boards.greenhouse.io/memryx	1	2026-09-28T08:19:39.526Z
greenhouse	https://job-boards.greenhouse.io/mendel	1	2026-09-28T08:19:39.740Z
greenhouse	https://job-boards.greenhouse.io/menlosecurity	1	2026-09-28T08:19:39.741Z
greenhouse	https://job-boards.greenhouse.io/mento	1	2026-09-28T08:19:39.950Z
greenhouse	https://job-boards.greenhouse.io/menyala	1	2026-09-28T08:19:39.934Z
greenhouse	https://job-boards.greenhouse.io/merama	1	2026-09-28T08:19:40.013Z
greenhouse	https://job-boards.greenhouse.io/merchantesolutions	1	2026-09-28T08:19:40.200Z
greenhouse	https://job-boards.greenhouse.io/meridian	1	2026-09-28T08:19:40.533Z
greenhouse	https://job-boards.greenhouse.io/merit	1	2026-09-28T08:19:40.624Z
greenhouse	https://job-boards.greenhouse.io/mesamember	1	2026-09-28T08:19:41.008Z
greenhouse	https://job-boards.greenhouse.io/meshpayments	1	2026-09-28T08:19:41.061Z
greenhouse	https://job-boards.greenhouse.io/meshy	1	2026-09-28T08:19:41.077Z
greenhouse	https://job-boards.greenhouse.io/metaco	1	2026-09-28T08:19:41.249Z
greenhouse	https://job-boards.greenhouse.io/metadata	1	2026-09-28T08:19:41.267Z
greenhouse	https://job-boards.greenhouse.io/metagenomi	1	2026-09-28T08:19:41.273Z
greenhouse	https://job-boards.greenhouse.io/meter	1	2026-09-28T08:19:41.454Z
greenhouse	https://job-boards.greenhouse.io/metromile	1	2026-09-28T08:19:41.645Z
greenhouse	https://job-boards.greenhouse.io/mezmo	1	2026-09-28T08:19:42.297Z
greenhouse	https://job-boards.greenhouse.io/mezo	1	2026-09-28T08:19:42.153Z
greenhouse	https://job-boards.greenhouse.io/mfourmobileresearch	1	2026-09-28T08:19:42.185Z
greenhouse	https://job-boards.greenhouse.io/mgtinsurance	1	2026-09-28T08:19:42.559Z
greenhouse	https://job-boards.greenhouse.io/mic	1	2026-09-28T08:19:42.563Z
greenhouse	https://job-boards.greenhouse.io/micromeriticsinstrumentcorporation	1	2026-09-28T08:19:42.772Z
greenhouse	https://job-boards.greenhouse.io/microverse	1	2026-09-28T08:19:42.760Z
greenhouse	https://job-boards.greenhouse.io/midtowne	1	2026-09-28T08:19:42.973Z
greenhouse	https://job-boards.greenhouse.io/mightybuildings	1	2026-09-28T08:19:43.218Z
greenhouse	https://job-boards.greenhouse.io/migo	1	2026-09-28T08:19:43.411Z
greenhouse	https://job-boards.greenhouse.io/millenniumspacesystems	1	2026-09-28T08:19:43.568Z
greenhouse	https://job-boards.greenhouse.io/mindcaresolutions	1	2026-09-28T08:19:43.757Z
greenhouse	https://job-boards.greenhouse.io/mindfulcare	1	2026-09-28T08:19:43.844Z
greenhouse	https://job-boards.greenhouse.io/mindgym	1	2026-09-28T08:19:43.901Z
greenhouse	https://job-boards.greenhouse.io/mindmedicine	1	2026-09-28T08:19:43.960Z
greenhouse	https://job-boards.greenhouse.io/mindsdb	1	2026-09-28T08:19:44.032Z
greenhouse	https://job-boards.greenhouse.io/mindvalley	1	2026-09-28T08:19:44.094Z
greenhouse	https://job-boards.greenhouse.io/mineral	1	2026-09-28T08:19:44.566Z
greenhouse	https://job-boards.greenhouse.io/minthouse	1	2026-09-28T08:19:44.554Z
greenhouse	https://job-boards.greenhouse.io/mintmobile	1	2026-09-28T08:19:44.572Z
greenhouse	https://job-boards.greenhouse.io/minware	1	2026-09-28T08:19:44.624Z
greenhouse	https://job-boards.greenhouse.io/mirror	1	2026-09-28T08:19:44.972Z
greenhouse	https://job-boards.greenhouse.io/mishimoto	1	2026-09-28T08:19:45.118Z
greenhouse	https://job-boards.greenhouse.io/missionbio	1	2026-09-28T08:19:45.166Z
greenhouse	https://job-boards.greenhouse.io/missionzerotechnologies	1	2026-09-28T08:19:45.333Z
greenhouse	https://job-boards.greenhouse.io/mixhalo	1	2026-09-28T08:19:45.720Z
greenhouse	https://job-boards.greenhouse.io/mlmultiplecareerlocations	1	2026-09-28T08:19:46.144Z
greenhouse	https://job-boards.greenhouse.io/mncannabiscompany	1	2026-09-28T08:19:46.290Z
greenhouse	https://job-boards.greenhouse.io/mobi	1	2026-09-28T08:19:46.349Z
greenhouse	https://job-boards.greenhouse.io/modaoperandi	1	2026-09-28T08:19:46.675Z
greenhouse	https://job-boards.greenhouse.io/modeanalytics	1	2026-09-28T08:19:46.680Z
greenhouse	https://job-boards.greenhouse.io/modernizingmedicineinc	1	2026-09-28T08:19:46.818Z
greenhouse	https://job-boards.greenhouse.io/modularai	1	2026-09-28T08:19:47.007Z
greenhouse	https://job-boards.greenhouse.io/mojito	1	2026-09-28T08:19:47.335Z
greenhouse	https://job-boards.greenhouse.io/mojo	1	2026-09-28T08:19:47.336Z
greenhouse	https://job-boards.greenhouse.io/molecularassemblies	1	2026-09-28T08:19:47.370Z
greenhouse	https://job-boards.greenhouse.io/molecule	1	2026-09-28T08:19:47.418Z
greenhouse	https://job-boards.greenhouse.io/momatherapeutics	1	2026-09-28T08:19:47.567Z
greenhouse	https://job-boards.greenhouse.io/momenthouse	1	2026-09-28T08:19:47.572Z
greenhouse	https://job-boards.greenhouse.io/momentmarkets	1	2026-09-28T08:19:47.757Z
greenhouse	https://job-boards.greenhouse.io/monad	1	2026-09-28T08:19:47.826Z
greenhouse	https://job-boards.greenhouse.io/mondo	1	2026-09-28T08:19:47.888Z
greenhouse	https://job-boards.greenhouse.io/moneylion	1	2026-09-28T08:19:47.990Z
greenhouse	https://job-boards.greenhouse.io/monoceros	1	2026-09-28T08:19:48.090Z
greenhouse	https://job-boards.greenhouse.io/monthly	1	2026-09-28T08:19:48.552Z
greenhouse	https://job-boards.greenhouse.io/moonpay	1	2026-09-28T08:19:49.102Z
greenhouse	https://job-boards.greenhouse.io/moovelna	1	2026-09-28T08:19:49.295Z
greenhouse	https://job-boards.greenhouse.io/moovtechnologiesinc	1	2026-09-28T08:19:49.290Z
greenhouse	https://job-boards.greenhouse.io/moovx	1	2026-09-28T08:19:49.298Z
greenhouse	https://job-boards.greenhouse.io/morf3d	1	2026-09-28T08:19:49.307Z
greenhouse	https://job-boards.greenhouse.io/morsemicro	1	2026-09-28T08:19:49.497Z
greenhouse	https://job-boards.greenhouse.io/morty	1	2026-09-28T08:19:49.584Z
greenhouse	https://job-boards.greenhouse.io/mosaic	1	2026-09-28T08:19:49.763Z
greenhouse	https://job-boards.greenhouse.io/mosaicml	1	2026-09-28T08:19:49.778Z
greenhouse	https://job-boards.greenhouse.io/mosaictechnologiesgroup	1	2026-09-28T08:19:49.787Z
greenhouse	https://job-boards.greenhouse.io/mothflame	1	2026-09-28T08:19:50.035Z
greenhouse	https://job-boards.greenhouse.io/motimatic	1	2026-09-28T08:19:50.032Z
greenhouse	https://job-boards.greenhouse.io/motivpowersystems	1	2026-09-28T08:19:50.204Z
greenhouse	https://job-boards.greenhouse.io/motorefi	1	2026-09-28T08:19:50.243Z
greenhouse	https://job-boards.greenhouse.io/motortrendgroup	1	2026-09-28T08:19:50.238Z
greenhouse	https://job-boards.greenhouse.io/mountainsidetreatmentcenter	1	2026-09-28T08:19:50.342Z
greenhouse	https://job-boards.greenhouse.io/moveworks	1	2026-09-28T08:19:51.268Z
greenhouse	https://job-boards.greenhouse.io/movotobrokerage	1	2026-09-28T08:19:51.271Z
greenhouse	https://job-boards.greenhouse.io/moz	1	2026-09-28T08:19:51.442Z
greenhouse	https://job-boards.greenhouse.io/mparticle	1	2026-09-28T08:19:51.645Z
greenhouse	https://job-boards.greenhouse.io/mqreferrals	1	2026-09-28T08:19:51.706Z
greenhouse	https://job-boards.greenhouse.io/mrsool	1	2026-09-28T08:19:51.878Z
greenhouse	https://job-boards.greenhouse.io/msba	1	2026-09-28T08:19:51.894Z
greenhouse	https://job-boards.greenhouse.io/msfinternal	1	2026-09-28T08:19:52.062Z
greenhouse	https://job-boards.greenhouse.io/mudflap	1	2026-09-28T08:19:52.139Z
greenhouse	https://job-boards.greenhouse.io/multivista	1	2026-09-28T08:19:52.523Z
greenhouse	https://job-boards.greenhouse.io/mundipagg	1	2026-09-28T08:19:52.397Z
greenhouse	https://job-boards.greenhouse.io/mural	1	2026-09-28T08:19:52.593Z
greenhouse	https://job-boards.greenhouse.io/mursion	1	2026-09-28T08:19:52.730Z
greenhouse	https://job-boards.greenhouse.io/museumoficecream	1	2026-09-28T08:19:52.814Z
greenhouse	https://job-boards.greenhouse.io/mutiny	1	2026-09-28T08:19:52.838Z
greenhouse	https://job-boards.greenhouse.io/mutinyjobs	1	2026-09-28T08:19:52.883Z
greenhouse	https://job-boards.greenhouse.io/mux	1	2026-09-28T08:19:52.926Z
greenhouse	https://job-boards.greenhouse.io/mybrandforce	1	2026-09-28T08:19:53.299Z
greenhouse	https://job-boards.greenhouse.io/mybrandforceinternalpositions	1	2026-09-28T08:19:53.321Z
greenhouse	https://job-boards.greenhouse.io/mybrandforcereferrals	1	2026-09-28T08:19:53.397Z
greenhouse	https://job-boards.greenhouse.io/mycarrier	1	2026-09-28T08:19:53.491Z
greenhouse	https://job-boards.greenhouse.io/mycoworks	1	2026-09-28T08:19:53.591Z
greenhouse	https://job-boards.greenhouse.io/myforestfoods	1	2026-09-28T08:19:53.727Z
greenhouse	https://job-boards.greenhouse.io/mynd	1	2026-09-28T08:19:53.918Z
greenhouse	https://job-boards.greenhouse.io/myntra	1	2026-09-28T08:19:54.112Z
greenhouse	https://job-boards.greenhouse.io/myntraphoenix	1	2026-09-28T08:19:54.125Z
greenhouse	https://job-boards.greenhouse.io/myplanadvocate	1	2026-09-28T08:19:54.243Z
greenhouse	https://job-boards.greenhouse.io/myria	1	2026-09-28T08:19:54.320Z
greenhouse	https://job-boards.greenhouse.io/myshell	1	2026-09-28T08:19:54.434Z
greenhouse	https://job-boards.greenhouse.io/mysidewalk34	1	2026-09-28T08:19:54.437Z
greenhouse	https://job-boards.greenhouse.io/mystery	1	2026-09-28T08:19:54.447Z
greenhouse	https://job-boards.greenhouse.io/mythica	1	2026-09-28T08:19:54.532Z
greenhouse	https://job-boards.greenhouse.io/mythicalgames	1	2026-09-28T08:19:54.536Z
greenhouse	https://job-boards.greenhouse.io/myunidaysltd	1	2026-09-28T08:19:54.638Z
greenhouse	https://job-boards.greenhouse.io/mzwallace	1	2026-09-28T08:19:54.632Z
greenhouse	https://job-boards.greenhouse.io/n2cointernal	1	2026-09-28T08:19:54.756Z
greenhouse	https://job-boards.greenhouse.io/n2homeoffice	1	2026-09-28T08:19:54.907Z
greenhouse	https://job-boards.greenhouse.io/n2y	1	2026-09-28T08:19:55.002Z
greenhouse	https://job-boards.greenhouse.io/nacelle	1	2026-09-28T08:19:55.098Z
greenhouse	https://job-boards.greenhouse.io/nanonets	1	2026-09-28T08:19:55.395Z
greenhouse	https://job-boards.greenhouse.io/nanostring	1	2026-09-28T08:19:55.536Z
greenhouse	https://job-boards.greenhouse.io/napster	1	2026-09-28T08:19:55.627Z
greenhouse	https://job-boards.greenhouse.io/nasacademy	1	2026-09-28T08:19:55.703Z
greenhouse	https://job-boards.greenhouse.io/nationaldbs	1	2026-09-28T08:19:55.992Z
greenhouse	https://job-boards.greenhouse.io/nationbuilder	1	2026-09-28T08:19:56.258Z
greenhouse	https://job-boards.greenhouse.io/nativo	1	2026-09-28T08:19:56.454Z
greenhouse	https://job-boards.greenhouse.io/nautiluslabs	1	2026-09-28T08:19:56.714Z
greenhouse	https://job-boards.greenhouse.io/nauto	1	2026-09-28T08:19:56.715Z
greenhouse	https://job-boards.greenhouse.io/nava	1	2026-09-28T08:19:56.716Z
greenhouse	https://job-boards.greenhouse.io/navdy	1	2026-09-28T08:19:56.734Z
greenhouse	https://job-boards.greenhouse.io/navigationfund	1	2026-09-28T08:19:56.913Z
greenhouse	https://job-boards.greenhouse.io/navigatr	1	2026-09-28T08:19:57.082Z
greenhouse	https://job-boards.greenhouse.io/navigatrgroupinternal	1	2026-09-28T08:19:56.949Z
greenhouse	https://job-boards.greenhouse.io/navis	1	2026-09-28T08:19:57.115Z
greenhouse	https://job-boards.greenhouse.io/nayahomes	1	2026-09-28T08:19:57.145Z
greenhouse	https://job-boards.greenhouse.io/ncsoftwest	1	2026-09-28T08:19:57.306Z
greenhouse	https://job-boards.greenhouse.io/ncx	1	2026-09-28T08:19:57.336Z
greenhouse	https://job-boards.greenhouse.io/near	1	2026-09-28T08:19:57.391Z
greenhouse	https://job-boards.greenhouse.io/neara	1	2026-09-28T08:19:57.478Z
greenhouse	https://job-boards.greenhouse.io/nearby	1	2026-09-28T08:19:57.481Z
greenhouse	https://job-boards.greenhouse.io/nearsure	1	2026-09-28T08:19:57.586Z
greenhouse	https://job-boards.greenhouse.io/nedforct	1	2026-09-28T08:19:57.709Z
greenhouse	https://job-boards.greenhouse.io/neondatabase	1	2026-09-28T08:19:58.026Z
greenhouse	https://job-boards.greenhouse.io/neonkoi	1	2026-09-28T08:19:58.232Z
greenhouse	https://job-boards.greenhouse.io/neptunebio	1	2026-09-28T08:19:58.225Z
greenhouse	https://job-boards.greenhouse.io/nerdery	1	2026-09-28T08:19:58.256Z
greenhouse	https://job-boards.greenhouse.io/nerdwallet	1	2026-09-28T08:19:58.426Z
greenhouse	https://job-boards.greenhouse.io/nerdy	1	2026-09-28T08:19:58.439Z
greenhouse	https://job-boards.greenhouse.io/nesto	1	2026-09-28T08:19:58.450Z
greenhouse	https://job-boards.greenhouse.io/netflixanimation	1	2026-09-28T08:19:58.906Z
greenhouse	https://job-boards.greenhouse.io/nethermind	1	2026-09-28T08:19:58.993Z
greenhouse	https://job-boards.greenhouse.io/neuroblade	1	2026-09-28T08:19:59.991Z
greenhouse	https://job-boards.greenhouse.io/neuroflow	1	2026-09-28T08:19:59.992Z
greenhouse	https://job-boards.greenhouse.io/neuron	1	2026-09-28T08:20:00.184Z
greenhouse	https://job-boards.greenhouse.io/newstore	1	2026-09-28T08:20:01.459Z
greenhouse	https://job-boards.greenhouse.io/nexuscareers	1	2026-09-28T08:20:02.363Z
greenhouse	https://job-boards.greenhouse.io/nexxen	1	2026-09-28T08:20:02.334Z
greenhouse	https://job-boards.greenhouse.io/nflprivateposting	1	2026-09-28T08:20:02.587Z
greenhouse	https://job-boards.greenhouse.io/nfx	1	2026-09-28T08:20:02.601Z
greenhouse	https://job-boards.greenhouse.io/ngcash	1	2026-09-28T08:20:02.592Z
greenhouse	https://job-boards.greenhouse.io/nginx	1	2026-09-28T08:20:02.590Z
greenhouse	https://job-boards.greenhouse.io/niantic	1	2026-09-28T08:20:02.784Z
greenhouse	https://job-boards.greenhouse.io/nicehealthcare	1	2026-09-28T08:20:02.789Z
greenhouse	https://job-boards.greenhouse.io/nightfall	1	2026-09-28T08:20:02.991Z
greenhouse	https://job-boards.greenhouse.io/nikolalabs	1	2026-09-28T08:20:03.182Z
greenhouse	https://job-boards.greenhouse.io/nilotherapeutics	1	2026-09-28T08:20:03.184Z
greenhouse	https://job-boards.greenhouse.io/nimblegiant	1	2026-09-28T08:20:03.215Z
greenhouse	https://job-boards.greenhouse.io/nironmagnetics	1	2026-09-28T08:20:03.626Z
greenhouse	https://job-boards.greenhouse.io/nirvana	1	2026-09-28T08:20:03.630Z
greenhouse	https://job-boards.greenhouse.io/nobellfoods	1	2026-09-28T08:20:04.095Z
greenhouse	https://job-boards.greenhouse.io/nobl9	1	2026-09-28T08:20:04.641Z
greenhouse	https://job-boards.greenhouse.io/noble	1	2026-09-28T08:20:04.185Z
greenhouse	https://job-boards.greenhouse.io/nocdinc	1	2026-09-28T08:20:04.311Z
greenhouse	https://job-boards.greenhouse.io/nogginit	1	2026-09-28T08:20:04.382Z
greenhouse	https://job-boards.greenhouse.io/nohozephyrinc	1	2026-09-28T08:20:04.383Z
greenhouse	https://job-boards.greenhouse.io/nomad	1	2026-09-28T08:20:04.481Z
greenhouse	https://job-boards.greenhouse.io/nomadhomes	1	2026-09-28T08:20:04.570Z
greenhouse	https://job-boards.greenhouse.io/nomadlabs	1	2026-09-28T08:20:04.581Z
greenhouse	https://job-boards.greenhouse.io/nomatherapy	1	2026-09-28T08:20:04.701Z
greenhouse	https://job-boards.greenhouse.io/nomiso	1	2026-09-28T08:20:04.704Z
greenhouse	https://job-boards.greenhouse.io/noodle	1	2026-09-28T08:20:04.900Z
greenhouse	https://job-boards.greenhouse.io/noom	1	2026-09-28T08:20:05.008Z
greenhouse	https://job-boards.greenhouse.io/noorahealth	1	2026-09-28T08:20:05.201Z
greenhouse	https://job-boards.greenhouse.io/nori	1	2026-09-28T08:20:05.373Z
greenhouse	https://job-boards.greenhouse.io/northone	1	2026-09-28T08:20:05.585Z
greenhouse	https://job-boards.greenhouse.io/northrichland	1	2026-09-28T08:20:05.785Z
greenhouse	https://job-boards.greenhouse.io/northstar	1	2026-09-28T08:20:05.948Z
greenhouse	https://job-boards.greenhouse.io/notablecapcareers	1	2026-09-28T08:20:06.056Z
greenhouse	https://job-boards.greenhouse.io/notablehealth	1	2026-09-28T08:20:06.114Z
greenhouse	https://job-boards.greenhouse.io/notablelabs	1	2026-09-28T08:20:06.139Z
greenhouse	https://job-boards.greenhouse.io/notion	1	2026-09-28T08:20:06.287Z
greenhouse	https://job-boards.greenhouse.io/nourishingredients	1	2026-09-28T08:20:06.305Z
greenhouse	https://job-boards.greenhouse.io/novalabs	1	2026-09-28T08:20:06.496Z
greenhouse	https://job-boards.greenhouse.io/novetta	1	2026-09-28T08:20:06.698Z
greenhouse	https://job-boards.greenhouse.io/novig	1	2026-09-28T08:20:06.725Z
greenhouse	https://job-boards.greenhouse.io/novo	1	2026-09-28T08:20:06.755Z
greenhouse	https://job-boards.greenhouse.io/novy	1	2026-09-28T08:20:06.901Z
greenhouse	https://job-boards.greenhouse.io/nstech	1	2026-09-28T08:20:07.091Z
greenhouse	https://job-boards.greenhouse.io/ntop	1	2026-09-28T08:20:07.122Z
greenhouse	https://job-boards.greenhouse.io/nuclearpromisex	1	2026-09-28T08:20:07.320Z
greenhouse	https://job-boards.greenhouse.io/nugget	1	2026-09-28T08:20:07.515Z
greenhouse	https://job-boards.greenhouse.io/nulogy	1	2026-09-28T08:20:07.712Z
greenhouse	https://job-boards.greenhouse.io/numeradecareers	1	2026-09-28T08:20:07.911Z
greenhouse	https://job-boards.greenhouse.io/numohealthcurieai	1	2026-09-28T08:20:08.007Z
greenhouse	https://job-boards.greenhouse.io/nuna	1	2026-09-28T08:20:08.193Z
greenhouse	https://job-boards.greenhouse.io/nursedash	1	2026-09-28T08:20:08.394Z
greenhouse	https://job-boards.greenhouse.io/nutrabolt	1	2026-09-28T08:20:08.401Z
greenhouse	https://job-boards.greenhouse.io/nuview	1	2026-09-28T08:20:08.693Z
greenhouse	https://job-boards.greenhouse.io/nuvocargo	1	2026-09-28T08:20:08.799Z
greenhouse	https://job-boards.greenhouse.io/nyanheroes	1	2026-09-28T08:20:08.979Z
greenhouse	https://job-boards.greenhouse.io/nylas	1	2026-09-28T08:20:09.224Z
greenhouse	https://job-boards.greenhouse.io/nzero	1	2026-09-28T08:20:09.421Z
greenhouse	https://job-boards.greenhouse.io/nzxt	1	2026-09-28T08:20:09.415Z
greenhouse	https://job-boards.greenhouse.io/o1labs	1	2026-09-28T08:20:09.442Z
greenhouse	https://job-boards.greenhouse.io/oasislabs	1	2026-09-28T08:20:09.639Z
greenhouse	https://job-boards.greenhouse.io/oasisnetwork	1	2026-09-28T08:20:09.858Z
greenhouse	https://job-boards.greenhouse.io/oasysinternationalcorporation89	1	2026-09-28T08:20:10.049Z
greenhouse	https://job-boards.greenhouse.io/obamafoundation	1	2026-09-28T08:20:10.052Z
greenhouse	https://job-boards.greenhouse.io/obefitness	1	2026-09-28T08:20:10.328Z
greenhouse	https://job-boards.greenhouse.io/objective	1	2026-09-28T08:20:10.318Z
greenhouse	https://job-boards.greenhouse.io/objectstream	1	2026-09-28T08:20:10.515Z
greenhouse	https://job-boards.greenhouse.io/ocadotechnology	1	2026-09-28T08:20:10.999Z
greenhouse	https://job-boards.greenhouse.io/octaneai	1	2026-09-28T08:20:11.267Z
greenhouse	https://job-boards.greenhouse.io/ocus	1	2026-09-28T08:20:11.888Z
greenhouse	https://job-boards.greenhouse.io/odkmediainc	1	2026-09-28T08:20:14.607Z
greenhouse	https://job-boards.greenhouse.io/odonate	1	2026-09-28T08:20:12.617Z
greenhouse	https://job-boards.greenhouse.io/odpcorp	1	2026-09-28T08:20:12.656Z
greenhouse	https://job-boards.greenhouse.io/ofallonguidepost	1	2026-09-28T08:20:12.675Z
greenhouse	https://job-boards.greenhouse.io/offensivesecurity	1	2026-09-28T08:20:12.824Z
greenhouse	https://job-boards.greenhouse.io/offerfit	1	2026-09-28T08:20:12.850Z
greenhouse	https://job-boards.greenhouse.io/ogdenguidepost	1	2026-09-28T08:20:13.362Z
greenhouse	https://job-boards.greenhouse.io/ogilvyjapan	1	2026-09-28T08:20:14.548Z
greenhouse	https://job-boards.greenhouse.io/ohi	1	2026-09-28T08:20:14.853Z
greenhouse	https://job-boards.greenhouse.io/ohmygreen	1	2026-09-28T08:20:14.950Z
greenhouse	https://job-boards.greenhouse.io/ojolabs	1	2026-09-28T08:20:15.036Z
greenhouse	https://job-boards.greenhouse.io/okcoin	1	2026-09-28T08:20:15.046Z
greenhouse	https://job-boards.greenhouse.io/okerainc	1	2026-09-28T08:20:15.148Z
greenhouse	https://job-boards.greenhouse.io/okex	1	2026-09-28T08:20:15.233Z
greenhouse	https://job-boards.greenhouse.io/okteto	1	2026-09-28T08:20:15.345Z
greenhouse	https://job-boards.greenhouse.io/oleria	1	2026-09-28T08:20:16.382Z
greenhouse	https://job-boards.greenhouse.io/oliverplus	1	2026-09-28T08:20:17.170Z
greenhouse	https://job-boards.greenhouse.io/olx	1	2026-09-28T08:20:17.854Z
greenhouse	https://job-boards.greenhouse.io/olympiacareers	1	2026-09-28T08:20:17.480Z
greenhouse	https://job-boards.greenhouse.io/om1	1	2026-09-28T08:20:17.682Z
greenhouse	https://job-boards.greenhouse.io/omaze	1	2026-09-28T08:20:17.901Z
greenhouse	https://job-boards.greenhouse.io/omgcamontreal	1	2026-09-28T08:20:18.317Z
greenhouse	https://job-boards.greenhouse.io/omgcamontrealfr	1	2026-09-28T08:20:18.319Z
greenhouse	https://job-boards.greenhouse.io/omguk	1	2026-09-28T08:20:18.321Z
greenhouse	https://job-boards.greenhouse.io/omnidata	1	2026-09-28T08:20:20.236Z
greenhouse	https://job-boards.greenhouse.io/omnifdn	1	2026-09-28T08:20:18.542Z
greenhouse	https://job-boards.greenhouse.io/omnionpower	1	2026-09-28T08:20:18.724Z
greenhouse	https://job-boards.greenhouse.io/omnipresent	1	2026-09-28T08:20:18.736Z
greenhouse	https://job-boards.greenhouse.io/oncai	1	2026-09-28T08:20:19.172Z
greenhouse	https://job-boards.greenhouse.io/ondeck	1	2026-09-28T08:20:19.253Z
greenhouse	https://job-boards.greenhouse.io/onecareers	1	2026-09-28T08:20:20.095Z
greenhouse	https://job-boards.greenhouse.io/onedegree	1	2026-09-28T08:20:20.097Z
greenhouse	https://job-boards.greenhouse.io/oneenergyrenewables	1	2026-09-28T08:20:20.288Z
greenhouse	https://job-boards.greenhouse.io/oneglobe	1	2026-09-28T08:20:20.294Z
greenhouse	https://job-boards.greenhouse.io/onehopeinc	1	2026-09-28T08:20:20.412Z
greenhouse	https://job-boards.greenhouse.io/onelocal	1	2026-09-28T08:20:20.487Z
greenhouse	https://job-boards.greenhouse.io/onelogin	1	2026-09-28T08:20:20.486Z
greenhouse	https://job-boards.greenhouse.io/onesignal	1	2026-09-28T08:20:21.334Z
greenhouse	https://job-boards.greenhouse.io/oni	1	2026-09-28T08:20:21.570Z
greenhouse	https://job-boards.greenhouse.io/onistudios	1	2026-09-28T08:20:21.631Z
greenhouse	https://job-boards.greenhouse.io/onna	1	2026-09-28T08:20:21.778Z
greenhouse	https://job-boards.greenhouse.io/onsiteiq	1	2026-09-28T08:20:22.075Z
greenhouse	https://job-boards.greenhouse.io/op3n	1	2026-09-28T08:20:22.313Z
greenhouse	https://job-boards.greenhouse.io/opaque	1	2026-09-28T08:20:22.308Z
greenhouse	https://job-boards.greenhouse.io/openai	1	2026-09-28T08:20:22.496Z
greenhouse	https://job-boards.greenhouse.io/opendoor	1	2026-09-28T08:20:22.578Z
greenhouse	https://job-boards.greenhouse.io/openfin95	1	2026-09-28T08:20:22.770Z
greenhouse	https://job-boards.greenhouse.io/openloop	1	2026-09-28T08:20:22.959Z
greenhouse	https://job-boards.greenhouse.io/openly	1	2026-09-28T08:20:22.969Z
greenhouse	https://job-boards.greenhouse.io/openmesh	1	2026-09-28T08:20:23.060Z
greenhouse	https://job-boards.greenhouse.io/openphone	1	2026-09-28T08:20:23.151Z
greenhouse	https://job-boards.greenhouse.io/openstore	1	2026-09-28T08:20:23.429Z
greenhouse	https://job-boards.greenhouse.io/operantai	1	2026-09-28T08:20:23.620Z
greenhouse	https://job-boards.greenhouse.io/oplabs	1	2026-09-28T08:20:24.023Z
greenhouse	https://job-boards.greenhouse.io/opskins	1	2026-09-28T08:20:24.181Z
greenhouse	https://job-boards.greenhouse.io/optera	1	2026-09-28T08:20:24.483Z
greenhouse	https://job-boards.greenhouse.io/optimism	1	2026-09-28T08:20:24.674Z
greenhouse	https://job-boards.greenhouse.io/optimismunlimited	1	2026-09-28T08:20:24.681Z
greenhouse	https://job-boards.greenhouse.io/optimustechnologies	1	2026-09-28T08:20:24.869Z
greenhouse	https://job-boards.greenhouse.io/optimylbenefits	1	2026-09-28T08:20:24.874Z
greenhouse	https://job-boards.greenhouse.io/optoro	1	2026-09-28T08:20:25.073Z
greenhouse	https://job-boards.greenhouse.io/opustone	1	2026-09-28T08:20:25.105Z
greenhouse	https://job-boards.greenhouse.io/orbitaltherapeutics	1	2026-09-28T08:20:25.407Z
greenhouse	https://job-boards.greenhouse.io/orbitfab	1	2026-09-28T08:20:25.557Z
greenhouse	https://job-boards.greenhouse.io/orderlynetwork	1	2026-09-28T08:20:25.890Z
greenhouse	https://job-boards.greenhouse.io/originfinancial	1	2026-09-28T08:20:26.214Z
greenhouse	https://job-boards.greenhouse.io/ornatherapeutics	1	2026-09-28T08:20:29.297Z
greenhouse	https://job-boards.greenhouse.io/orpc	1	2026-09-28T08:20:26.924Z
greenhouse	https://job-boards.greenhouse.io/orum	1	2026-09-28T08:20:27.339Z
greenhouse	https://job-boards.greenhouse.io/osmo	1	2026-09-28T08:20:27.967Z
greenhouse	https://job-boards.greenhouse.io/osmosisdex	1	2026-09-28T08:20:28.170Z
greenhouse	https://job-boards.greenhouse.io/ostrohealth	1	2026-09-28T08:20:28.397Z
greenhouse	https://job-boards.greenhouse.io/otainsightltd	1	2026-09-28T08:20:28.399Z
greenhouse	https://job-boards.greenhouse.io/othersideentertainment	1	2026-09-28T08:20:28.588Z
greenhouse	https://job-boards.greenhouse.io/otrium	1	2026-09-28T08:20:28.600Z
greenhouse	https://job-boards.greenhouse.io/otrtransportation	1	2026-09-28T08:20:28.782Z
greenhouse	https://job-boards.greenhouse.io/ottoaviation	1	2026-09-28T08:20:28.998Z
greenhouse	https://job-boards.greenhouse.io/outerbiosciences	1	2026-09-28T08:20:29.849Z
greenhouse	https://job-boards.greenhouse.io/outgo	1	2026-09-28T08:20:29.872Z
greenhouse	https://job-boards.greenhouse.io/outlier	1	2026-09-28T08:20:29.876Z
greenhouse	https://job-boards.greenhouse.io/outlier-growth	1	2026-09-28T08:20:29.956Z
greenhouse	https://job-boards.greenhouse.io/outlierai	1	2026-09-28T08:20:29.964Z
greenhouse	https://job-boards.greenhouse.io/outlierorg	1	2026-09-28T08:20:30.055Z
greenhouse	https://job-boards.greenhouse.io/outlierventures	1	2026-09-28T08:20:30.067Z
greenhouse	https://job-boards.greenhouse.io/output	1	2026-09-28T08:20:30.149Z
greenhouse	https://job-boards.greenhouse.io/outschool	1	2026-09-28T08:20:30.258Z
greenhouse	https://job-boards.greenhouse.io/over	1	2026-09-28T08:20:30.450Z
greenhouse	https://job-boards.greenhouse.io/overjet	1	2026-09-28T08:20:30.548Z
greenhouse	https://job-boards.greenhouse.io/overlandai	1	2026-09-28T08:20:30.551Z
greenhouse	https://job-boards.greenhouse.io/overtime	1	2026-09-28T08:20:30.749Z
greenhouse	https://job-boards.greenhouse.io/ovo	1	2026-09-28T08:20:30.744Z
greenhouse	https://job-boards.greenhouse.io/owkin	1	2026-09-28T08:20:30.855Z
greenhouse	https://job-boards.greenhouse.io/oxosmedical	1	2026-09-28T08:20:31.035Z
greenhouse	https://job-boards.greenhouse.io/oyster	1	2026-09-28T08:20:31.045Z
greenhouse	https://job-boards.greenhouse.io/pachyderm	1	2026-09-28T08:20:31.158Z
greenhouse	https://job-boards.greenhouse.io/paciolan	1	2026-09-28T08:20:31.356Z
greenhouse	https://job-boards.greenhouse.io/pactlabs	1	2026-09-28T08:20:31.547Z
greenhouse	https://job-boards.greenhouse.io/pactum	1	2026-09-28T08:20:31.553Z
greenhouse	https://job-boards.greenhouse.io/paddle	1	2026-09-28T08:20:31.631Z
greenhouse	https://job-boards.greenhouse.io/pagoda	1	2026-09-28T08:20:31.832Z
greenhouse	https://job-boards.greenhouse.io/paige	1	2026-09-28T08:20:32.037Z
greenhouse	https://job-boards.greenhouse.io/palmnftstudioinc	1	2026-09-28T08:20:32.077Z
greenhouse	https://job-boards.greenhouse.io/paloit	1	2026-09-28T08:20:32.160Z
greenhouse	https://job-boards.greenhouse.io/paltaltd	1	2026-09-28T08:20:32.280Z
greenhouse	https://job-boards.greenhouse.io/panasonicwell	1	2026-09-28T08:20:32.318Z
greenhouse	https://job-boards.greenhouse.io/pancreaticcanceractionnetwork	1	2026-09-28T08:20:32.371Z
greenhouse	https://job-boards.greenhouse.io/pangaea	1	2026-09-28T08:20:32.473Z
greenhouse	https://job-boards.greenhouse.io/pangea	1	2026-09-28T08:20:32.472Z
greenhouse	https://job-boards.greenhouse.io/pango	1	2026-09-28T08:20:32.568Z
greenhouse	https://job-boards.greenhouse.io/pano	1	2026-09-28T08:20:32.644Z
greenhouse	https://job-boards.greenhouse.io/panoramaed	1	2026-09-28T08:20:32.660Z
greenhouse	https://job-boards.greenhouse.io/paper	1	2026-09-28T08:20:33.067Z
greenhouse	https://job-boards.greenhouse.io/parabola	1	2026-09-28T08:20:33.237Z
greenhouse	https://job-boards.greenhouse.io/parade	1	2026-09-28T08:20:33.321Z
greenhouse	https://job-boards.greenhouse.io/paradeai	1	2026-09-28T08:20:33.319Z
greenhouse	https://job-boards.greenhouse.io/paradextrade	1	2026-09-28T08:20:33.432Z
greenhouse	https://job-boards.greenhouse.io/paradigm62	1	2026-09-28T08:20:33.513Z
greenhouse	https://job-boards.greenhouse.io/paradigminccareersopenpositions	1	2026-09-28T08:20:33.517Z
greenhouse	https://job-boards.greenhouse.io/paragonixtechnologies	1	2026-09-28T08:20:33.707Z
greenhouse	https://job-boards.greenhouse.io/parallaxvolatilityadvisers	1	2026-09-28T08:20:33.714Z
greenhouse	https://job-boards.greenhouse.io/parallelbio	1	2026-09-28T08:20:33.916Z
greenhouse	https://job-boards.greenhouse.io/parallelfinance	1	2026-09-28T08:20:33.920Z
greenhouse	https://job-boards.greenhouse.io/paralleljobs	1	2026-09-28T08:20:33.922Z
greenhouse	https://job-boards.greenhouse.io/paramountpallet	1	2026-09-28T08:20:33.956Z
greenhouse	https://job-boards.greenhouse.io/parento	1	2026-09-28T08:20:34.113Z
greenhouse	https://job-boards.greenhouse.io/parity	1	2026-09-28T08:20:34.313Z
greenhouse	https://job-boards.greenhouse.io/parker	1	2026-09-28T08:20:34.245Z
greenhouse	https://job-boards.greenhouse.io/parkerandace	1	2026-09-28T08:20:34.300Z
greenhouse	https://job-boards.greenhouse.io/parkmobileus	1	2026-09-28T08:20:34.307Z
greenhouse	https://job-boards.greenhouse.io/particle	1	2026-09-28T08:20:34.521Z
greenhouse	https://job-boards.greenhouse.io/particlehealth	1	2026-09-28T08:20:34.714Z
greenhouse	https://job-boards.greenhouse.io/partnerstack	1	2026-09-28T08:20:34.903Z
greenhouse	https://job-boards.greenhouse.io/partstech	1	2026-09-28T08:20:34.929Z
greenhouse	https://job-boards.greenhouse.io/pascal	1	2026-09-28T08:20:35.103Z
greenhouse	https://job-boards.greenhouse.io/passes	1	2026-09-28T08:20:35.123Z
greenhouse	https://job-boards.greenhouse.io/passport	1	2026-09-28T08:20:35.166Z
greenhouse	https://job-boards.greenhouse.io/path	1	2026-09-28T08:20:35.167Z
greenhouse	https://job-boards.greenhouse.io/patientpop	1	2026-09-28T08:20:35.562Z
greenhouse	https://job-boards.greenhouse.io/patreon	1	2026-09-28T08:20:35.563Z
greenhouse	https://job-boards.greenhouse.io/patterncareers	1	2026-09-28T08:20:35.755Z
greenhouse	https://job-boards.greenhouse.io/pavilion	1	2026-09-28T08:20:35.970Z
greenhouse	https://job-boards.greenhouse.io/pavilionpayments	1	2026-09-28T08:20:36.009Z
greenhouse	https://job-boards.greenhouse.io/pax8	1	2026-09-28T08:20:36.158Z
greenhouse	https://job-boards.greenhouse.io/paxful	1	2026-09-28T08:20:36.174Z
greenhouse	https://job-boards.greenhouse.io/paybyphone	1	2026-09-28T08:20:36.352Z
greenhouse	https://job-boards.greenhouse.io/paydo	1	2026-09-28T08:20:36.373Z
greenhouse	https://job-boards.greenhouse.io/paysend	1	2026-09-28T08:20:37.236Z
greenhouse	https://job-boards.greenhouse.io/paystack	1	2026-09-28T08:20:37.310Z
greenhouse	https://job-boards.greenhouse.io/paystackprivate4317	1	2026-09-28T08:20:37.342Z
greenhouse	https://job-boards.greenhouse.io/paytronix	1	2026-09-28T08:20:37.539Z
greenhouse	https://job-boards.greenhouse.io/pbs	1	2026-09-28T08:20:37.929Z
greenhouse	https://job-boards.greenhouse.io/pbsusa	1	2026-09-28T08:20:37.942Z
greenhouse	https://job-boards.greenhouse.io/pdmgroupasp	1	2026-09-28T08:20:38.153Z
greenhouse	https://job-boards.greenhouse.io/peachtreebioresearchsolutions	1	2026-09-28T08:20:38.613Z
greenhouse	https://job-boards.greenhouse.io/pearcommerce	1	2026-09-28T08:20:39.655Z
greenhouse	https://job-boards.greenhouse.io/pearlhealth	1	2026-09-28T08:20:39.763Z
greenhouse	https://job-boards.greenhouse.io/pebblelife	1	2026-09-28T08:20:39.846Z
greenhouse	https://job-boards.greenhouse.io/pecanai	1	2026-09-28T08:20:40.035Z
greenhouse	https://job-boards.greenhouse.io/peek	1	2026-09-28T08:20:40.323Z
greenhouse	https://job-boards.greenhouse.io/penrodsoftware	1	2026-09-28T08:20:41.031Z
greenhouse	https://job-boards.greenhouse.io/penumbralabs	1	2026-09-28T08:20:41.087Z
greenhouse	https://job-boards.greenhouse.io/peopledatalabs	1	2026-09-28T08:20:41.190Z
greenhouse	https://job-boards.greenhouse.io/peopledoc	1	2026-09-28T08:20:41.191Z
greenhouse	https://job-boards.greenhouse.io/pepperjam	1	2026-09-28T08:20:41.380Z
greenhouse	https://job-boards.greenhouse.io/perchenergycareers	1	2026-09-28T08:20:41.485Z
greenhouse	https://job-boards.greenhouse.io/perfectday	1	2026-09-28T08:20:41.581Z
greenhouse	https://job-boards.greenhouse.io/periscopedata	1	2026-09-28T08:20:41.935Z
greenhouse	https://job-boards.greenhouse.io/permutive	1	2026-09-28T08:20:41.972Z
greenhouse	https://job-boards.greenhouse.io/perplexityai	1	2026-09-28T08:20:42.128Z
greenhouse	https://job-boards.greenhouse.io/perrystreetsoftware	1	2026-09-28T08:20:42.166Z
greenhouse	https://job-boards.greenhouse.io/persado	1	2026-09-28T08:20:42.324Z
greenhouse	https://job-boards.greenhouse.io/persona	1	2026-09-28T08:20:42.530Z
greenhouse	https://job-boards.greenhouse.io/perspective	1	2026-09-28T08:20:42.735Z
greenhouse	https://job-boards.greenhouse.io/petdesk	1	2026-09-28T08:20:42.799Z
greenhouse	https://job-boards.greenhouse.io/petfolk	1	2026-09-28T08:20:43.901Z
greenhouse	https://job-boards.greenhouse.io/petuum	1	2026-09-28T08:20:42.854Z
greenhouse	https://job-boards.greenhouse.io/phantom45	1	2026-09-28T08:20:43.051Z
greenhouse	https://job-boards.greenhouse.io/pharmbills	1	2026-09-28T08:20:43.889Z
greenhouse	https://job-boards.greenhouse.io/phasefour	1	2026-09-28T08:20:43.801Z
greenhouse	https://job-boards.greenhouse.io/phcglobal	1	2026-09-28T08:20:44.082Z
greenhouse	https://job-boards.greenhouse.io/phenogy	1	2026-09-28T08:20:44.216Z
greenhouse	https://job-boards.greenhouse.io/philadelphiaphilliesrddepartment	1	2026-09-28T08:20:44.610Z
greenhouse	https://job-boards.greenhouse.io/philo	1	2026-09-28T08:20:44.801Z
greenhouse	https://job-boards.greenhouse.io/phoenixhydrogen	1	2026-09-28T08:20:45.118Z
greenhouse	https://job-boards.greenhouse.io/phonepe	1	2026-09-28T08:20:45.203Z
greenhouse	https://job-boards.greenhouse.io/phonic	1	2026-09-28T08:20:45.312Z
greenhouse	https://job-boards.greenhouse.io/phreesia	1	2026-09-28T08:20:45.391Z
greenhouse	https://job-boards.greenhouse.io/piclo	1	2026-09-28T08:20:45.938Z
greenhouse	https://job-boards.greenhouse.io/picnichealth	1	2026-09-28T08:20:46.122Z
greenhouse	https://job-boards.greenhouse.io/pika	1	2026-09-28T08:20:46.449Z
greenhouse	https://job-boards.greenhouse.io/piktochart	1	2026-09-28T08:20:46.640Z
greenhouse	https://job-boards.greenhouse.io/pillar	1	2026-09-28T08:20:46.648Z
greenhouse	https://job-boards.greenhouse.io/pilot	1	2026-09-28T08:20:46.658Z
greenhouse	https://job-boards.greenhouse.io/pinegaterenewables	1	2026-09-28T08:20:47.041Z
greenhouse	https://job-boards.greenhouse.io/pineparkhealth	1	2026-09-28T08:20:47.104Z
greenhouse	https://job-boards.greenhouse.io/pinnacle	1	2026-09-28T08:20:47.238Z
greenhouse	https://job-boards.greenhouse.io/pioneeringevolution	1	2026-09-28T08:20:47.585Z
greenhouse	https://job-boards.greenhouse.io/pismo	1	2026-09-28T08:20:47.858Z
greenhouse	https://job-boards.greenhouse.io/pitch	1	2026-09-28T08:20:48.058Z
greenhouse	https://job-boards.greenhouse.io/pivotalsoftware	1	2026-09-28T08:20:48.078Z
greenhouse	https://job-boards.greenhouse.io/pixiebrix	1	2026-09-28T08:20:48.277Z
greenhouse	https://job-boards.greenhouse.io/pixlee	1	2026-09-28T08:20:50.045Z
greenhouse	https://job-boards.greenhouse.io/pixocial	1	2026-09-28T08:20:48.345Z
greenhouse	https://job-boards.greenhouse.io/pjtpartnersprofessionals	1	2026-09-28T08:20:48.417Z
greenhouse	https://job-boards.greenhouse.io/pjtpartnersstudents	1	2026-09-28T08:20:48.477Z
greenhouse	https://job-boards.greenhouse.io/placeexchange11	1	2026-09-28T08:20:48.540Z
greenhouse	https://job-boards.greenhouse.io/placemeter	1	2026-09-28T08:20:48.613Z
greenhouse	https://job-boards.greenhouse.io/planera	1	2026-09-28T08:20:48.732Z
greenhouse	https://job-boards.greenhouse.io/playkids	1	2026-09-28T08:20:49.521Z
greenhouse	https://job-boards.greenhouse.io/playstationeurope	1	2026-09-28T08:20:49.637Z
greenhouse	https://job-boards.greenhouse.io/plenty	1	2026-09-28T08:20:49.709Z
greenhouse	https://job-boards.greenhouse.io/pleo	1	2026-09-28T08:20:49.833Z
greenhouse	https://job-boards.greenhouse.io/plotly	1	2026-09-28T08:20:50.122Z
greenhouse	https://job-boards.greenhouse.io/plumguide	1	2026-09-28T08:20:50.245Z
greenhouse	https://job-boards.greenhouse.io/plushcare	1	2026-09-28T08:20:50.338Z
greenhouse	https://job-boards.greenhouse.io/pmgroup	1	2026-09-28T08:20:50.591Z
greenhouse	https://job-boards.greenhouse.io/poaptheproofofattendanceprotocol	1	2026-09-28T08:20:50.792Z
greenhouse	https://job-boards.greenhouse.io/poatek	1	2026-09-28T08:20:50.795Z
greenhouse	https://job-boards.greenhouse.io/pocket	1	2026-09-28T08:20:50.798Z
greenhouse	https://job-boards.greenhouse.io/pollen	1	2026-09-28T08:20:51.389Z
greenhouse	https://job-boards.greenhouse.io/polly	1	2026-09-28T08:20:51.390Z
greenhouse	https://job-boards.greenhouse.io/polycamcareers	1	2026-09-28T08:20:51.512Z
greenhouse	https://job-boards.greenhouse.io/polygence	1	2026-09-28T08:20:51.581Z
greenhouse	https://job-boards.greenhouse.io/polymathventures	1	2026-09-28T08:20:51.595Z
greenhouse	https://job-boards.greenhouse.io/polysign	1	2026-09-28T08:20:51.698Z
greenhouse	https://job-boards.greenhouse.io/pomelo	1	2026-09-28T08:20:51.709Z
greenhouse	https://job-boards.greenhouse.io/poolzup	1	2026-09-28T08:20:51.916Z
greenhouse	https://job-boards.greenhouse.io/populus	1	2026-09-28T08:20:52.031Z
greenhouse	https://job-boards.greenhouse.io/porchdotcommexico	1	2026-09-28T08:20:52.096Z
greenhouse	https://job-boards.greenhouse.io/portagecareers	1	2026-09-28T08:20:52.183Z
greenhouse	https://job-boards.greenhouse.io/portworx	1	2026-09-28T08:20:52.221Z
greenhouse	https://job-boards.greenhouse.io/posigen	1	2026-09-28T08:20:52.376Z
greenhouse	https://job-boards.greenhouse.io/possibility	1	2026-09-28T08:20:52.378Z
greenhouse	https://job-boards.greenhouse.io/possiblefinancialinc	1	2026-09-28T08:20:52.402Z
greenhouse	https://job-boards.greenhouse.io/postlight	1	2026-09-28T08:20:52.484Z
greenhouse	https://job-boards.greenhouse.io/postman	1	2026-09-28T08:20:52.495Z
greenhouse	https://job-boards.greenhouse.io/postmates	1	2026-09-28T08:20:52.569Z
greenhouse	https://job-boards.greenhouse.io/powbio	1	2026-09-28T08:20:52.600Z
greenhouse	https://job-boards.greenhouse.io/powerfinance	1	2026-09-28T08:20:52.760Z
greenhouse	https://job-boards.greenhouse.io/powershiftnetwork	1	2026-09-28T08:20:52.791Z
greenhouse	https://job-boards.greenhouse.io/precisioneffect	1	2026-09-28T08:20:53.411Z
greenhouse	https://job-boards.greenhouse.io/precisionscientia	1	2026-09-28T08:20:53.498Z
greenhouse	https://job-boards.greenhouse.io/precisionsystemsinc	1	2026-09-28T08:20:53.519Z
greenhouse	https://job-boards.greenhouse.io/precisionxtract	1	2026-09-28T08:20:53.597Z
greenhouse	https://job-boards.greenhouse.io/predictivehr	1	2026-09-28T08:20:53.609Z
greenhouse	https://job-boards.greenhouse.io/prefect	1	2026-09-28T08:20:53.747Z
greenhouse	https://job-boards.greenhouse.io/preparedmontessorian	1	2026-09-28T08:20:53.940Z
greenhouse	https://job-boards.greenhouse.io/preply	1	2026-09-28T08:20:53.945Z
greenhouse	https://job-boards.greenhouse.io/presonus	1	2026-09-28T08:20:54.275Z
greenhouse	https://job-boards.greenhouse.io/pricespider	1	2026-09-28T08:20:54.472Z
greenhouse	https://job-boards.greenhouse.io/primeprotocol	1	2026-09-28T08:20:54.581Z
greenhouse	https://job-boards.greenhouse.io/primetrust	1	2026-09-28T08:20:54.686Z
greenhouse	https://job-boards.greenhouse.io/productboard	1	2026-09-28T08:20:56.348Z
greenhouse	https://job-boards.greenhouse.io/productops	1	2026-09-28T08:20:56.449Z
greenhouse	https://job-boards.greenhouse.io/productschool	1	2026-09-28T08:20:56.465Z
greenhouse	https://job-boards.greenhouse.io/profiletechnologiesinc	1	2026-09-28T08:20:56.509Z
greenhouse	https://job-boards.greenhouse.io/project44opportunities	1	2026-09-28T08:20:56.712Z
greenhouse	https://job-boards.greenhouse.io/projectdiscoveryinc	1	2026-09-28T08:20:56.858Z
greenhouse	https://job-boards.greenhouse.io/projectfarma	1	2026-09-28T08:20:56.937Z
greenhouse	https://job-boards.greenhouse.io/projectmanagercom	1	2026-09-28T08:20:57.049Z
greenhouse	https://job-boards.greenhouse.io/prolificinteractive	1	2026-09-28T08:20:58.859Z
greenhouse	https://job-boards.greenhouse.io/prolificmachines	1	2026-09-28T08:20:57.267Z
greenhouse	https://job-boards.greenhouse.io/promptworks	1	2026-09-28T08:20:57.451Z
greenhouse	https://job-boards.greenhouse.io/proofxyz	1	2026-09-28T08:20:57.747Z
greenhouse	https://job-boards.greenhouse.io/propel	1	2026-09-28T08:20:57.748Z
greenhouse	https://job-boards.greenhouse.io/propellerhealth	1	2026-09-28T08:20:57.893Z
greenhouse	https://job-boards.greenhouse.io/propellerindustries	1	2026-09-28T08:20:57.944Z
greenhouse	https://job-boards.greenhouse.io/propertyfinder	1	2026-09-28T08:20:57.941Z
greenhouse	https://job-boards.greenhouse.io/prose	1	2026-09-28T08:20:58.447Z
greenhouse	https://job-boards.greenhouse.io/protenus	1	2026-09-28T08:20:59.055Z
greenhouse	https://job-boards.greenhouse.io/protocollabs	1	2026-09-28T08:20:59.217Z
greenhouse	https://job-boards.greenhouse.io/providencedig	1	2026-09-28T08:20:59.411Z
greenhouse	https://job-boards.greenhouse.io/pubgsm	1	2026-09-28T08:20:59.962Z
greenhouse	https://job-boards.greenhouse.io/publica	1	2026-09-28T08:21:00.062Z
greenhouse	https://job-boards.greenhouse.io/publicsq	1	2026-09-28T08:21:00.223Z
greenhouse	https://job-boards.greenhouse.io/pulaio	1	2026-09-28T08:21:00.263Z
greenhouse	https://job-boards.greenhouse.io/pumpcareers	1	2026-09-28T08:21:00.595Z
greenhouse	https://job-boards.greenhouse.io/punchlistusa	1	2026-09-28T08:21:00.632Z
greenhouse	https://job-boards.greenhouse.io/pursuecare	1	2026-09-28T08:21:00.789Z
greenhouse	https://job-boards.greenhouse.io/pushdigitalgroup	1	2026-09-28T08:21:00.910Z
greenhouse	https://job-boards.greenhouse.io/pyka	1	2026-09-28T08:21:01.251Z
greenhouse	https://job-boards.greenhouse.io/pythdataassociation	1	2026-09-28T08:21:01.461Z
greenhouse	https://job-boards.greenhouse.io/pythnetwork	1	2026-09-28T08:21:01.477Z
greenhouse	https://job-boards.greenhouse.io/qandamedia	1	2026-09-28T08:21:01.464Z
greenhouse	https://job-boards.greenhouse.io/qcentrix	1	2026-09-28T08:21:01.653Z
greenhouse	https://job-boards.greenhouse.io/qovery	1	2026-09-28T08:21:01.665Z
greenhouse	https://job-boards.greenhouse.io/quadrantstrategies	1	2026-09-28T08:21:02.226Z
greenhouse	https://job-boards.greenhouse.io/qualifiedhealth	1	2026-09-28T08:21:02.641Z
greenhouse	https://job-boards.greenhouse.io/quartethealth	1	2026-09-28T08:21:04.156Z
greenhouse	https://job-boards.greenhouse.io/quartzbio	1	2026-09-28T08:21:04.159Z
greenhouse	https://job-boards.greenhouse.io/quartzy	1	2026-09-28T08:21:04.355Z
greenhouse	https://job-boards.greenhouse.io/questpartnersllc	1	2026-09-28T08:21:04.675Z
greenhouse	https://job-boards.greenhouse.io/quiknodeinc	1	2026-09-28T08:21:07.111Z
greenhouse	https://job-boards.greenhouse.io/quiltllc	1	2026-09-28T08:21:04.979Z
greenhouse	https://job-boards.greenhouse.io/quin	1	2026-09-28T08:21:06.435Z
greenhouse	https://job-boards.greenhouse.io/quintar	1	2026-09-28T08:21:06.439Z
greenhouse	https://job-boards.greenhouse.io/quiqinc	1	2026-09-28T08:21:06.853Z
greenhouse	https://job-boards.greenhouse.io/qumulo	1	2026-09-28T08:21:06.850Z
greenhouse	https://job-boards.greenhouse.io/quora	1	2026-09-28T08:21:06.996Z
greenhouse	https://job-boards.greenhouse.io/quorum	1	2026-09-28T08:21:07.391Z
greenhouse	https://job-boards.greenhouse.io/quotewell	1	2026-09-28T08:21:07.044Z
greenhouse	https://job-boards.greenhouse.io/qwick	1	2026-09-28T08:21:07.192Z
greenhouse	https://job-boards.greenhouse.io/r29vmg	1	2026-09-28T08:21:07.203Z
greenhouse	https://job-boards.greenhouse.io/rabbit	1	2026-09-28T08:21:07.307Z
greenhouse	https://job-boards.greenhouse.io/rachio	1	2026-09-28T08:21:07.445Z
greenhouse	https://job-boards.greenhouse.io/radarlabs	1	2026-09-28T08:21:07.592Z
greenhouse	https://job-boards.greenhouse.io/radarrelay	1	2026-09-28T08:21:07.615Z
greenhouse	https://job-boards.greenhouse.io/radiant	1	2026-09-28T08:21:07.662Z
greenhouse	https://job-boards.greenhouse.io/radiantsecurity	1	2026-09-28T08:21:07.786Z
greenhouse	https://job-boards.greenhouse.io/radicalai	1	2026-09-28T08:21:07.794Z
greenhouse	https://job-boards.greenhouse.io/radicalnumerics	1	2026-09-28T08:21:07.839Z
greenhouse	https://job-boards.greenhouse.io/radixtrading	1	2026-09-28T08:21:07.988Z
greenhouse	https://job-boards.greenhouse.io/rainberry	1	2026-09-28T08:21:08.192Z
greenhouse	https://job-boards.greenhouse.io/rainesinternational	1	2026-09-28T08:21:08.262Z
greenhouse	https://job-boards.greenhouse.io/rakutenrewards	1	2026-09-28T08:21:08.552Z
greenhouse	https://job-boards.greenhouse.io/rallyhealth	1	2026-09-28T08:21:08.568Z
greenhouse	https://job-boards.greenhouse.io/ramp	1	2026-09-28T08:21:08.581Z
greenhouse	https://job-boards.greenhouse.io/rapha	1	2026-09-28T08:21:08.762Z
greenhouse	https://job-boards.greenhouse.io/rapidrobotics	1	2026-09-28T08:21:08.814Z
greenhouse	https://job-boards.greenhouse.io/rasa	1	2026-09-28T08:21:09.160Z
greenhouse	https://job-boards.greenhouse.io/rattle	1	2026-09-28T08:21:09.211Z
greenhouse	https://job-boards.greenhouse.io/razorgroupgmbh	1	2026-09-28T08:21:09.349Z
greenhouse	https://job-boards.greenhouse.io/rbicareers	1	2026-09-28T08:21:09.502Z
greenhouse	https://job-boards.greenhouse.io/reach	1	2026-09-28T08:21:09.888Z
greenhouse	https://job-boards.greenhouse.io/reachplatforminc	1	2026-09-28T08:21:10.026Z
greenhouse	https://job-boards.greenhouse.io/reactioncommerce	1	2026-09-28T08:21:10.089Z
greenhouse	https://job-boards.greenhouse.io/readai	1	2026-09-28T08:21:10.225Z
greenhouse	https://job-boards.greenhouse.io/ready	1	2026-09-28T08:21:10.393Z
greenhouse	https://job-boards.greenhouse.io/ready2order	1	2026-09-28T08:21:10.422Z
greenhouse	https://job-boards.greenhouse.io/readyresponders	1	2026-09-28T08:21:10.492Z
greenhouse	https://job-boards.greenhouse.io/readyset29	1	2026-09-28T08:21:10.552Z
greenhouse	https://job-boards.greenhouse.io/reaktor	1	2026-09-28T08:21:10.617Z
greenhouse	https://job-boards.greenhouse.io/real	1	2026-09-28T08:21:10.628Z
greenhouse	https://job-boards.greenhouse.io/realtymogul	1	2026-09-28T08:21:10.821Z
greenhouse	https://job-boards.greenhouse.io/recentgraduates	1	2026-09-28T08:21:11.298Z
greenhouse	https://job-boards.greenhouse.io/recharge	1	2026-09-28T08:21:11.487Z
greenhouse	https://job-boards.greenhouse.io/reciprocity	1	2026-09-28T08:21:11.612Z
greenhouse	https://job-boards.greenhouse.io/recogni	1	2026-09-28T08:21:11.683Z
greenhouse	https://job-boards.greenhouse.io/recorainc	1	2026-09-28T08:21:11.802Z
greenhouse	https://job-boards.greenhouse.io/recroom	1	2026-09-28T08:21:11.876Z
greenhouse	https://job-boards.greenhouse.io/recur	1	2026-09-28T08:21:12.098Z
greenhouse	https://job-boards.greenhouse.io/redbooth	1	2026-09-28T08:21:12.295Z
greenhouse	https://job-boards.greenhouse.io/redesignhealth	1	2026-09-28T08:21:12.661Z
greenhouse	https://job-boards.greenhouse.io/redis	1	2026-09-28T08:21:12.662Z
greenhouse	https://job-boards.greenhouse.io/redpandadata	1	2026-09-28T08:21:12.664Z
greenhouse	https://job-boards.greenhouse.io/reefparking	1	2026-09-28T08:21:13.074Z
greenhouse	https://job-boards.greenhouse.io/reemahealth	1	2026-09-28T08:21:13.075Z
greenhouse	https://job-boards.greenhouse.io/referralonly	1	2026-09-28T08:21:12.979Z
greenhouse	https://job-boards.greenhouse.io/referralsonly	1	2026-09-28T08:21:13.411Z
greenhouse	https://job-boards.greenhouse.io/refinery29	1	2026-09-28T08:21:13.414Z
greenhouse	https://job-boards.greenhouse.io/reflexionmedical	1	2026-09-28T08:21:13.601Z
greenhouse	https://job-boards.greenhouse.io/regionalspotonsales	1	2026-09-28T08:21:13.752Z
greenhouse	https://job-boards.greenhouse.io/regrow	1	2026-09-28T08:21:13.818Z
greenhouse	https://job-boards.greenhouse.io/regscale	1	2026-09-28T08:21:14.734Z
greenhouse	https://job-boards.greenhouse.io/reifyhealthjobs	1	2026-09-28T08:21:13.845Z
greenhouse	https://job-boards.greenhouse.io/relic	1	2026-09-28T08:21:14.932Z
greenhouse	https://job-boards.greenhouse.io/relyance	1	2026-09-28T08:21:14.973Z
greenhouse	https://job-boards.greenhouse.io/remergegmbh	1	2026-09-28T08:21:15.127Z
greenhouse	https://job-boards.greenhouse.io/remind	1	2026-09-28T08:21:15.164Z
greenhouse	https://job-boards.greenhouse.io/render	1	2026-09-28T08:21:15.880Z
greenhouse	https://job-boards.greenhouse.io/reorg	1	2026-09-28T08:21:15.910Z
greenhouse	https://job-boards.greenhouse.io/repeatmd	1	2026-09-28T08:21:16.074Z
greenhouse	https://job-boards.greenhouse.io/replica	1	2026-09-28T08:21:16.101Z
greenhouse	https://job-boards.greenhouse.io/replicated	1	2026-09-28T08:21:16.120Z
greenhouse	https://job-boards.greenhouse.io/reprise	1	2026-09-28T08:21:16.181Z
greenhouse	https://job-boards.greenhouse.io/rescue	1	2026-09-28T08:21:16.319Z
greenhouse	https://job-boards.greenhouse.io/reserv	1	2026-09-28T08:21:16.437Z
greenhouse	https://job-boards.greenhouse.io/resi	1	2026-09-28T08:21:16.468Z
greenhouse	https://job-boards.greenhouse.io/retool	1	2026-09-28T08:21:16.866Z
greenhouse	https://job-boards.greenhouse.io/rev	1	2026-09-28T08:21:17.045Z
greenhouse	https://job-boards.greenhouse.io/revcapital	1	2026-09-28T08:21:17.079Z
greenhouse	https://job-boards.greenhouse.io/revelsystems	1	2026-09-28T08:21:17.087Z
greenhouse	https://job-boards.greenhouse.io/revenuecat	1	2026-09-28T08:21:17.232Z
greenhouse	https://job-boards.greenhouse.io/revivecareers	1	2026-09-28T08:21:17.277Z
greenhouse	https://job-boards.greenhouse.io/revopsforce	1	2026-09-28T08:21:17.470Z
greenhouse	https://job-boards.greenhouse.io/revprepaid	1	2026-09-28T08:21:17.483Z
greenhouse	https://job-boards.greenhouse.io/rhconsulting	1	2026-09-28T08:21:17.900Z
greenhouse	https://job-boards.greenhouse.io/rheaply	1	2026-09-28T08:21:18.090Z
greenhouse	https://job-boards.greenhouse.io/rhino	1	2026-09-28T08:21:18.220Z
greenhouse	https://job-boards.greenhouse.io/rho	1	2026-09-28T08:21:18.104Z
greenhouse	https://job-boards.greenhouse.io/rhodeskin	1	2026-09-28T08:21:18.121Z
greenhouse	https://job-boards.greenhouse.io/rhythmagency	1	2026-09-28T08:21:18.287Z
greenhouse	https://job-boards.greenhouse.io/ribbiotinc	1	2026-09-28T08:21:18.312Z
greenhouse	https://job-boards.greenhouse.io/ribbonhealth	1	2026-09-28T08:21:18.316Z
greenhouse	https://job-boards.greenhouse.io/ridecell	1	2026-09-28T08:21:18.411Z
greenhouse	https://job-boards.greenhouse.io/ridedott	1	2026-09-28T08:21:18.480Z
greenhouse	https://job-boards.greenhouse.io/ridedott-ground-roles	1	2026-09-28T08:21:18.503Z
greenhouse	https://job-boards.greenhouse.io/rightfoot51	1	2026-09-28T08:21:18.508Z
greenhouse	https://job-boards.greenhouse.io/ringba	1	2026-09-28T08:21:18.702Z
greenhouse	https://job-boards.greenhouse.io/rinsed	1	2026-09-28T08:21:18.882Z
greenhouse	https://job-boards.greenhouse.io/ripcord	1	2026-09-28T08:21:19.077Z
greenhouse	https://job-boards.greenhouse.io/ripplcare	1	2026-09-28T08:21:19.097Z
greenhouse	https://job-boards.greenhouse.io/ripplematchinterns	1	2026-09-28T08:21:19.358Z
greenhouse	https://job-boards.greenhouse.io/riseinteractive	1	2026-09-28T08:21:19.414Z
greenhouse	https://job-boards.greenhouse.io/riskoptics	1	2026-09-28T08:21:19.779Z
greenhouse	https://job-boards.greenhouse.io/ritualdental	1	2026-09-28T08:21:19.971Z
greenhouse	https://job-boards.greenhouse.io/riverfinancial	1	2026-09-28T08:21:20.002Z
greenhouse	https://job-boards.greenhouse.io/riversideresearch	1	2026-09-28T08:21:20.107Z
greenhouse	https://job-boards.greenhouse.io/rivian	1	2026-09-28T08:21:20.203Z
greenhouse	https://job-boards.greenhouse.io/robertrauschenbergfoundation	1	2026-09-28T08:21:20.404Z
greenhouse	https://job-boards.greenhouse.io/rockstarinternships	1	2026-09-28T08:21:22.099Z
greenhouse	https://job-boards.greenhouse.io/rocksteadymusicschool	1	2026-09-28T08:21:22.255Z
greenhouse	https://job-boards.greenhouse.io/roidna	1	2026-09-28T08:21:22.256Z
greenhouse	https://job-boards.greenhouse.io/rollstack	1	2026-09-28T08:21:22.613Z
greenhouse	https://job-boards.greenhouse.io/root	1	2026-09-28T08:21:23.217Z
greenhouse	https://job-boards.greenhouse.io/rootly	1	2026-09-28T08:21:23.219Z
greenhouse	https://job-boards.greenhouse.io/rootstrap	1	2026-09-28T08:21:23.995Z
greenhouse	https://job-boards.greenhouse.io/rothys	1	2026-09-28T08:21:23.998Z
greenhouse	https://job-boards.greenhouse.io/roundpointmortgageservicingcorporation	1	2026-09-28T08:21:24.189Z
greenhouse	https://job-boards.greenhouse.io/routable	1	2026-09-28T08:21:24.194Z
greenhouse	https://job-boards.greenhouse.io/roxe	1	2026-09-28T08:21:24.385Z
greenhouse	https://job-boards.greenhouse.io/rsinternboard	1	2026-09-28T08:21:24.415Z
greenhouse	https://job-boards.greenhouse.io/rubilaboratories33	1	2026-09-28T08:21:24.847Z
greenhouse	https://job-boards.greenhouse.io/rubyreceptionists	1	2026-09-28T08:21:26.060Z
greenhouse	https://job-boards.greenhouse.io/rudderstack	1	2026-09-28T08:21:25.038Z
greenhouse	https://job-boards.greenhouse.io/runelabs	1	2026-09-28T08:21:25.490Z
greenhouse	https://job-boards.greenhouse.io/runpod	1	2026-09-28T08:21:25.491Z
greenhouse	https://job-boards.greenhouse.io/runwayml	1	2026-09-28T08:21:25.492Z
greenhouse	https://job-boards.greenhouse.io/russett	1	2026-09-28T08:21:25.881Z
greenhouse	https://job-boards.greenhouse.io/rvedufreelancenetwork	1	2026-09-28T08:21:25.903Z
greenhouse	https://job-boards.greenhouse.io/rvfreelancenetwork	1	2026-09-28T08:21:26.081Z
greenhouse	https://job-boards.greenhouse.io/rxbar	1	2026-09-28T08:21:26.249Z
greenhouse	https://job-boards.greenhouse.io/rxvantage	1	2026-09-28T08:21:26.339Z
greenhouse	https://job-boards.greenhouse.io/saasacademy	1	2026-09-28T08:21:26.477Z
greenhouse	https://job-boards.greenhouse.io/safebase	1	2026-09-28T08:21:26.720Z
greenhouse	https://job-boards.greenhouse.io/sagardcareers	1	2026-09-28T08:21:26.836Z
greenhouse	https://job-boards.greenhouse.io/sailthru	1	2026-09-28T08:21:27.075Z
greenhouse	https://job-boards.greenhouse.io/salaryfinance83	1	2026-09-28T08:21:27.152Z
greenhouse	https://job-boards.greenhouse.io/saleslabx	1	2026-09-28T08:21:27.480Z
greenhouse	https://job-boards.greenhouse.io/saltclick	1	2026-09-28T08:21:27.478Z
greenhouse	https://job-boards.greenhouse.io/saltlending	1	2026-09-28T08:21:27.517Z
greenhouse	https://job-boards.greenhouse.io/sambatv	1	2026-09-28T08:21:27.866Z
greenhouse	https://job-boards.greenhouse.io/samcarthiring	1	2026-09-28T08:21:27.897Z
greenhouse	https://job-boards.greenhouse.io/samlabs	1	2026-09-28T08:21:27.898Z
greenhouse	https://job-boards.greenhouse.io/samsungaustinsemiconductor	1	2026-09-28T08:21:28.063Z
greenhouse	https://job-boards.greenhouse.io/samsungcollegeprogram	1	2026-09-28T08:21:28.057Z
greenhouse	https://job-boards.greenhouse.io/sanabilventurestudio	1	2026-09-28T08:21:28.491Z
greenhouse	https://job-boards.greenhouse.io/sandboxaq	1	2026-09-28T08:21:28.496Z
greenhouse	https://job-boards.greenhouse.io/sandstonecaredarien	1	2026-09-28T08:21:28.901Z
greenhouse	https://job-boards.greenhouse.io/sandtech	1	2026-09-28T08:21:30.213Z
greenhouse	https://job-boards.greenhouse.io/sanityio	1	2026-09-28T08:21:29.296Z
greenhouse	https://job-boards.greenhouse.io/sano	1	2026-09-28T08:21:29.428Z
greenhouse	https://job-boards.greenhouse.io/sapphireventuresllc	1	2026-09-28T08:21:29.489Z
greenhouse	https://job-boards.greenhouse.io/satellogic	1	2026-09-28T08:21:29.778Z
greenhouse	https://job-boards.greenhouse.io/saturn	1	2026-09-28T08:21:29.819Z
greenhouse	https://job-boards.greenhouse.io/saturncloud	1	2026-09-28T08:21:29.896Z
greenhouse	https://job-boards.greenhouse.io/saundersrealestate	1	2026-09-28T08:21:29.899Z
greenhouse	https://job-boards.greenhouse.io/savvyinsure	1	2026-09-28T08:21:30.010Z
greenhouse	https://job-boards.greenhouse.io/scalecomputing	1	2026-09-28T08:21:30.403Z
greenhouse	https://job-boards.greenhouse.io/scalefactor	1	2026-09-28T08:21:30.562Z
greenhouse	https://job-boards.greenhouse.io/scaletowinllc	1	2026-09-28T08:21:30.906Z
greenhouse	https://job-boards.greenhouse.io/scanditlinkedin	1	2026-09-28T08:21:31.098Z
greenhouse	https://job-boards.greenhouse.io/scholarshipportal	1	2026-09-28T08:21:31.139Z
greenhouse	https://job-boards.greenhouse.io/schoolleaders2324schoolyear	1	2026-09-28T08:21:31.307Z
greenhouse	https://job-boards.greenhouse.io/schweigerdermatologygroup	1	2026-09-28T08:21:31.523Z
greenhouse	https://job-boards.greenhouse.io/science	1	2026-09-28T08:21:31.524Z
greenhouse	https://job-boards.greenhouse.io/sciencelogic	1	2026-09-28T08:21:31.718Z
greenhouse	https://job-boards.greenhouse.io/scope3pbc	1	2026-09-28T08:21:31.919Z
greenhouse	https://job-boards.greenhouse.io/scoremediaandgaminginc	1	2026-09-28T08:21:32.032Z
greenhouse	https://job-boards.greenhouse.io/scorpiontherapeutics	1	2026-09-28T08:21:32.114Z
greenhouse	https://job-boards.greenhouse.io/scribd	1	2026-09-28T08:21:32.789Z
greenhouse	https://job-boards.greenhouse.io/scribe	1	2026-09-28T08:21:32.839Z
greenhouse	https://job-boards.greenhouse.io/scribetherapeutics	1	2026-09-28T08:21:32.983Z
greenhouse	https://job-boards.greenhouse.io/scribexindeed	1	2026-09-28T08:21:33.030Z
greenhouse	https://job-boards.greenhouse.io/scrollio	1	2026-09-28T08:21:33.168Z
greenhouse	https://job-boards.greenhouse.io/scsfinancial	1	2026-09-28T08:21:33.180Z
greenhouse	https://job-boards.greenhouse.io/scuba	1	2026-09-28T08:21:33.233Z
greenhouse	https://job-boards.greenhouse.io/scytherobotics	1	2026-09-28T08:21:33.360Z
greenhouse	https://job-boards.greenhouse.io/sdash	1	2026-09-28T08:21:33.370Z
greenhouse	https://job-boards.greenhouse.io/seabankindonesia	1	2026-09-28T08:21:33.552Z
greenhouse	https://job-boards.greenhouse.io/sealed	1	2026-09-28T08:21:33.614Z
greenhouse	https://job-boards.greenhouse.io/sealstorage	1	2026-09-28T08:21:33.743Z
greenhouse	https://job-boards.greenhouse.io/seam	1	2026-09-28T08:21:33.783Z
greenhouse	https://job-boards.greenhouse.io/seamlessai	1	2026-09-28T08:21:33.805Z
greenhouse	https://job-boards.greenhouse.io/searchdiscovery	1	2026-09-28T08:21:33.979Z
greenhouse	https://job-boards.greenhouse.io/secondspectrum	1	2026-09-28T08:21:34.590Z
greenhouse	https://job-boards.greenhouse.io/secretescapes	1	2026-09-28T08:21:34.601Z
greenhouse	https://job-boards.greenhouse.io/securitybankbettercareers	1	2026-09-28T08:21:34.810Z
greenhouse	https://job-boards.greenhouse.io/segmed	1	2026-09-28T08:21:35.490Z
greenhouse	https://job-boards.greenhouse.io/segment	1	2026-09-28T08:21:35.502Z
greenhouse	https://job-boards.greenhouse.io/segmenttw	1	2026-09-28T08:21:35.512Z
greenhouse	https://job-boards.greenhouse.io/seldon	1	2026-09-28T08:21:35.685Z
greenhouse	https://job-boards.greenhouse.io/select	1	2026-09-28T08:21:35.713Z
greenhouse	https://job-boards.greenhouse.io/selfidcareers	1	2026-09-28T08:21:35.915Z
greenhouse	https://job-boards.greenhouse.io/selkirksport	1	2026-09-28T08:21:35.975Z
greenhouse	https://job-boards.greenhouse.io/seluxdiagnostics	1	2026-09-28T08:21:36.117Z
greenhouse	https://job-boards.greenhouse.io/semasiojobs	1	2026-09-28T08:21:36.127Z
greenhouse	https://job-boards.greenhouse.io/semgrep	1	2026-09-28T08:21:36.173Z
greenhouse	https://job-boards.greenhouse.io/sendle	1	2026-09-28T08:21:36.598Z
greenhouse	https://job-boards.greenhouse.io/sendwaveapp	1	2026-09-28T08:21:36.617Z
greenhouse	https://job-boards.greenhouse.io/seniordoc	1	2026-09-28T08:21:37.010Z
greenhouse	https://job-boards.greenhouse.io/sennder	1	2026-09-28T08:21:36.796Z
greenhouse	https://job-boards.greenhouse.io/senne	1	2026-09-28T08:21:36.807Z
greenhouse	https://job-boards.greenhouse.io/sentilink	1	2026-09-28T08:21:37.213Z
greenhouse	https://job-boards.greenhouse.io/sentry	1	2026-09-28T08:21:37.248Z
greenhouse	https://job-boards.greenhouse.io/sequoiabiotech	1	2026-09-28T08:21:37.704Z
greenhouse	https://job-boards.greenhouse.io/sequoiaconsulting	1	2026-09-28T08:21:37.706Z
greenhouse	https://job-boards.greenhouse.io/serotonin	1	2026-09-28T08:21:38.156Z
greenhouse	https://job-boards.greenhouse.io/serviceexpress	1	2026-09-28T08:21:38.258Z
greenhouse	https://job-boards.greenhouse.io/servicetitan	1	2026-09-28T08:21:38.280Z
greenhouse	https://job-boards.greenhouse.io/sessions	1	2026-09-28T08:21:38.419Z
greenhouse	https://job-boards.greenhouse.io/settle	1	2026-09-28T08:21:38.863Z
greenhouse	https://job-boards.greenhouse.io/seveneightcapital	1	2026-09-28T08:21:38.865Z
greenhouse	https://job-boards.greenhouse.io/sevenrooms	1	2026-09-28T08:21:39.066Z
greenhouse	https://job-boards.greenhouse.io/sfgiants	1	2026-09-28T08:21:39.363Z
greenhouse	https://job-boards.greenhouse.io/sgs	1	2026-09-28T08:21:39.364Z
greenhouse	https://job-boards.greenhouse.io/shaker	1	2026-09-28T08:21:39.557Z
greenhouse	https://job-boards.greenhouse.io/shapeshift	1	2026-09-28T08:21:39.741Z
greenhouse	https://job-boards.greenhouse.io/shapetherapeutics	1	2026-09-28T08:21:39.571Z
greenhouse	https://job-boards.greenhouse.io/shapeways	1	2026-09-28T08:21:39.579Z
greenhouse	https://job-boards.greenhouse.io/shapr3d	1	2026-09-28T08:21:39.764Z
greenhouse	https://job-boards.greenhouse.io/shardeumfoundation	1	2026-09-28T08:21:39.770Z
greenhouse	https://job-boards.greenhouse.io/shearersinternalmobility	1	2026-09-28T08:21:39.954Z
greenhouse	https://job-boards.greenhouse.io/shearerssnacks	1	2026-09-28T08:21:39.968Z
greenhouse	https://job-boards.greenhouse.io/shelf	1	2026-09-28T08:21:40.163Z
greenhouse	https://job-boards.greenhouse.io/shift	1	2026-09-28T08:21:40.754Z
greenhouse	https://job-boards.greenhouse.io/shift4	1	2026-09-28T08:21:40.875Z
greenhouse	https://job-boards.greenhouse.io/shift4lithuania	1	2026-09-28T08:21:40.871Z
greenhouse	https://job-boards.greenhouse.io/shiftleft	1	2026-09-28T08:21:40.892Z
greenhouse	https://job-boards.greenhouse.io/shipengine	1	2026-09-28T08:21:41.310Z
greenhouse	https://job-boards.greenhouse.io/shipwell	1	2026-09-28T08:21:41.544Z
greenhouse	https://job-boards.greenhouse.io/shogun	1	2026-09-28T08:21:41.670Z
greenhouse	https://job-boards.greenhouse.io/shopee	1	2026-09-28T08:21:41.733Z
greenhouse	https://job-boards.greenhouse.io/shopkeep	1	2026-09-28T08:21:41.736Z
greenhouse	https://job-boards.greenhouse.io/shortcut	1	2026-09-28T08:21:41.930Z
greenhouse	https://job-boards.greenhouse.io/shortstory	1	2026-09-28T08:21:41.931Z
greenhouse	https://job-boards.greenhouse.io/shrapnelstudio	1	2026-09-28T08:21:42.154Z
greenhouse	https://job-boards.greenhouse.io/shyftsolutionsllc	1	2026-09-28T08:21:42.156Z
greenhouse	https://job-boards.greenhouse.io/sibelhealth	1	2026-09-28T08:21:42.162Z
greenhouse	https://job-boards.greenhouse.io/sibros	1	2026-09-28T08:21:42.349Z
greenhouse	https://job-boards.greenhouse.io/sidearmsports	1	2026-09-28T08:21:42.348Z
greenhouse	https://job-boards.greenhouse.io/sidebycare	1	2026-09-28T08:21:42.357Z
greenhouse	https://job-boards.greenhouse.io/sidewalklabs	1	2026-09-28T08:21:42.400Z
greenhouse	https://job-boards.greenhouse.io/siftscience	1	2026-09-28T08:21:42.753Z
greenhouse	https://job-boards.greenhouse.io/sigmoidinternational	1	2026-09-28T08:21:42.873Z
greenhouse	https://job-boards.greenhouse.io/signaladvisors	1	2026-09-28T08:21:42.957Z
greenhouse	https://job-boards.greenhouse.io/signatureanalytics	1	2026-09-28T08:21:43.035Z
greenhouse	https://job-boards.greenhouse.io/signavio	1	2026-09-28T08:21:43.030Z
greenhouse	https://job-boards.greenhouse.io/signifyhealth	1	2026-09-28T08:21:43.231Z
greenhouse	https://job-boards.greenhouse.io/signifyhealthireland	1	2026-09-28T08:21:43.235Z
greenhouse	https://job-boards.greenhouse.io/sigstr	1	2026-09-28T08:21:43.330Z
greenhouse	https://job-boards.greenhouse.io/sigtech	1	2026-09-28T08:21:43.360Z
greenhouse	https://job-boards.greenhouse.io/siilo	1	2026-09-28T08:21:43.426Z
greenhouse	https://job-boards.greenhouse.io/silverfin	1	2026-09-28T08:21:43.537Z
greenhouse	https://job-boards.greenhouse.io/simondata	1	2026-09-28T08:21:43.913Z
greenhouse	https://job-boards.greenhouse.io/simple	1	2026-09-28T08:21:43.930Z
greenhouse	https://job-boards.greenhouse.io/simplefinance	1	2026-09-28T08:21:43.932Z
greenhouse	https://job-boards.greenhouse.io/simplehealth	1	2026-09-28T08:21:43.933Z
greenhouse	https://job-boards.greenhouse.io/simplesurance	1	2026-09-28T08:21:44.135Z
greenhouse	https://job-boards.greenhouse.io/simplify360	1	2026-09-28T08:21:44.344Z
greenhouse	https://job-boards.greenhouse.io/simply	1	2026-09-28T08:21:44.460Z
greenhouse	https://job-boards.greenhouse.io/simspace	1	2026-09-28T08:21:44.586Z
greenhouse	https://job-boards.greenhouse.io/sinch	1	2026-09-28T08:21:44.873Z
greenhouse	https://job-boards.greenhouse.io/singleops	1	2026-09-28T08:21:44.875Z
greenhouse	https://job-boards.greenhouse.io/singlesprout	1	2026-09-28T08:21:44.877Z
greenhouse	https://job-boards.greenhouse.io/singular	1	2026-09-28T08:21:45.077Z
greenhouse	https://job-boards.greenhouse.io/sisense	1	2026-09-28T08:21:45.148Z
greenhouse	https://job-boards.greenhouse.io/sixthstreet	1	2026-09-28T08:21:45.494Z
greenhouse	https://job-boards.greenhouse.io/sjobs	1	2026-09-28T08:21:45.528Z
greenhouse	https://job-boards.greenhouse.io/skeletonkey	1	2026-09-28T08:21:45.684Z
greenhouse	https://job-boards.greenhouse.io/skillcentrix	1	2026-09-28T08:21:45.851Z
greenhouse	https://job-boards.greenhouse.io/skilljar	1	2026-09-28T08:21:45.882Z
greenhouse	https://job-boards.greenhouse.io/skipify	1	2026-09-28T08:21:46.102Z
greenhouse	https://job-boards.greenhouse.io/sklslabs	1	2026-09-28T08:21:46.286Z
greenhouse	https://job-boards.greenhouse.io/skydio	1	2026-09-28T08:21:46.287Z
greenhouse	https://job-boards.greenhouse.io/skyflow	1	2026-09-28T08:21:46.290Z
greenhouse	https://job-boards.greenhouse.io/skylotechnologies	1	2026-09-28T08:21:46.318Z
greenhouse	https://job-boards.greenhouse.io/skyscanner	1	2026-09-28T08:21:46.669Z
greenhouse	https://job-boards.greenhouse.io/slate	1	2026-09-28T08:21:46.494Z
greenhouse	https://job-boards.greenhouse.io/slayer	1	2026-09-28T08:21:46.554Z
greenhouse	https://job-boards.greenhouse.io/slicareers	1	2026-09-28T08:21:46.690Z
greenhouse	https://job-boards.greenhouse.io/smalldoor	1	2026-09-28T08:21:46.884Z
greenhouse	https://job-boards.greenhouse.io/smarkets	1	2026-09-28T08:21:46.961Z
greenhouse	https://job-boards.greenhouse.io/smartbiz	1	2026-09-28T08:21:47.168Z
greenhouse	https://job-boards.greenhouse.io/smartdesignworldwide	1	2026-09-28T08:21:47.158Z
greenhouse	https://job-boards.greenhouse.io/smartersorting	1	2026-09-28T08:21:47.347Z
greenhouse	https://job-boards.greenhouse.io/smartfinancial	1	2026-09-28T08:21:47.361Z
greenhouse	https://job-boards.greenhouse.io/smc	1	2026-09-28T08:21:47.612Z
greenhouse	https://job-boards.greenhouse.io/smilegatebarcelona	1	2026-09-28T08:21:47.828Z
greenhouse	https://job-boards.greenhouse.io/smileidentity	1	2026-09-28T08:21:47.836Z
greenhouse	https://job-boards.greenhouse.io/smlxl	1	2026-09-28T08:21:48.105Z
greenhouse	https://job-boards.greenhouse.io/smus	1	2026-09-28T08:21:48.106Z
greenhouse	https://job-boards.greenhouse.io/snackpass	1	2026-09-28T08:21:48.299Z
greenhouse	https://job-boards.greenhouse.io/snackpasspt	1	2026-09-28T08:21:48.303Z
greenhouse	https://job-boards.greenhouse.io/snagajob	1	2026-09-28T08:21:48.307Z
greenhouse	https://job-boards.greenhouse.io/snapchat	1	2026-09-28T08:21:48.324Z
greenhouse	https://job-boards.greenhouse.io/snapdocs	1	2026-09-28T08:21:48.430Z
greenhouse	https://job-boards.greenhouse.io/snappy	1	2026-09-28T08:21:48.495Z
greenhouse	https://job-boards.greenhouse.io/snowflakecomputing	1	2026-09-28T08:21:48.620Z
greenhouse	https://job-boards.greenhouse.io/snowpeak	1	2026-09-28T08:21:48.638Z
greenhouse	https://job-boards.greenhouse.io/snyk	1	2026-09-28T08:21:48.687Z
greenhouse	https://job-boards.greenhouse.io/sociummedia	1	2026-09-28T08:21:49.048Z
greenhouse	https://job-boards.greenhouse.io/socure	1	2026-09-28T08:21:49.203Z
greenhouse	https://job-boards.greenhouse.io/sodahealth	1	2026-09-28T08:21:49.201Z
greenhouse	https://job-boards.greenhouse.io/sofarocean	1	2026-09-28T08:21:49.243Z
greenhouse	https://job-boards.greenhouse.io/sofarsounds	1	2026-09-28T08:21:49.403Z
greenhouse	https://job-boards.greenhouse.io/sofregen	1	2026-09-28T08:21:49.426Z
greenhouse	https://job-boards.greenhouse.io/softermii	1	2026-09-28T08:21:49.449Z
greenhouse	https://job-boards.greenhouse.io/sojern	1	2026-09-28T08:21:49.444Z
greenhouse	https://job-boards.greenhouse.io/solaerialsurveysllc	1	2026-09-28T08:21:49.597Z
greenhouse	https://job-boards.greenhouse.io/solana	1	2026-09-28T08:21:49.623Z
greenhouse	https://job-boards.greenhouse.io/solanafoundation	1	2026-09-28T08:21:49.637Z
greenhouse	https://job-boards.greenhouse.io/solsten	1	2026-09-28T08:21:50.543Z
greenhouse	https://job-boards.greenhouse.io/soluna	1	2026-09-28T08:21:50.597Z
greenhouse	https://job-boards.greenhouse.io/somespiderstudios	1	2026-09-28T08:21:50.736Z
greenhouse	https://job-boards.greenhouse.io/sonder	1	2026-09-28T08:21:50.793Z
greenhouse	https://job-boards.greenhouse.io/sondermind	1	2026-09-28T08:21:50.845Z
greenhouse	https://job-boards.greenhouse.io/sonyinteractiveentertainmentplaystation	1	2026-09-28T08:21:51.278Z
greenhouse	https://job-boards.greenhouse.io/sonymusic	1	2026-09-28T08:21:51.276Z
greenhouse	https://job-boards.greenhouse.io/sorcero	1	2026-09-28T08:21:51.876Z
greenhouse	https://job-boards.greenhouse.io/soulcycle	1	2026-09-28T08:21:52.103Z
greenhouse	https://job-boards.greenhouse.io/soundengineeringsolutions	1	2026-09-28T08:21:52.113Z
greenhouse	https://job-boards.greenhouse.io/sounderbenefits	1	2026-09-28T08:21:52.310Z
greenhouse	https://job-boards.greenhouse.io/soundhoundinc	1	2026-09-28T08:21:52.311Z
greenhouse	https://job-boards.greenhouse.io/sourcegraph	1	2026-09-28T08:21:52.324Z
greenhouse	https://job-boards.greenhouse.io/sourcepassinc	1	2026-09-28T08:21:52.502Z
greenhouse	https://job-boards.greenhouse.io/south8	1	2026-09-28T08:21:52.540Z
greenhouse	https://job-boards.greenhouse.io/southworks	1	2026-09-28T08:21:52.778Z
greenhouse	https://job-boards.greenhouse.io/spanio	1	2026-09-28T08:21:53.127Z
greenhouse	https://job-boards.greenhouse.io/sparkcognition	1	2026-09-28T08:21:53.260Z
greenhouse	https://job-boards.greenhouse.io/sparktechroles	1	2026-09-28T08:21:53.453Z
greenhouse	https://job-boards.greenhouse.io/sparrow	1	2026-09-28T08:21:53.644Z
greenhouse	https://job-boards.greenhouse.io/sparrowventures	1	2026-09-28T08:21:53.683Z
greenhouse	https://job-boards.greenhouse.io/spartanradar	1	2026-09-28T08:21:53.682Z
greenhouse	https://job-boards.greenhouse.io/spec	1	2026-09-28T08:21:53.838Z
greenhouse	https://job-boards.greenhouse.io/specialized	1	2026-09-28T08:21:53.878Z
greenhouse	https://job-boards.greenhouse.io/spideroak	1	2026-09-28T08:21:55.001Z
greenhouse	https://job-boards.greenhouse.io/spinlaunch	1	2026-09-28T08:21:55.460Z
greenhouse	https://job-boards.greenhouse.io/spinskinnylabsinc	1	2026-09-28T08:21:56.040Z
greenhouse	https://job-boards.greenhouse.io/spiralyze	1	2026-09-28T08:21:56.094Z
greenhouse	https://job-boards.greenhouse.io/splash	1	2026-09-28T08:21:56.648Z
greenhouse	https://job-boards.greenhouse.io/spliced	1	2026-09-28T08:21:56.729Z
greenhouse	https://job-boards.greenhouse.io/split	1	2026-09-28T08:21:56.840Z
greenhouse	https://job-boards.greenhouse.io/splitmetrics	1	2026-09-28T08:21:56.934Z
greenhouse	https://job-boards.greenhouse.io/spokeo	1	2026-09-28T08:21:58.854Z
greenhouse	https://job-boards.greenhouse.io/spongeuk	1	2026-09-28T08:21:58.855Z
greenhouse	https://job-boards.greenhouse.io/sporttrade	1	2026-09-28T08:21:59.058Z
greenhouse	https://job-boards.greenhouse.io/spotai	1	2026-09-28T08:21:59.259Z
greenhouse	https://job-boards.greenhouse.io/spotnanatechnology	1	2026-09-28T08:21:59.258Z
greenhouse	https://job-boards.greenhouse.io/spotoncorporate	1	2026-09-28T08:21:59.271Z
greenhouse	https://job-boards.greenhouse.io/spotonproduct	1	2026-09-28T08:21:59.303Z
greenhouse	https://job-boards.greenhouse.io/spreadgroup	1	2026-09-28T08:21:59.447Z
greenhouse	https://job-boards.greenhouse.io/sprig	1	2026-09-28T08:21:59.505Z
greenhouse	https://job-boards.greenhouse.io/springdiscovery	1	2026-09-28T08:21:59.643Z
greenhouse	https://job-boards.greenhouse.io/sprinklr	1	2026-09-28T08:21:59.839Z
greenhouse	https://job-boards.greenhouse.io/sprintray	1	2026-09-28T08:22:00.032Z
greenhouse	https://job-boards.greenhouse.io/sprouttherapy	1	2026-09-28T08:22:00.311Z
greenhouse	https://job-boards.greenhouse.io/sprucehealth	1	2026-09-28T08:22:00.428Z
greenhouse	https://job-boards.greenhouse.io/squadformersinc	1	2026-09-28T08:22:00.649Z
greenhouse	https://job-boards.greenhouse.io/squire	1	2026-09-28T08:22:00.893Z
greenhouse	https://job-boards.greenhouse.io/srtx_fr	1	2026-09-28T08:22:01.102Z
greenhouse	https://job-boards.greenhouse.io/st6	1	2026-09-28T08:22:01.198Z
greenhouse	https://job-boards.greenhouse.io/stacksphere	1	2026-09-28T08:22:01.945Z
greenhouse	https://job-boards.greenhouse.io/stacksports	1	2026-09-28T08:22:02.015Z
greenhouse	https://job-boards.greenhouse.io/stairwell	1	2026-09-28T08:22:02.136Z
greenhouse	https://job-boards.greenhouse.io/stambaughness	1	2026-09-28T08:22:02.211Z
greenhouse	https://job-boards.greenhouse.io/standardai	1	2026-09-28T08:22:02.210Z
greenhouse	https://job-boards.greenhouse.io/starcloud	1	2026-09-28T08:22:02.667Z
greenhouse	https://job-boards.greenhouse.io/stardust	1	2026-09-28T08:22:02.612Z
greenhouse	https://job-boards.greenhouse.io/starry	1	2026-09-28T08:22:02.850Z
greenhouse	https://job-boards.greenhouse.io/statement	1	2026-09-28T08:22:03.094Z
greenhouse	https://job-boards.greenhouse.io/stauer	1	2026-09-28T08:22:03.290Z
greenhouse	https://job-boards.greenhouse.io/stc	1	2026-09-28T08:22:03.292Z
greenhouse	https://job-boards.greenhouse.io/stealth	1	2026-09-28T08:22:03.300Z
greenhouse	https://job-boards.greenhouse.io/stealth241	1	2026-09-28T08:22:03.473Z
greenhouse	https://job-boards.greenhouse.io/stealthceo	1	2026-09-28T08:22:03.481Z
greenhouse	https://job-boards.greenhouse.io/steelperlotmanagementllc	1	2026-09-28T08:22:03.483Z
greenhouse	https://job-boards.greenhouse.io/stellar	1	2026-09-28T08:22:03.665Z
greenhouse	https://job-boards.greenhouse.io/stellarelements	1	2026-09-28T08:22:03.680Z
greenhouse	https://job-boards.greenhouse.io/stellarhealth	1	2026-09-28T08:22:03.681Z
greenhouse	https://job-boards.greenhouse.io/stellic	1	2026-09-28T08:22:03.709Z
greenhouse	https://job-boards.greenhouse.io/stensul	1	2026-09-28T08:22:03.875Z
greenhouse	https://job-boards.greenhouse.io/stepmobile	1	2026-09-28T08:22:03.873Z
greenhouse	https://job-boards.greenhouse.io/stitchmoneyptyltd	1	2026-09-28T08:22:04.287Z
greenhouse	https://job-boards.greenhouse.io/stitchpeo	1	2026-09-28T08:22:04.459Z
greenhouse	https://job-boards.greenhouse.io/stonecomercial	1	2026-09-28T08:22:04.728Z
greenhouse	https://job-boards.greenhouse.io/stord13	1	2026-09-28T08:22:05.359Z
greenhouse	https://job-boards.greenhouse.io/storeno8	1	2026-09-28T08:22:05.761Z
greenhouse	https://job-boards.greenhouse.io/storicardmx	1	2026-09-28T08:22:05.759Z
greenhouse	https://job-boards.greenhouse.io/storkclub	1	2026-09-28T08:22:05.760Z
greenhouse	https://job-boards.greenhouse.io/stormpath	1	2026-09-28T08:22:05.942Z
greenhouse	https://job-boards.greenhouse.io/strataidentity	1	2026-09-28T08:22:06.609Z
greenhouse	https://job-boards.greenhouse.io/strategicresolutionexperts	1	2026-09-28T08:22:06.590Z
greenhouse	https://job-boards.greenhouse.io/strava	1	2026-09-28T08:22:06.719Z
greenhouse	https://job-boards.greenhouse.io/stream	1	2026-09-28T08:22:06.840Z
greenhouse	https://job-boards.greenhouse.io/streamlinedefense	1	2026-09-28T08:22:06.841Z
greenhouse	https://job-boards.greenhouse.io/streamyard	1	2026-09-28T08:22:06.912Z
greenhouse	https://job-boards.greenhouse.io/stressfree	1	2026-09-28T08:22:06.972Z
greenhouse	https://job-boards.greenhouse.io/stridehealth	1	2026-09-28T08:22:07.029Z
greenhouse	https://job-boards.greenhouse.io/stridertechnologies	1	2026-09-28T08:22:07.036Z
greenhouse	https://job-boards.greenhouse.io/stringandkey	1	2026-09-28T08:22:07.167Z
greenhouse	https://job-boards.greenhouse.io/stripes	1	2026-09-28T08:22:07.320Z
greenhouse	https://job-boards.greenhouse.io/strongarmtechnologies	1	2026-09-28T08:22:07.624Z
greenhouse	https://job-boards.greenhouse.io/strongholdim	1	2026-09-28T08:22:07.820Z
greenhouse	https://job-boards.greenhouse.io/stryber	1	2026-09-28T08:22:07.858Z
greenhouse	https://job-boards.greenhouse.io/studentloanhero	1	2026-09-28T08:22:08.011Z
greenhouse	https://job-boards.greenhouse.io/studiosarchitecture	1	2026-09-28T08:22:08.321Z
greenhouse	https://job-boards.greenhouse.io/styleseat32	1	2026-09-28T08:22:08.548Z
greenhouse	https://job-boards.greenhouse.io/stylitics	1	2026-09-28T08:22:08.643Z
greenhouse	https://job-boards.greenhouse.io/styra	1	2026-09-28T08:22:08.751Z
greenhouse	https://job-boards.greenhouse.io/subskribe	1	2026-09-28T08:22:08.853Z
greenhouse	https://job-boards.greenhouse.io/substack	1	2026-09-28T08:22:08.945Z
greenhouse	https://job-boards.greenhouse.io/sugar	1	2026-09-28T08:22:09.478Z
greenhouse	https://job-boards.greenhouse.io/sullyai	1	2026-09-28T08:22:09.674Z
greenhouse	https://job-boards.greenhouse.io/summerinternships	1	2026-09-28T08:22:09.728Z
greenhouse	https://job-boards.greenhouse.io/summit	1	2026-09-28T08:22:09.903Z
greenhouse	https://job-boards.greenhouse.io/summitpublicschools	1	2026-09-28T08:22:10.148Z
greenhouse	https://job-boards.greenhouse.io/sumo	1	2026-09-28T08:22:10.082Z
greenhouse	https://job-boards.greenhouse.io/sunshine	1	2026-09-28T08:22:10.674Z
greenhouse	https://job-boards.greenhouse.io/supabase	1	2026-09-28T08:22:11.219Z
greenhouse	https://job-boards.greenhouse.io/superbet	1	2026-09-28T08:22:11.157Z
greenhouse	https://job-boards.greenhouse.io/superblocks	1	2026-09-28T08:22:11.353Z
greenhouse	https://job-boards.greenhouse.io/superhuman	1	2026-09-28T08:22:11.551Z
greenhouse	https://job-boards.greenhouse.io/superlayer	1	2026-09-28T08:22:12.283Z
greenhouse	https://job-boards.greenhouse.io/superrarelabs	1	2026-09-28T08:22:13.573Z
greenhouse	https://job-boards.greenhouse.io/supio	1	2026-09-28T08:22:13.764Z
greenhouse	https://job-boards.greenhouse.io/supportlogic	1	2026-09-28T08:22:13.875Z
greenhouse	https://job-boards.greenhouse.io/supraoracles	1	2026-09-28T08:22:13.962Z
greenhouse	https://job-boards.greenhouse.io/surfair	1	2026-09-28T08:22:14.616Z
greenhouse	https://job-boards.greenhouse.io/surgicalnotes	1	2026-09-28T08:22:14.689Z
greenhouse	https://job-boards.greenhouse.io/sustainlife	1	2026-09-28T08:22:15.011Z
greenhouse	https://job-boards.greenhouse.io/swagup	1	2026-09-28T08:22:15.417Z
greenhouse	https://job-boards.greenhouse.io/swanbitcoin	1	2026-09-28T08:22:15.612Z
greenhouse	https://job-boards.greenhouse.io/swarmaero	1	2026-09-28T08:22:15.827Z
greenhouse	https://job-boards.greenhouse.io/sweet	1	2026-09-28T08:22:16.126Z
greenhouse	https://job-boards.greenhouse.io/sweeten	1	2026-09-28T08:22:16.028Z
greenhouse	https://job-boards.greenhouse.io/swirlds	1	2026-09-28T08:22:16.644Z
greenhouse	https://job-boards.greenhouse.io/swishanalytics	1	2026-09-28T08:22:17.810Z
greenhouse	https://job-boards.greenhouse.io/syapse	1	2026-09-28T08:22:18.012Z
greenhouse	https://job-boards.greenhouse.io/sylva	1	2026-09-28T08:22:19.994Z
greenhouse	https://job-boards.greenhouse.io/symbolica	1	2026-09-28T08:22:19.998Z
greenhouse	https://job-boards.greenhouse.io/symend	1	2026-09-28T08:22:20.200Z
greenhouse	https://job-boards.greenhouse.io/symmetrysoftware	1	2026-09-28T08:22:20.374Z
greenhouse	https://job-boards.greenhouse.io/synccomputing	1	2026-09-28T08:22:20.235Z
greenhouse	https://job-boards.greenhouse.io/synchron	1	2026-09-28T08:22:20.395Z
greenhouse	https://job-boards.greenhouse.io/syncron	1	2026-09-28T08:22:20.417Z
greenhouse	https://job-boards.greenhouse.io/synctera	1	2026-09-28T08:22:20.438Z
greenhouse	https://job-boards.greenhouse.io/synfindo	1	2026-09-28T08:22:20.596Z
greenhouse	https://job-boards.greenhouse.io/synthesia	1	2026-09-28T08:22:20.612Z
greenhouse	https://job-boards.greenhouse.io/syrup	1	2026-09-28T08:22:20.791Z
greenhouse	https://job-boards.greenhouse.io/sysdig	1	2026-09-28T08:22:20.808Z
greenhouse	https://job-boards.greenhouse.io/tab	1	2026-09-28T08:22:21.189Z
greenhouse	https://job-boards.greenhouse.io/tablecrosskkbyfood	1	2026-09-28T08:22:21.194Z
greenhouse	https://job-boards.greenhouse.io/tableneeds	1	2026-09-28T08:22:21.460Z
greenhouse	https://job-boards.greenhouse.io/tacobell	1	2026-09-28T08:22:21.381Z
greenhouse	https://job-boards.greenhouse.io/tacobelljobs	1	2026-09-28T08:22:21.389Z
greenhouse	https://job-boards.greenhouse.io/tacombi	1	2026-09-28T08:22:21.453Z
greenhouse	https://job-boards.greenhouse.io/taefusion60	1	2026-09-28T08:22:21.685Z
greenhouse	https://job-boards.greenhouse.io/tailorbirdinc	1	2026-09-28T08:22:21.882Z
greenhouse	https://job-boards.greenhouse.io/tails	1	2026-09-28T08:22:21.884Z
greenhouse	https://job-boards.greenhouse.io/taittowers	1	2026-09-28T08:22:21.967Z
greenhouse	https://job-boards.greenhouse.io/tala	1	2026-09-28T08:22:22.287Z
greenhouse	https://job-boards.greenhouse.io/talent_community	1	2026-09-28T08:22:22.325Z
greenhouse	https://job-boards.greenhouse.io/talentscreditas	1	2026-09-28T08:22:22.391Z
greenhouse	https://job-boards.greenhouse.io/tally	1	2026-09-28T08:22:22.604Z
greenhouse	https://job-boards.greenhouse.io/tallywallet	1	2026-09-28T08:22:22.605Z
greenhouse	https://job-boards.greenhouse.io/talos	1	2026-09-28T08:22:22.794Z
greenhouse	https://job-boards.greenhouse.io/tamanna	1	2026-09-28T08:22:22.805Z
greenhouse	https://job-boards.greenhouse.io/tangocard	1	2026-09-28T08:22:23.026Z
greenhouse	https://job-boards.greenhouse.io/tangoio	1	2026-09-28T08:22:23.067Z
greenhouse	https://job-boards.greenhouse.io/tanso	1	2026-09-28T08:22:23.287Z
greenhouse	https://job-boards.greenhouse.io/tapresearch	1	2026-09-28T08:22:23.288Z
greenhouse	https://job-boards.greenhouse.io/targetrwe	1	2026-09-28T08:22:23.328Z
greenhouse	https://job-boards.greenhouse.io/taskhumancoachingcommunity	1	2026-09-28T08:22:23.528Z
greenhouse	https://job-boards.greenhouse.io/taskhumancorporate	1	2026-09-28T08:22:23.592Z
greenhouse	https://job-boards.greenhouse.io/tavus	1	2026-09-28T08:22:23.747Z
greenhouse	https://job-boards.greenhouse.io/taxibeat	1	2026-09-28T08:22:23.795Z
greenhouse	https://job-boards.greenhouse.io/taylorstrategy	1	2026-09-28T08:22:23.951Z
greenhouse	https://job-boards.greenhouse.io/tbnr	1	2026-09-28T08:22:23.983Z
greenhouse	https://job-boards.greenhouse.io/tcgcapital	1	2026-09-28T08:22:24.041Z
greenhouse	https://job-boards.greenhouse.io/tdc	1	2026-09-28T08:22:24.081Z
greenhouse	https://job-boards.greenhouse.io/teacherspayteachers	1	2026-09-28T08:22:24.247Z
greenhouse	https://job-boards.greenhouse.io/teads	1	2026-09-28T08:22:24.399Z
greenhouse	https://job-boards.greenhouse.io/team1	1	2026-09-28T08:22:24.573Z
greenhouse	https://job-boards.greenhouse.io/teamblind	1	2026-09-28T08:22:24.595Z
greenhouse	https://job-boards.greenhouse.io/teampathy	1	2026-09-28T08:22:24.758Z
greenhouse	https://job-boards.greenhouse.io/teampay	1	2026-09-28T08:22:24.767Z
greenhouse	https://job-boards.greenhouse.io/teamworthy	1	2026-09-28T08:22:24.924Z
greenhouse	https://job-boards.greenhouse.io/techietalent	1	2026-09-28T08:22:25.047Z
greenhouse	https://job-boards.greenhouse.io/technisyscareers	1	2026-09-28T08:22:25.192Z
greenhouse	https://job-boards.greenhouse.io/techridge	1	2026-09-28T08:22:25.276Z
greenhouse	https://job-boards.greenhouse.io/techstars	1	2026-09-28T08:22:25.389Z
greenhouse	https://job-boards.greenhouse.io/techtalentandstrategy	1	2026-09-28T08:22:25.477Z
greenhouse	https://job-boards.greenhouse.io/tekion	1	2026-09-28T08:22:25.679Z
greenhouse	https://job-boards.greenhouse.io/teladochealth	1	2026-09-28T08:22:25.936Z
greenhouse	https://job-boards.greenhouse.io/telemedicine	1	2026-09-28T08:22:26.302Z
greenhouse	https://job-boards.greenhouse.io/telesign	1	2026-09-28T08:22:26.304Z
greenhouse	https://job-boards.greenhouse.io/telgorithm	1	2026-09-28T08:22:26.566Z
greenhouse	https://job-boards.greenhouse.io/telusdigitalbr	1	2026-09-28T08:22:26.766Z
greenhouse	https://job-boards.greenhouse.io/templafy	1	2026-09-28T08:22:26.784Z
greenhouse	https://job-boards.greenhouse.io/temporal	1	2026-09-28T08:22:26.970Z
greenhouse	https://job-boards.greenhouse.io/temporaltechnologies	1	2026-09-28T08:22:26.985Z
greenhouse	https://job-boards.greenhouse.io/tempus	1	2026-09-28T08:22:27.098Z
greenhouse	https://job-boards.greenhouse.io/tencent	1	2026-09-28T08:22:27.165Z
greenhouse	https://job-boards.greenhouse.io/tenderfood	1	2026-09-28T08:22:27.162Z
greenhouse	https://job-boards.greenhouse.io/tenet	1	2026-09-28T08:22:27.254Z
greenhouse	https://job-boards.greenhouse.io/tenetfintechgroup	1	2026-09-28T08:22:27.357Z
greenhouse	https://job-boards.greenhouse.io/tensor	1	2026-09-28T08:22:27.449Z
greenhouse	https://job-boards.greenhouse.io/tenthousand	1	2026-09-28T08:22:27.638Z
greenhouse	https://job-boards.greenhouse.io/terapore	1	2026-09-28T08:22:27.827Z
greenhouse	https://job-boards.greenhouse.io/terrafuse	1	2026-09-28T08:22:28.024Z
greenhouse	https://job-boards.greenhouse.io/terramera	1	2026-09-28T08:22:28.102Z
greenhouse	https://job-boards.greenhouse.io/terraytherapeutics	1	2026-09-28T08:22:28.220Z
greenhouse	https://job-boards.greenhouse.io/texthelp	1	2026-09-28T08:22:28.721Z
greenhouse	https://job-boards.greenhouse.io/textileio	1	2026-09-28T08:22:28.724Z
greenhouse	https://job-boards.greenhouse.io/tezatechnologies	1	2026-09-28T08:22:28.883Z
greenhouse	https://job-boards.greenhouse.io/tfliving	1	2026-09-28T08:22:28.887Z
greenhouse	https://job-boards.greenhouse.io/thalamusgme	1	2026-09-28T08:22:28.926Z
greenhouse	https://job-boards.greenhouse.io/theanaeducationalfoundation	1	2026-09-28T08:22:29.131Z
greenhouse	https://job-boards.greenhouse.io/thearenagroup	1	2026-09-28T08:22:29.237Z
greenhouse	https://job-boards.greenhouse.io/theasianamericanfoundationtaaf	1	2026-09-28T08:22:29.286Z
greenhouse	https://job-boards.greenhouse.io/theblacktux	1	2026-09-28T08:22:29.326Z
greenhouse	https://job-boards.greenhouse.io/thedailybeast31	1	2026-09-28T08:22:29.526Z
greenhouse	https://job-boards.greenhouse.io/theflatironschool	1	2026-09-28T08:22:29.766Z
greenhouse	https://job-boards.greenhouse.io/thegivingblock	1	2026-09-28T08:22:30.052Z
greenhouse	https://job-boards.greenhouse.io/thehackerati	1	2026-09-28T08:22:30.181Z
greenhouse	https://job-boards.greenhouse.io/theinformation	1	2026-09-28T08:22:30.314Z
greenhouse	https://job-boards.greenhouse.io/thejpbfoundation	1	2026-09-28T08:22:30.377Z
greenhouse	https://job-boards.greenhouse.io/thejuice	1	2026-09-28T08:22:30.376Z
greenhouse	https://job-boards.greenhouse.io/thelandlinecompany	1	2026-09-28T08:22:30.481Z
greenhouse	https://job-boards.greenhouse.io/themanual	1	2026-09-28T08:22:30.665Z
greenhouse	https://job-boards.greenhouse.io/themany	1	2026-09-28T08:22:30.709Z
greenhouse	https://job-boards.greenhouse.io/themarkup	1	2026-09-28T08:22:30.779Z
greenhouse	https://job-boards.greenhouse.io/theoakleafgroupllc	1	2026-09-28T08:22:31.152Z
greenhouse	https://job-boards.greenhouse.io/theoremlp	1	2026-09-28T08:22:31.384Z
greenhouse	https://job-boards.greenhouse.io/theorg	1	2026-09-28T08:22:31.390Z
greenhouse	https://job-boards.greenhouse.io/theoutline	1	2026-09-28T08:22:31.623Z
greenhouse	https://job-boards.greenhouse.io/thepennyhoarder	1	2026-09-28T08:22:31.863Z
greenhouse	https://job-boards.greenhouse.io/theragun	1	2026-09-28T08:22:32.397Z
greenhouse	https://job-boards.greenhouse.io/therealreal	1	2026-09-28T08:22:32.509Z
greenhouse	https://job-boards.greenhouse.io/therefinery	1	2026-09-28T08:22:32.593Z
greenhouse	https://job-boards.greenhouse.io/therma	1	2026-09-28T08:22:32.719Z
greenhouse	https://job-boards.greenhouse.io/theroom	1	2026-09-28T08:22:32.787Z
greenhouse	https://job-boards.greenhouse.io/thesanfranciscochronicle	1	2026-09-28T08:22:32.793Z
greenhouse	https://job-boards.greenhouse.io/thesis	1	2026-09-28T08:22:32.914Z
greenhouse	https://job-boards.greenhouse.io/thesisdefense	1	2026-09-28T08:22:32.962Z
greenhouse	https://job-boards.greenhouse.io/theskimm	1	2026-09-28T08:22:32.987Z
greenhouse	https://job-boards.greenhouse.io/thesourcery	1	2026-09-28T08:22:32.989Z
greenhouse	https://job-boards.greenhouse.io/theswiftgroup	1	2026-09-28T08:22:33.171Z
greenhouse	https://job-boards.greenhouse.io/thetustingroupasp	1	2026-09-28T08:22:33.182Z
greenhouse	https://job-boards.greenhouse.io/thevets	1	2026-09-28T08:22:33.190Z
greenhouse	https://job-boards.greenhouse.io/thexcompany	1	2026-09-28T08:22:33.407Z
greenhouse	https://job-boards.greenhouse.io/thezebra	1	2026-09-28T08:22:35.260Z
greenhouse	https://job-boards.greenhouse.io/thinkingmachines	1	2026-09-28T08:22:33.815Z
greenhouse	https://job-boards.greenhouse.io/thinx	1	2026-09-28T08:22:34.113Z
greenhouse	https://job-boards.greenhouse.io/thirdharmonicbio	1	2026-09-28T08:22:34.136Z
greenhouse	https://job-boards.greenhouse.io/thirdway	1	2026-09-28T08:22:34.338Z
greenhouse	https://job-boards.greenhouse.io/thirtymadison	1	2026-09-28T08:22:34.507Z
greenhouse	https://job-boards.greenhouse.io/thnks	1	2026-09-28T08:22:34.539Z
greenhouse	https://job-boards.greenhouse.io/thoughtful	1	2026-09-28T08:22:34.773Z
greenhouse	https://job-boards.greenhouse.io/thoughtspot	1	2026-09-28T08:22:34.903Z
greenhouse	https://job-boards.greenhouse.io/thousandeyes	1	2026-09-28T08:22:35.027Z
greenhouse	https://job-boards.greenhouse.io/thread	1	2026-09-28T08:22:35.094Z
greenhouse	https://job-boards.greenhouse.io/threeships	1	2026-09-28T08:22:35.259Z
greenhouse	https://job-boards.greenhouse.io/threespacelab	1	2026-09-28T08:22:35.290Z
greenhouse	https://job-boards.greenhouse.io/thriva	1	2026-09-28T08:22:35.429Z
greenhouse	https://job-boards.greenhouse.io/thrivecapital	1	2026-09-28T08:22:35.431Z
greenhouse	https://job-boards.greenhouse.io/thrivecart	1	2026-09-28T08:22:35.448Z
greenhouse	https://job-boards.greenhouse.io/thriveglobal	1	2026-09-28T08:22:35.461Z
greenhouse	https://job-boards.greenhouse.io/throughline	1	2026-09-28T08:22:35.620Z
greenhouse	https://job-boards.greenhouse.io/thumbtack	1	2026-09-28T08:22:35.622Z
greenhouse	https://job-boards.greenhouse.io/thunder	1	2026-09-28T08:22:35.648Z
greenhouse	https://job-boards.greenhouse.io/thymecare	1	2026-09-28T08:22:35.711Z
greenhouse	https://job-boards.greenhouse.io/tiermobility	1	2026-09-28T08:22:35.994Z
greenhouse	https://job-boards.greenhouse.io/tiermobilitygermany	1	2026-09-28T08:22:35.994Z
greenhouse	https://job-boards.greenhouse.io/tillatechnologies	1	2026-09-28T08:22:36.202Z
greenhouse	https://job-boards.greenhouse.io/tiltingpoint	1	2026-09-28T08:22:36.298Z
greenhouse	https://job-boards.greenhouse.io/timeinc	1	2026-09-28T08:22:36.378Z
greenhouse	https://job-boards.greenhouse.io/timeresearch	1	2026-09-28T08:22:36.436Z
greenhouse	https://job-boards.greenhouse.io/timescale	1	2026-09-28T08:22:36.440Z
greenhouse	https://job-boards.greenhouse.io/tinkermode	1	2026-09-28T08:22:36.573Z
greenhouse	https://job-boards.greenhouse.io/tinuitisecondarypage	1	2026-09-28T08:22:36.636Z
greenhouse	https://job-boards.greenhouse.io/tireseasycom	1	2026-09-28T08:22:36.926Z
greenhouse	https://job-boards.greenhouse.io/titan	1	2026-09-28T08:22:36.945Z
greenhouse	https://job-boards.greenhouse.io/titelmedia	1	2026-09-28T08:22:36.961Z
greenhouse	https://job-boards.greenhouse.io/tmg	1	2026-09-28T08:22:37.027Z
greenhouse	https://job-boards.greenhouse.io/tminuszero	1	2026-09-28T08:22:37.053Z
greenhouse	https://job-boards.greenhouse.io/tomebio	1	2026-09-28T08:22:37.684Z
greenhouse	https://job-boards.greenhouse.io/tomonetworks	1	2026-09-28T08:22:38.719Z
greenhouse	https://job-boards.greenhouse.io/tomorrowhealth	1	2026-09-28T08:22:37.887Z
greenhouse	https://job-boards.greenhouse.io/tonal	1	2026-09-28T08:22:37.895Z
greenhouse	https://job-boards.greenhouse.io/tonic	1	2026-09-28T08:22:38.635Z
greenhouse	https://job-boards.greenhouse.io/toogoodtogo	1	2026-09-28T08:22:38.340Z
greenhouse	https://job-boards.greenhouse.io/topcompare	1	2026-09-28T08:22:38.534Z
greenhouse	https://job-boards.greenhouse.io/toposware	1	2026-09-28T08:22:38.562Z
greenhouse	https://job-boards.greenhouse.io/topspot	1	2026-09-28T08:22:38.734Z
greenhouse	https://job-boards.greenhouse.io/tornbannerstudios	1	2026-09-28T08:22:38.936Z
greenhouse	https://job-boards.greenhouse.io/totusmedicines	1	2026-09-28T08:22:39.178Z
greenhouse	https://job-boards.greenhouse.io/trackinglink	1	2026-09-28T08:22:39.742Z
greenhouse	https://job-boards.greenhouse.io/trackmaven	1	2026-09-28T08:22:39.796Z
greenhouse	https://job-boards.greenhouse.io/tracktik	1	2026-09-28T08:22:40.003Z
greenhouse	https://job-boards.greenhouse.io/trackvia	1	2026-09-28T08:22:39.995Z
greenhouse	https://job-boards.greenhouse.io/tractable	1	2026-09-28T08:22:39.993Z
greenhouse	https://job-boards.greenhouse.io/tradecoffee	1	2026-09-28T08:22:40.196Z
greenhouse	https://job-boards.greenhouse.io/tradesy74	1	2026-09-28T08:22:40.197Z
greenhouse	https://job-boards.greenhouse.io/trailerpark	1	2026-09-28T08:22:40.231Z
greenhouse	https://job-boards.greenhouse.io/trailofbits	1	2026-09-28T08:22:40.422Z
greenhouse	https://job-boards.greenhouse.io/trails	1	2026-09-28T08:22:40.396Z
greenhouse	https://job-boards.greenhouse.io/trailstonegroup	1	2026-09-28T08:22:40.557Z
greenhouse	https://job-boards.greenhouse.io/transcarent	1	2026-09-28T08:22:40.435Z
greenhouse	https://job-boards.greenhouse.io/transferwise	1	2026-09-28T08:22:40.628Z
greenhouse	https://job-boards.greenhouse.io/translationunitedmastersstashed	1	2026-09-28T08:22:40.644Z
greenhouse	https://job-boards.greenhouse.io/traveledge	1	2026-09-28T08:22:40.840Z
greenhouse	https://job-boards.greenhouse.io/traveloka	1	2026-09-28T08:22:40.911Z
greenhouse	https://job-boards.greenhouse.io/travelperk	1	2026-09-28T08:22:41.772Z
greenhouse	https://job-boards.greenhouse.io/traversal	1	2026-09-28T08:22:41.014Z
greenhouse	https://job-boards.greenhouse.io/trayio	1	2026-09-28T08:22:41.039Z
greenhouse	https://job-boards.greenhouse.io/treasury4	1	2026-09-28T08:22:41.040Z
greenhouse	https://job-boards.greenhouse.io/trellis	1	2026-09-28T08:22:41.238Z
greenhouse	https://job-boards.greenhouse.io/trellisrx	1	2026-09-28T08:22:41.300Z
greenhouse	https://job-boards.greenhouse.io/trialspark	1	2026-09-28T08:22:41.584Z
greenhouse	https://job-boards.greenhouse.io/tribe	1	2026-09-28T08:22:41.818Z
greenhouse	https://job-boards.greenhouse.io/tridge	1	2026-09-28T08:22:41.788Z
greenhouse	https://job-boards.greenhouse.io/trilitech	1	2026-09-28T08:22:41.787Z
greenhouse	https://job-boards.greenhouse.io/trilogyed	1	2026-09-28T08:22:41.973Z
greenhouse	https://job-boards.greenhouse.io/trilogyinstructionalengagement	1	2026-09-28T08:22:41.981Z
greenhouse	https://job-boards.greenhouse.io/trimarkassociates	1	2026-09-28T08:22:41.977Z
greenhouse	https://job-boards.greenhouse.io/trinityairmedical	1	2026-09-28T08:22:42.010Z
greenhouse	https://job-boards.greenhouse.io/triplebyte	1	2026-09-28T08:22:42.411Z
greenhouse	https://job-boards.greenhouse.io/trlab	1	2026-09-28T08:22:42.696Z
greenhouse	https://job-boards.greenhouse.io/trmlabs	1	2026-09-28T08:22:42.822Z
greenhouse	https://job-boards.greenhouse.io/tropic	1	2026-09-28T08:22:42.816Z
greenhouse	https://job-boards.greenhouse.io/troupehealth	1	2026-09-28T08:22:42.834Z
greenhouse	https://job-boards.greenhouse.io/trueclassicteesllc	1	2026-09-28T08:22:43.325Z
greenhouse	https://job-boards.greenhouse.io/truelogic	1	2026-09-28T08:22:43.382Z
greenhouse	https://job-boards.greenhouse.io/truepiccareers	1	2026-09-28T08:22:43.519Z
greenhouse	https://job-boards.greenhouse.io/truepill	1	2026-09-28T08:22:43.536Z
greenhouse	https://job-boards.greenhouse.io/truework	1	2026-09-28T08:22:43.549Z
greenhouse	https://job-boards.greenhouse.io/trulia	1	2026-09-28T08:22:43.578Z
greenhouse	https://job-boards.greenhouse.io/trulioo	1	2026-09-28T08:22:43.835Z
greenhouse	https://job-boards.greenhouse.io/trunkclub	1	2026-09-28T08:22:44.168Z
greenhouse	https://job-boards.greenhouse.io/trustana	1	2026-09-28T08:22:44.137Z
greenhouse	https://job-boards.greenhouse.io/trustedhealth	1	2026-09-28T08:22:44.343Z
greenhouse	https://job-boards.greenhouse.io/trustmachines	1	2026-09-28T08:22:44.364Z
greenhouse	https://job-boards.greenhouse.io/trustory	1	2026-09-28T08:22:44.358Z
greenhouse	https://job-boards.greenhouse.io/trustwell	1	2026-09-28T08:22:44.410Z
greenhouse	https://job-boards.greenhouse.io/trykarat	1	2026-09-28T08:22:44.566Z
greenhouse	https://job-boards.greenhouse.io/tshirtventures	1	2026-09-28T08:22:44.709Z
greenhouse	https://job-boards.greenhouse.io/tucowscampusrecruitment	1	2026-09-28T08:22:44.903Z
greenhouse	https://job-boards.greenhouse.io/tumblr	1	2026-09-28T08:22:45.100Z
greenhouse	https://job-boards.greenhouse.io/tunein	1	2026-09-28T08:22:45.098Z
greenhouse	https://job-boards.greenhouse.io/turbofish	1	2026-09-28T08:22:45.249Z
greenhouse	https://job-boards.greenhouse.io/turingportal	1	2026-09-28T08:22:45.424Z
greenhouse	https://job-boards.greenhouse.io/turnkeylenderinc	1	2026-09-28T08:22:45.450Z
greenhouse	https://job-boards.greenhouse.io/turntide	1	2026-09-28T08:22:45.504Z
greenhouse	https://job-boards.greenhouse.io/turo	1	2026-09-28T08:22:45.560Z
greenhouse	https://job-boards.greenhouse.io/turquoisehealth	1	2026-09-28T08:22:45.612Z
greenhouse	https://job-boards.greenhouse.io/tusimple	1	2026-09-28T08:22:45.912Z
greenhouse	https://job-boards.greenhouse.io/tusimplerelocationjobs	1	2026-09-28T08:22:45.663Z
greenhouse	https://job-boards.greenhouse.io/tutorme	1	2026-09-28T08:22:45.697Z
greenhouse	https://job-boards.greenhouse.io/tvscientific	1	2026-09-28T08:22:47.558Z
greenhouse	https://job-boards.greenhouse.io/tweag	1	2026-09-28T08:22:45.807Z
greenhouse	https://job-boards.greenhouse.io/twelve	1	2026-09-28T08:22:45.853Z
greenhouse	https://job-boards.greenhouse.io/twillhealth	1	2026-09-28T08:22:46.124Z
greenhouse	https://job-boards.greenhouse.io/twinstar	1	2026-09-28T08:22:46.131Z
greenhouse	https://job-boards.greenhouse.io/twinternal	1	2026-09-28T08:22:46.317Z
greenhouse	https://job-boards.greenhouse.io/two	1	2026-09-28T08:22:46.370Z
greenhouse	https://job-boards.greenhouse.io/twonil	1	2026-09-28T08:22:46.568Z
greenhouse	https://job-boards.greenhouse.io/txm	1	2026-09-28T08:22:46.623Z
greenhouse	https://job-boards.greenhouse.io/u410	1	2026-09-28T08:22:46.962Z
greenhouse	https://job-boards.greenhouse.io/uchicagoepic	1	2026-09-28T08:22:47.155Z
greenhouse	https://job-boards.greenhouse.io/uiflow	1	2026-09-28T08:22:47.502Z
greenhouse	https://job-boards.greenhouse.io/ultimaker	1	2026-09-28T08:22:47.859Z
greenhouse	https://job-boards.greenhouse.io/ultramobile	1	2026-09-28T08:22:48.051Z
greenhouse	https://job-boards.greenhouse.io/uncacheable_attributes	1	2026-09-28T08:22:48.303Z
greenhouse	https://job-boards.greenhouse.io/uncommongoods	1	2026-09-28T08:22:48.384Z
greenhouse	https://job-boards.greenhouse.io/underdogfantasy	1	2026-09-28T08:22:48.510Z
greenhouse	https://job-boards.greenhouse.io/unionai	1	2026-09-28T08:22:48.699Z
greenhouse	https://job-boards.greenhouse.io/uniplaces	1	2026-09-28T08:22:49.038Z
greenhouse	https://job-boards.greenhouse.io/uniswaplabs	1	2026-09-28T08:22:49.161Z
greenhouse	https://job-boards.greenhouse.io/unit21	1	2026-09-28T08:22:49.058Z
greenhouse	https://job-boards.greenhouse.io/unitedmasters	1	2026-09-28T08:22:49.146Z
greenhouse	https://job-boards.greenhouse.io/unitedstatesgolfassociation	1	2026-09-28T08:22:49.252Z
greenhouse	https://job-boards.greenhouse.io/unity3d	1	2026-09-28T08:22:49.473Z
greenhouse	https://job-boards.greenhouse.io/universalhydrogen	1	2026-09-28T08:22:49.863Z
greenhouse	https://job-boards.greenhouse.io/universeenergy	1	2026-09-28T08:22:49.864Z
greenhouse	https://job-boards.greenhouse.io/universityofchicago	1	2026-09-28T08:22:49.866Z
greenhouse	https://job-boards.greenhouse.io/unohealth	1	2026-09-28T08:22:50.255Z
greenhouse	https://job-boards.greenhouse.io/up	1	2026-09-28T08:22:50.345Z
greenhouse	https://job-boards.greenhouse.io/upsolver	1	2026-09-28T08:22:50.564Z
greenhouse	https://job-boards.greenhouse.io/upstreamcare	1	2026-09-28T08:22:50.851Z
greenhouse	https://job-boards.greenhouse.io/uptake	1	2026-09-28T08:22:50.900Z
greenhouse	https://job-boards.greenhouse.io/uptivhealth	1	2026-09-28T08:22:50.909Z
greenhouse	https://job-boards.greenhouse.io/upworthy	1	2026-09-28T08:22:51.048Z
greenhouse	https://job-boards.greenhouse.io/urban	1	2026-09-28T08:22:51.093Z
greenhouse	https://job-boards.greenhouse.io/urbanfootprint	1	2026-09-28T08:22:51.354Z
greenhouse	https://job-boards.greenhouse.io/urbint	1	2026-09-28T08:22:51.608Z
greenhouse	https://job-boards.greenhouse.io/urbnleaf	1	2026-09-28T08:22:51.544Z
greenhouse	https://job-boards.greenhouse.io/urx	1	2026-09-28T08:22:52.465Z
greenhouse	https://job-boards.greenhouse.io/usablemachines	1	2026-09-28T08:22:52.473Z
greenhouse	https://job-boards.greenhouse.io/userflow	1	2026-09-28T08:22:52.845Z
greenhouse	https://job-boards.greenhouse.io/userinterviews	1	2026-09-28T08:22:52.853Z
greenhouse	https://job-boards.greenhouse.io/userleap	1	2026-09-28T08:22:53.079Z
greenhouse	https://job-boards.greenhouse.io/ushur	1	2026-09-28T08:22:53.080Z
greenhouse	https://job-boards.greenhouse.io/usjetaa	1	2026-09-28T08:22:53.178Z
greenhouse	https://job-boards.greenhouse.io/ustwo	1	2026-09-28T08:22:53.274Z
greenhouse	https://job-boards.greenhouse.io/ustwogames	1	2026-09-28T08:22:53.272Z
greenhouse	https://job-boards.greenhouse.io/utilityapi	1	2026-09-28T08:22:53.283Z
greenhouse	https://job-boards.greenhouse.io/vac	1	2026-09-28T08:22:53.469Z
greenhouse	https://job-boards.greenhouse.io/valiantharborinternationalllc	1	2026-09-28T08:22:54.159Z
greenhouse	https://job-boards.greenhouse.io/valimailinc	1	2026-09-28T08:22:54.160Z
greenhouse	https://job-boards.greenhouse.io/valleyview	1	2026-09-28T08:22:56.325Z
greenhouse	https://job-boards.greenhouse.io/valon	1	2026-09-28T08:22:56.327Z
greenhouse	https://job-boards.greenhouse.io/valorainc	1	2026-09-28T08:22:56.522Z
greenhouse	https://job-boards.greenhouse.io/vanecapital	1	2026-09-28T08:22:56.679Z
greenhouse	https://job-boards.greenhouse.io/vannahealth	1	2026-09-28T08:22:56.762Z
greenhouse	https://job-boards.greenhouse.io/vanta	1	2026-09-28T08:22:56.941Z
greenhouse	https://job-boards.greenhouse.io/vantaiinc	1	2026-09-28T08:22:56.975Z
greenhouse	https://job-boards.greenhouse.io/vareto	1	2026-09-28T08:22:57.165Z
greenhouse	https://job-boards.greenhouse.io/varsitytutors	1	2026-09-28T08:22:58.190Z
greenhouse	https://job-boards.greenhouse.io/vastai	1	2026-09-28T08:22:58.192Z
greenhouse	https://job-boards.greenhouse.io/vatcllc123	1	2026-09-28T08:22:58.193Z
greenhouse	https://job-boards.greenhouse.io/vault	1	2026-09-28T08:22:58.401Z
greenhouse	https://job-boards.greenhouse.io/vayu	1	2026-09-28T08:22:58.805Z
greenhouse	https://job-boards.greenhouse.io/vdxtvakaexponentialinteractive	1	2026-09-28T08:22:59.014Z
greenhouse	https://job-boards.greenhouse.io/veedio	1	2026-09-28T08:22:59.599Z
greenhouse	https://job-boards.greenhouse.io/veem	1	2026-09-28T08:22:59.586Z
greenhouse	https://job-boards.greenhouse.io/veesearch	1	2026-09-28T08:22:59.598Z
greenhouse	https://job-boards.greenhouse.io/velocityglobal	1	2026-09-28T08:23:00.255Z
greenhouse	https://job-boards.greenhouse.io/velodyne	1	2026-09-28T08:23:00.437Z
greenhouse	https://job-boards.greenhouse.io/venafi	1	2026-09-28T08:23:00.451Z
greenhouse	https://job-boards.greenhouse.io/vendia	1	2026-09-28T08:23:00.474Z
greenhouse	https://job-boards.greenhouse.io/vendr	1	2026-09-28T08:23:00.485Z
greenhouse	https://job-boards.greenhouse.io/venmo	1	2026-09-28T08:23:00.631Z
greenhouse	https://job-boards.greenhouse.io/venn	1	2026-09-28T08:23:00.652Z
greenhouse	https://job-boards.greenhouse.io/ventureforamerica	1	2026-09-28T08:23:00.665Z
greenhouse	https://job-boards.greenhouse.io/venturegloballng	1	2026-09-28T08:23:00.820Z
greenhouse	https://job-boards.greenhouse.io/verbenergy	1	2026-09-28T08:23:01.171Z
greenhouse	https://job-boards.greenhouse.io/veriforce	1	2026-09-28T08:23:01.364Z
greenhouse	https://job-boards.greenhouse.io/veritone	1	2026-09-28T08:23:01.669Z
greenhouse	https://job-boards.greenhouse.io/veronapharma	1	2026-09-28T08:23:01.800Z
greenhouse	https://job-boards.greenhouse.io/vertocareers	1	2026-09-28T08:23:02.350Z
greenhouse	https://job-boards.greenhouse.io/verusaerospace	1	2026-09-28T08:23:02.356Z
greenhouse	https://job-boards.greenhouse.io/vesartex	1	2026-09-28T08:23:02.566Z
greenhouse	https://job-boards.greenhouse.io/vestahealthcare	1	2026-09-28T08:23:02.682Z
greenhouse	https://job-boards.greenhouse.io/vestal	1	2026-09-28T08:23:03.028Z
greenhouse	https://job-boards.greenhouse.io/vetstoria	1	2026-09-28T08:23:03.240Z
greenhouse	https://job-boards.greenhouse.io/vettery	1	2026-09-28T08:23:03.350Z
greenhouse	https://job-boards.greenhouse.io/veza	1	2026-09-28T08:23:04.360Z
greenhouse	https://job-boards.greenhouse.io/viber	1	2026-09-28T08:23:04.822Z
greenhouse	https://job-boards.greenhouse.io/vibrant	1	2026-09-28T08:23:05.106Z
greenhouse	https://job-boards.greenhouse.io/vicarioussurgical	1	2026-09-28T08:23:05.291Z
greenhouse	https://job-boards.greenhouse.io/vice	1	2026-09-28T08:23:05.300Z
greenhouse	https://job-boards.greenhouse.io/vicecanada	1	2026-09-28T08:23:05.320Z
greenhouse	https://job-boards.greenhouse.io/victorious	1	2026-09-28T08:23:05.365Z
greenhouse	https://job-boards.greenhouse.io/viderityinc	1	2026-09-28T08:23:05.502Z
greenhouse	https://job-boards.greenhouse.io/vidmob	1	2026-09-28T08:23:05.496Z
greenhouse	https://job-boards.greenhouse.io/vidyard	1	2026-09-28T08:23:05.518Z
greenhouse	https://job-boards.greenhouse.io/vimeo	1	2026-09-28T08:23:05.696Z
greenhouse	https://job-boards.greenhouse.io/vipvermontinformationprocessing	1	2026-09-28T08:23:05.718Z
greenhouse	https://job-boards.greenhouse.io/virtahealth	1	2026-09-28T08:23:05.891Z
greenhouse	https://job-boards.greenhouse.io/virtasant	1	2026-09-28T08:23:05.898Z
greenhouse	https://job-boards.greenhouse.io/virtex	1	2026-09-28T08:23:05.932Z
greenhouse	https://job-boards.greenhouse.io/virtualhealth	1	2026-09-28T08:23:06.091Z
greenhouse	https://job-boards.greenhouse.io/virtuance	1	2026-09-28T08:23:06.096Z
greenhouse	https://job-boards.greenhouse.io/virtue	1	2026-09-28T08:23:06.181Z
greenhouse	https://job-boards.greenhouse.io/visbymedical	1	2026-09-28T08:23:06.164Z
greenhouse	https://job-boards.greenhouse.io/visor	1	2026-09-28T08:23:06.376Z
greenhouse	https://job-boards.greenhouse.io/vitablehealth	1	2026-09-28T08:23:06.485Z
greenhouse	https://job-boards.greenhouse.io/vitahealth	1	2026-09-28T08:23:06.566Z
greenhouse	https://job-boards.greenhouse.io/vivian	1	2026-09-28T08:23:06.899Z
greenhouse	https://job-boards.greenhouse.io/vividly	1	2026-09-28T08:23:06.900Z
greenhouse	https://job-boards.greenhouse.io/vizai	1	2026-09-28T08:23:07.998Z
greenhouse	https://job-boards.greenhouse.io/vizgen	1	2026-09-28T08:23:07.999Z
greenhouse	https://job-boards.greenhouse.io/vizit	1	2026-09-28T08:23:08.248Z
greenhouse	https://job-boards.greenhouse.io/voice	1	2026-09-28T08:23:08.217Z
greenhouse	https://job-boards.greenhouse.io/volleythat	1	2026-09-28T08:23:08.416Z
greenhouse	https://job-boards.greenhouse.io/voltacharging	1	2026-09-28T08:23:08.409Z
greenhouse	https://job-boards.greenhouse.io/voltrondata	1	2026-09-28T08:23:08.710Z
greenhouse	https://job-boards.greenhouse.io/vouchinsurance	1	2026-09-28T08:23:08.955Z
greenhouse	https://job-boards.greenhouse.io/vowgroup	1	2026-09-28T08:23:08.994Z
greenhouse	https://job-boards.greenhouse.io/voxy	1	2026-09-28T08:23:09.303Z
greenhouse	https://job-boards.greenhouse.io/vuestorefront	1	2026-09-28T08:23:09.956Z
greenhouse	https://job-boards.greenhouse.io/vultr	1	2026-09-28T08:23:10.159Z
greenhouse	https://job-boards.greenhouse.io/vultronai	1	2026-09-28T08:23:10.157Z
greenhouse	https://job-boards.greenhouse.io/vungle	1	2026-09-28T08:23:10.267Z
greenhouse	https://job-boards.greenhouse.io/vytalizehealth	1	2026-09-28T08:23:10.360Z
greenhouse	https://job-boards.greenhouse.io/wagmo	1	2026-09-28T08:23:10.464Z
greenhouse	https://job-boards.greenhouse.io/wakam	1	2026-09-28T08:23:10.522Z
greenhouse	https://job-boards.greenhouse.io/waku	1	2026-09-28T08:23:10.555Z
greenhouse	https://job-boards.greenhouse.io/waldo	1	2026-09-28T08:23:10.657Z
greenhouse	https://job-boards.greenhouse.io/walleyecapital-external-internships	1	2026-09-28T08:23:10.942Z
greenhouse	https://job-boards.greenhouse.io/walmartasr	1	2026-09-28T08:23:11.147Z
greenhouse	https://job-boards.greenhouse.io/wanna	1	2026-09-28T08:23:11.353Z
greenhouse	https://job-boards.greenhouse.io/warbyparker	1	2026-09-28T08:23:11.426Z
greenhouse	https://job-boards.greenhouse.io/wargamingru	1	2026-09-28T08:23:11.544Z
greenhouse	https://job-boards.greenhouse.io/watershedclimate	1	2026-09-28T08:23:12.071Z
greenhouse	https://job-boards.greenhouse.io/waveapp	1	2026-09-28T08:23:12.261Z
greenhouse	https://job-boards.greenhouse.io/wavemm	1	2026-09-28T08:23:12.411Z
greenhouse	https://job-boards.greenhouse.io/wavexr	1	2026-09-28T08:23:12.605Z
greenhouse	https://job-boards.greenhouse.io/wayfair	1	2026-09-28T08:23:12.703Z
greenhouse	https://job-boards.greenhouse.io/wayup	1	2026-09-28T08:23:13.024Z
greenhouse	https://job-boards.greenhouse.io/wealthfront	1	2026-09-28T08:23:13.683Z
greenhouse	https://job-boards.greenhouse.io/weareservicemax	1	2026-09-28T08:23:13.684Z
greenhouse	https://job-boards.greenhouse.io/weatherbug	1	2026-09-28T08:23:13.687Z
greenhouse	https://job-boards.greenhouse.io/weatherwaxbio	1	2026-09-28T08:23:13.877Z
greenhouse	https://job-boards.greenhouse.io/weavegrid	1	2026-09-28T08:23:13.878Z
greenhouse	https://job-boards.greenhouse.io/weavehq	1	2026-09-28T08:23:14.075Z
greenhouse	https://job-boards.greenhouse.io/webai	1	2026-09-28T08:23:14.076Z
greenhouse	https://job-boards.greenhouse.io/webgility	1	2026-09-28T08:23:14.111Z
greenhouse	https://job-boards.greenhouse.io/weconnectrecovery	1	2026-09-28T08:23:14.316Z
greenhouse	https://job-boards.greenhouse.io/weedmaps	1	2026-09-28T08:23:14.636Z
greenhouse	https://job-boards.greenhouse.io/well	1	2026-09-28T08:23:15.073Z
greenhouse	https://job-boards.greenhouse.io/wellhealthinc	1	2026-09-28T08:23:15.186Z
greenhouse	https://job-boards.greenhouse.io/wellth	1	2026-09-28T08:23:15.378Z
greenhouse	https://job-boards.greenhouse.io/west10llc	1	2026-09-28T08:23:15.590Z
greenhouse	https://job-boards.greenhouse.io/westmonroe1	1	2026-09-28T08:23:15.784Z
greenhouse	https://job-boards.greenhouse.io/wework	1	2026-09-28T08:23:15.806Z
greenhouse	https://job-boards.greenhouse.io/weworkglobalit	1	2026-09-28T08:23:15.838Z
greenhouse	https://job-boards.greenhouse.io/whatnot	1	2026-09-28T08:23:15.999Z
greenhouse	https://job-boards.greenhouse.io/wheel	1	2026-09-28T08:23:16.009Z
greenhouse	https://job-boards.greenhouse.io/wheniwork	1	2026-09-28T08:23:16.205Z
greenhouse	https://job-boards.greenhouse.io/whipmedia	1	2026-09-28T08:23:16.207Z
greenhouse	https://job-boards.greenhouse.io/whiskercloud	1	2026-09-28T08:23:16.226Z
greenhouse	https://job-boards.greenhouse.io/whispir	1	2026-09-28T08:23:16.498Z
greenhouse	https://job-boards.greenhouse.io/whistlelabs	1	2026-09-28T08:23:16.445Z
greenhouse	https://job-boards.greenhouse.io/whistlertrading	1	2026-09-28T08:23:16.397Z
greenhouse	https://job-boards.greenhouse.io/whistlesports	1	2026-09-28T08:23:16.415Z
greenhouse	https://job-boards.greenhouse.io/whiteops	1	2026-09-28T08:23:16.537Z
greenhouse	https://job-boards.greenhouse.io/whop	1	2026-09-28T08:23:16.694Z
greenhouse	https://job-boards.greenhouse.io/wideorbit	1	2026-09-28T08:23:16.738Z
greenhouse	https://job-boards.greenhouse.io/wildtype	1	2026-09-28T08:23:17.091Z
greenhouse	https://job-boards.greenhouse.io/wileyedgerecruitingportal	1	2026-09-28T08:23:17.141Z
greenhouse	https://job-boards.greenhouse.io/willowtree	1	2026-09-28T08:23:17.365Z
greenhouse	https://job-boards.greenhouse.io/winbg	1	2026-09-28T08:23:17.352Z
greenhouse	https://job-boards.greenhouse.io/windfallbio	1	2026-09-28T08:23:17.492Z
greenhouse	https://job-boards.greenhouse.io/wingocard	1	2026-09-28T08:23:17.728Z
greenhouse	https://job-boards.greenhouse.io/wirewheel	1	2026-09-28T08:23:17.925Z
greenhouse	https://job-boards.greenhouse.io/wirexlimited	1	2026-09-28T08:23:17.936Z
greenhouse	https://job-boards.greenhouse.io/wisesystems	1	2026-09-28T08:23:17.968Z
greenhouse	https://job-boards.greenhouse.io/wistia	1	2026-09-28T08:23:18.118Z
greenhouse	https://job-boards.greenhouse.io/withco	1	2026-09-28T08:23:18.125Z
greenhouse	https://job-boards.greenhouse.io/witheritelawgroup	1	2026-09-28T08:23:18.157Z
greenhouse	https://job-boards.greenhouse.io/within	1	2026-09-28T08:23:18.162Z
greenhouse	https://job-boards.greenhouse.io/withotter	1	2026-09-28T08:23:18.310Z
greenhouse	https://job-boards.greenhouse.io/withumsmithbrown	1	2026-09-28T08:23:18.316Z
greenhouse	https://job-boards.greenhouse.io/wizardsofthecoast	1	2026-09-28T08:23:18.357Z
greenhouse	https://job-boards.greenhouse.io/wizehiveusa	1	2026-09-28T08:23:18.457Z
greenhouse	https://job-boards.greenhouse.io/womply	1	2026-09-28T08:23:18.727Z
greenhouse	https://job-boards.greenhouse.io/wonderjobs	1	2026-09-28T08:23:18.762Z
greenhouse	https://job-boards.greenhouse.io/wondersco	1	2026-09-28T08:23:18.924Z
greenhouse	https://job-boards.greenhouse.io/woodrodgers	1	2026-09-28T08:23:19.163Z
greenhouse	https://job-boards.greenhouse.io/woodruffsawyer	1	2026-09-28T08:23:19.205Z
greenhouse	https://job-boards.greenhouse.io/woonetwork	1	2026-09-28T08:23:19.360Z
greenhouse	https://job-boards.greenhouse.io/wordpressvip	1	2026-09-28T08:23:19.425Z
greenhouse	https://job-boards.greenhouse.io/workco	1	2026-09-28T08:23:19.663Z
greenhouse	https://job-boards.greenhouse.io/workforef	1	2026-09-28T08:23:19.803Z
greenhouse	https://job-boards.greenhouse.io/workmarket	1	2026-09-28T08:23:19.942Z
greenhouse	https://job-boards.greenhouse.io/workrise	1	2026-09-28T08:23:20.063Z
greenhouse	https://job-boards.greenhouse.io/workshopapd	1	2026-09-28T08:23:20.130Z
greenhouse	https://job-boards.greenhouse.io/workshopdigital	1	2026-09-28T08:23:20.177Z
greenhouse	https://job-boards.greenhouse.io/worldcoinorg	1	2026-09-28T08:23:20.388Z
greenhouse	https://job-boards.greenhouse.io/worldlabs	1	2026-09-28T08:23:20.472Z
greenhouse	https://job-boards.greenhouse.io/worlds	1	2026-09-28T08:23:20.529Z
greenhouse	https://job-boards.greenhouse.io/worldsuntold	1	2026-09-28T08:23:20.644Z
greenhouse	https://job-boards.greenhouse.io/wormholefoundation	1	2026-09-28T08:23:20.660Z
greenhouse	https://job-boards.greenhouse.io/wormholelabs	1	2026-09-28T08:23:20.708Z
greenhouse	https://job-boards.greenhouse.io/worthi	1	2026-09-28T08:23:20.721Z
greenhouse	https://job-boards.greenhouse.io/wppit	1	2026-09-28T08:23:20.842Z
greenhouse	https://job-boards.greenhouse.io/wrapbook	1	2026-09-28T08:23:20.904Z
greenhouse	https://job-boards.greenhouse.io/wunder	1	2026-09-28T08:23:21.194Z
greenhouse	https://job-boards.greenhouse.io/wurl	1	2026-09-28T08:23:21.480Z
greenhouse	https://job-boards.greenhouse.io/wursta	1	2026-09-28T08:23:22.165Z
greenhouse	https://job-boards.greenhouse.io/wurstacorporation	1	2026-09-28T08:23:21.830Z
greenhouse	https://job-boards.greenhouse.io/wyndlabs	1	2026-09-28T08:23:22.263Z
greenhouse	https://job-boards.greenhouse.io/wyre	1	2026-09-28T08:23:22.358Z
greenhouse	https://job-boards.greenhouse.io/wysemetersolutionsinc	1	2026-09-28T08:23:22.357Z
greenhouse	https://job-boards.greenhouse.io/xanpool	1	2026-09-28T08:23:22.733Z
greenhouse	https://job-boards.greenhouse.io/xgeeks	1	2026-09-28T08:23:24.595Z
greenhouse	https://job-boards.greenhouse.io/xgs	1	2026-09-28T08:23:24.608Z
greenhouse	https://job-boards.greenhouse.io/xhiring	1	2026-09-28T08:23:24.609Z
greenhouse	https://job-boards.greenhouse.io/xlabs	1	2026-09-28T08:23:24.634Z
greenhouse	https://job-boards.greenhouse.io/xmtp	1	2026-09-28T08:23:24.749Z
greenhouse	https://job-boards.greenhouse.io/xpincmlhr3	1	2026-09-28T08:23:25.316Z
greenhouse	https://job-boards.greenhouse.io/xwing	1	2026-09-28T08:23:25.692Z
greenhouse	https://job-boards.greenhouse.io/yaypay	1	2026-09-28T08:23:25.903Z
greenhouse	https://job-boards.greenhouse.io/yembo	1	2026-09-28T08:23:25.910Z
greenhouse	https://job-boards.greenhouse.io/yesshecodes	1	2026-09-28T08:23:26.112Z
greenhouse	https://job-boards.greenhouse.io/yeti	1	2026-09-28T08:23:26.111Z
greenhouse	https://job-boards.greenhouse.io/yieldstreet	1	2026-09-28T08:23:26.337Z
greenhouse	https://job-boards.greenhouse.io/yohana	1	2026-09-28T08:23:26.536Z
greenhouse	https://job-boards.greenhouse.io/yougov	1	2026-09-28T08:23:26.832Z
greenhouse	https://job-boards.greenhouse.io/youhealthproviders	1	2026-09-28T08:23:26.872Z
greenhouse	https://job-boards.greenhouse.io/yoursuper	1	2026-09-28T08:23:27.022Z
greenhouse	https://job-boards.greenhouse.io/youthinc	1	2026-09-28T08:23:27.064Z
greenhouse	https://job-boards.greenhouse.io/yprime	1	2026-09-28T08:23:27.158Z
greenhouse	https://job-boards.greenhouse.io/yugalabs	1	2026-09-28T08:23:27.264Z
greenhouse	https://job-boards.greenhouse.io/yummly	1	2026-09-28T08:23:27.347Z
greenhouse	https://job-boards.greenhouse.io/zap	1	2026-09-28T08:23:27.715Z
greenhouse	https://job-boards.greenhouse.io/zapier	1	2026-09-28T08:23:27.717Z
greenhouse	https://job-boards.greenhouse.io/zapiercareers	1	2026-09-28T08:23:27.766Z
greenhouse	https://job-boards.greenhouse.io/zava	1	2026-09-28T08:23:27.817Z
greenhouse	https://job-boards.greenhouse.io/zealcareers	1	2026-09-28T08:23:27.971Z
greenhouse	https://job-boards.greenhouse.io/zelusanalytics	1	2026-09-28T08:23:28.026Z
greenhouse	https://job-boards.greenhouse.io/zemogajobs	1	2026-09-28T08:23:28.180Z
greenhouse	https://job-boards.greenhouse.io/zenefits	1	2026-09-28T08:23:28.230Z
greenhouse	https://job-boards.greenhouse.io/zenithhealth	1	2026-09-28T08:23:28.426Z
greenhouse	https://job-boards.greenhouse.io/zenjob	1	2026-09-28T08:23:28.425Z
greenhouse	https://job-boards.greenhouse.io/zenpayroll	1	2026-09-28T08:23:29.846Z
greenhouse	https://job-boards.greenhouse.io/zenvia	1	2026-09-28T08:23:30.037Z
greenhouse	https://job-boards.greenhouse.io/zephyrbuyerlp	1	2026-09-28T08:23:30.045Z
greenhouse	https://job-boards.greenhouse.io/zeplin	1	2026-09-28T08:23:30.103Z
greenhouse	https://job-boards.greenhouse.io/zepzgroup	1	2026-09-28T08:23:30.152Z
greenhouse	https://job-boards.greenhouse.io/zesty	1	2026-09-28T08:23:30.307Z
greenhouse	https://job-boards.greenhouse.io/ziina	1	2026-09-28T08:23:30.628Z
greenhouse	https://job-boards.greenhouse.io/zilliqa	1	2026-09-28T08:23:30.644Z
greenhouse	https://job-boards.greenhouse.io/zilliz	1	2026-09-28T08:23:30.721Z
greenhouse	https://job-boards.greenhouse.io/zing	1	2026-09-28T08:23:30.761Z
greenhouse	https://job-boards.greenhouse.io/zip	1	2026-09-28T08:23:31.019Z
greenhouse	https://job-boards.greenhouse.io/zitaratechnologiesinc	1	2026-09-28T08:23:31.056Z
greenhouse	https://job-boards.greenhouse.io/zolar	1	2026-09-28T08:23:31.291Z
greenhouse	https://job-boards.greenhouse.io/zora	1	2026-09-28T08:23:31.671Z
greenhouse	https://job-boards.greenhouse.io/zscalerredcanary	1	2026-09-28T08:23:31.793Z
greenhouse	https://job-boards.greenhouse.io/ztxfoundation	1	2026-09-28T08:23:32.256Z
greenhouse	https://job-boards.greenhouse.io/zynga	1	2026-09-28T08:23:32.873Z
icims	https://adaugeocareers-interpath.icims.com/jobs/search?ss=1&in_iframe=1	1	2026-09-28T10:40:10.042Z
icims	https://allcareers-aramark.icims.com/jobs/search?ss=1&in_iframe=1	1	2026-09-28T10:40:39.586Z
icims	https://allcareers-whoi.icims.com/jobs/search?ss=1&in_iframe=1	1	2026-09-28T10:40:39.457Z
icims	https://apaccareers-covance.icims.com/jobs/search?ss=1&in_iframe=1	1	2026-09-28T10:41:09.774Z
icims	https://apkeenancareers-assuredpartners.icims.com/jobs/search?ss=1&in_iframe=1	1	2026-09-28T10:41:13.309Z
icims	https://applycareers-hshs.icims.com/jobs/search?ss=1&in_iframe=1	1	2026-09-28T10:41:18.853Z
icims	https://ascendhospice-careers.icims.com/jobs/search?ss=1&in_iframe=1	1	2026-09-28T10:41:31.860Z
icims	https://asiacareers-ogilvy.icims.com/jobs/search?ss=1&in_iframe=1	1	2026-09-28T10:41:34.414Z
icims	https://asiacareers-operasolutions.icims.com/jobs/search?ss=1&in_iframe=1	1	2026-09-28T10:41:34.649Z
icims	https://athomecareers-arraybc.icims.com/jobs/search?ss=1&in_iframe=1	1	2026-09-28T10:41:42.068Z
icims	https://attorneycareers-alston.icims.com/jobs/search?ss=1&in_iframe=1	1	2026-09-28T10:41:49.149Z
icims	https://au-careers-maximus.icims.com/jobs/search?ss=1&in_iframe=1	1	2026-09-28T10:41:49.446Z
icims	https://axiombuilderscareers-bfc.icims.com/jobs/search?ss=1&in_iframe=1	1	2026-09-28T10:42:02.345Z
icims	https://baincapabilitycentrecareers-bain.icims.com/jobs/search?ss=1&in_iframe=1	1	2026-09-28T10:42:05.889Z
icims	https://bccareers-afwukog.icims.com/jobs/search?ss=1&in_iframe=1	1	2026-09-28T10:42:16.112Z
icims	https://bigotirescareers-mfaoil.icims.com/jobs/search?ss=1&in_iframe=1	1	2026-09-28T10:42:33.430Z
icims	https://biomeme-careers-orspartners.icims.com/jobs/search?ss=1&in_iframe=1	1	2026-09-28T10:42:34.207Z
icims	https://bosaconstructioncareers-bfc.icims.com/jobs/search?ss=1&in_iframe=1	1	2026-09-28T10:42:48.444Z
icims	https://bosapropertiescareers-bfc.icims.com/jobs/search?ss=1&in_iframe=1	1	2026-09-28T10:42:49.003Z
icims	https://boydcareers.icims.com/jobs/search?ss=1&in_iframe=1	1	2026-09-28T10:42:51.438Z
icims	https://broadcastcareers-nexstar.icims.com/jobs/search?ss=1&in_iframe=1	1	2026-09-28T10:43:02.149Z
icims	https://cacareers-flexngate.icims.com/jobs/search?ss=1&in_iframe=1	1	2026-09-28T10:43:16.584Z
icims	https://cacareers-lafarge-na.icims.com/jobs/search?ss=1&in_iframe=1	1	2026-09-28T10:43:17.307Z
icims	https://campuscareers-bkd.icims.com/jobs/search?ss=1&in_iframe=1	1	2026-09-28T10:43:29.292Z
icims	https://campuscareers-intuit.icims.com/jobs/search?ss=1&in_iframe=1	1	2026-09-28T10:43:29.658Z
icims	https://campuscareers-mnp.icims.com/jobs/search?ss=1&in_iframe=1	1	2026-09-28T10:43:29.630Z
icims	https://canada-careers-danby.icims.com/jobs/search?ss=1&in_iframe=1	1	2026-09-28T10:43:33.950Z
icims	https://canada-careers-eddiebauer.icims.com/jobs/search?ss=1&in_iframe=1	1	2026-09-28T10:43:34.241Z
icims	https://canadacareers-dotfoods.icims.com/jobs/search?ss=1&in_iframe=1	1	2026-09-28T10:43:39.890Z
icims	https://canadacareers-lgamericas.icims.com/jobs/search?ss=1&in_iframe=1	1	2026-09-28T10:43:40.459Z
icims	https://canadacareers-messer.icims.com/jobs/search?ss=1&in_iframe=1	1	2026-09-28T10:43:40.868Z
icims	https://careers-2u.icims.com/jobs/search?ss=1&in_iframe=1	1	2026-09-28T10:43:51.914Z
icims	https://careers-7-eleven.icims.com/jobs/search?ss=1&in_iframe=1	1	2026-09-28T10:43:54.050Z
icims	https://careers-a2ius.icims.com/jobs/search?ss=1&in_iframe=1	1	2026-09-28T10:43:53.996Z
icims	https://careers-aaanortheast.icims.com/jobs/search?ss=1&in_iframe=1	1	2026-09-28T10:43:54.377Z
icims	https://careers-aaefs.icims.com/jobs/search?ss=1&in_iframe=1	1	2026-09-28T10:43:54.905Z
icims	https://careers-aafe.icims.com/jobs/search?ss=1&in_iframe=1	1	2026-09-28T10:43:55.031Z
icims	https://careers-aag.icims.com/jobs/search?ss=1&in_iframe=1	1	2026-09-28T10:43:55.229Z
icims	https://careers-aardwolflabs.icims.com/jobs/search?ss=1&in_iframe=1	1	2026-09-28T10:43:55.553Z
icims	https://careers-aaski.icims.com/jobs/search?ss=1&in_iframe=1	1	2026-09-28T10:43:55.701Z
icims	https://careers-abacusplumbingaustin.icims.com/jobs/search?ss=1&in_iframe=1	1	2026-09-28T10:43:56.029Z
icims	https://careers-abeautifulsoul.icims.com/jobs/search?ss=1&in_iframe=1	1	2026-09-28T10:43:56.317Z
icims	https://careers-acadiancontractors.icims.com/jobs/search?ss=1&in_iframe=1	2	2026-09-28T10:43:57.564Z
icims	https://careers-access-ketchum.icims.com/jobs/search?ss=1&in_iframe=1	1	2026-09-28T10:40:03.421Z
icims	https://careers-accessdentallab.icims.com/jobs/search?ss=1&in_iframe=1	2	2026-09-28T10:43:57.905Z
icims	https://careers-accretive.icims.com/jobs/search?ss=1&in_iframe=1	2	2026-09-28T10:43:58.185Z
icims	https://careers-accuratebackground.icims.com/jobs/search?ss=1&in_iframe=1	2	2026-09-28T10:43:58.227Z
icims	https://careers-acdivoca.icims.com/jobs/search?ss=1&in_iframe=1	1	2026-09-28T10:40:04.626Z
icims	https://careers-acl.icims.com/jobs/search?ss=1&in_iframe=1	2	2026-09-28T10:43:58.891Z
icims	https://careers-acog.icims.com/jobs/search?ss=1&in_iframe=1	2	2026-09-28T10:43:59.217Z
icims	https://careers-acosta-retail.icims.com/jobs/search?ss=1&in_iframe=1	1	2026-09-28T10:40:06.749Z
icims	https://careers-acosta.icims.com/jobs/search?ss=1&in_iframe=1	2	2026-09-28T10:43:59.202Z
icims	https://careers-acpediatrics.icims.com/jobs/search?ss=1&in_iframe=1	2	2026-09-28T10:43:59.519Z
icims	https://careers-acs.icims.com/jobs/search?ss=1&in_iframe=1	2	2026-09-28T10:43:59.526Z
icims	https://careers-act-i.icims.com/jobs/search?ss=1&in_iframe=1	1	2026-09-28T10:40:08.249Z
icims	https://careers-act.icims.com/jobs/search?ss=1&in_iframe=1	2	2026-09-28T10:43:59.815Z
icims	https://careers-activeday.icims.com/jobs/search?ss=1&in_iframe=1	1	2026-09-28T10:44:00.165Z
icims	https://careers-acuity.icims.com/jobs/search?ss=1&in_iframe=1	2	2026-09-28T10:44:00.412Z
icims	https://careers-adamscomm.icims.com/jobs/search?ss=1&in_iframe=1	2	2026-09-28T10:44:00.524Z
icims	https://careers-adcouncil.icims.com/jobs/search?ss=1&in_iframe=1	2	2026-09-28T10:44:00.737Z
icims	https://careers-adelphi.icims.com/jobs/search?ss=1&in_iframe=1	1	2026-09-28T10:40:11.964Z
icims	https://careers-adelphicommunications.icims.com/jobs/search?ss=1&in_iframe=1	2	2026-09-28T10:44:01.056Z
icims	https://careers-adelphigroup.icims.com/jobs/search?ss=1&in_iframe=1	2	2026-09-28T10:44:01.049Z
icims	https://careers-adelphiresearch.icims.com/jobs/search?ss=1&in_iframe=1	2	2026-09-28T10:44:01.184Z
icims	https://careers-adelphivalues.icims.com/jobs/search?ss=1&in_iframe=1	2	2026-09-28T10:44:01.397Z
icims	https://careers-adelphivaluespcouk.icims.com/jobs/search?ss=1&in_iframe=1	2	2026-09-28T10:44:01.380Z
icims	https://careers-adelphivaluesproveuk.icims.com/jobs/search?ss=1&in_iframe=1	2	2026-09-28T10:44:01.715Z
icims	https://careers-aderant-na.icims.com/jobs/search?ss=1&in_iframe=1	2	2026-09-28T10:44:01.747Z
icims	https://careers-adifo.icims.com/jobs/search?ss=1&in_iframe=1	1	2026-09-28T10:40:14.367Z
icims	https://careers-adkexecutivesearch.icims.com/jobs/search?ss=1&in_iframe=1	1	2026-09-28T10:40:14.492Z
icims	https://careers-admere.icims.com/jobs/search?ss=1&in_iframe=1	2	2026-09-28T10:44:02.225Z
icims	https://careers-adpi.icims.com/jobs/search?ss=1&in_iframe=1	2	2026-09-28T10:44:02.430Z
icims	https://careers-adra.icims.com/jobs/search?ss=1&in_iframe=1	1	2026-09-28T10:40:18.237Z
icims	https://careers-advancedpracticeprovider-stelizabeth.icims.com/jobs/search?ss=1&in_iframe=1	1	2026-09-28T10:40:18.486Z
icims	https://careers-advancedrecoverysystems.icims.com/jobs/search?ss=1&in_iframe=1	2	2026-09-28T10:44:03.278Z
icims	https://careers-advantagemedia.icims.com/jobs/search?ss=1&in_iframe=1	1	2026-09-28T10:40:19.495Z
icims	https://careers-aec.icims.com/jobs/search?ss=1&in_iframe=1	2	2026-09-28T10:44:04.147Z
icims	https://careers-aecc.icims.com/jobs/search?ss=1&in_iframe=1	2	2026-09-28T10:44:04.164Z
icims	https://careers-aegeus.icims.com/jobs/search?ss=1&in_iframe=1	2	2026-09-28T10:44:04.336Z
icims	https://careers-aepenergy.icims.com/jobs/search?ss=1&in_iframe=1	2	2026-09-28T10:44:05.050Z
icims	https://careers-aer.icims.com/jobs/search?ss=1&in_iframe=1	1	2026-09-28T10:40:22.714Z
icims	https://careers-aerojet-rocketdyne.icims.com/jobs/search?ss=1&in_iframe=1	1	2026-09-28T10:40:23.022Z
icims	https://careers-aerojet.icims.com/jobs/search?ss=1&in_iframe=1	1	2026-09-28T10:40:23.340Z
icims	https://careers-aeroptic.icims.com/jobs/search?ss=1&in_iframe=1	1	2026-09-28T10:40:23.731Z
icims	https://careers-af.icims.com/jobs/search?ss=1&in_iframe=1	1	2026-09-28T10:40:23.936Z
icims	https://careers-affinityhospice.icims.com/jobs/search?ss=1&in_iframe=1	2	2026-09-28T10:44:05.410Z
icims	https://careers-aflac.icims.com/jobs/search?ss=1&in_iframe=1	2	2026-09-28T10:44:05.970Z
icims	https://careers-africabureau.icims.com/jobs/search?ss=1&in_iframe=1	1	2026-09-28T10:40:26.829Z
icims	https://careers-afwukog.icims.com/jobs/search?ss=1&in_iframe=1	1	2026-09-28T10:40:27.173Z
icims	https://careers-agencystaffcandidate.icims.com/jobs/search?ss=1&in_iframe=1	2	2026-09-28T10:44:06.066Z
icims	https://careers-agnicohopebay.icims.com/jobs/search?ss=1&in_iframe=1	2	2026-09-28T10:44:06.290Z
icims	https://careers-agoda.icims.com/jobs/search?ss=1&in_iframe=1	1	2026-09-28T10:40:28.143Z
icims	https://careers-agrium.icims.com/jobs/search?ss=1&in_iframe=1	2	2026-09-28T10:44:06.650Z
icims	https://careers-aih.icims.com/jobs/search?ss=1&in_iframe=1	2	2026-09-28T10:44:07.366Z
icims	https://careers-airdc.icims.com/jobs/search?ss=1&in_iframe=1	1	2026-09-28T10:40:30.819Z
icims	https://careers-airportoperations-southwest.icims.com/jobs/search?ss=1&in_iframe=1	1	2026-09-28T10:40:32.220Z
icims	https://careers-airslate.icims.com/jobs/search?ss=1&in_iframe=1	1	2026-09-28T10:40:32.383Z
icims	https://careers-akamai.icims.com/jobs/search?ss=1&in_iframe=1	1	2026-09-28T10:40:34.700Z
icims	https://careers-akebia.icims.com/jobs/search?ss=1&in_iframe=1	2	2026-09-28T10:44:10.079Z
icims	https://careers-alatecinc.icims.com/jobs/search?ss=1&in_iframe=1	2	2026-09-28T10:44:10.656Z
icims	https://careers-albuquerque-bokf.icims.com/jobs/search?ss=1&in_iframe=1	1	2026-09-28T10:40:36.375Z
icims	https://careers-alcoracorp.icims.com/jobs/search?ss=1&in_iframe=1	2	2026-09-28T10:44:11.243Z
icims	https://careers-alf.icims.com/jobs/search?ss=1&in_iframe=1	2	2026-09-28T10:44:11.702Z
icims	https://careers-allegiancetrucks.icims.com/jobs/search?ss=1&in_iframe=1	2	2026-09-28T10:44:12.666Z
icims	https://careers-allexternaljobs-cubic.icims.com/jobs/search?ss=1&in_iframe=1	1	2026-09-28T10:40:40.956Z
icims	https://careers-alliancebernstein.icims.com/jobs/search?ss=1&in_iframe=1	2	2026-09-28T10:44:13.898Z
icims	https://careers-alliancehealthcareservices.icims.com/jobs/search?ss=1&in_iframe=1	2	2026-09-28T10:44:13.731Z
icims	https://careers-alliantcreditunion.icims.com/jobs/search?ss=1&in_iframe=1	2	2026-09-28T10:44:14.283Z
icims	https://careers-alliedbeverage.icims.com/jobs/search?ss=1&in_iframe=1	2	2026-09-28T10:44:14.087Z
icims	https://careers-alliedreliabilitygroup-staffing-jobs.icims.com/jobs/search?ss=1&in_iframe=1	1	2026-09-28T10:40:42.226Z
icims	https://careers-alljobs-sefl.icims.com/jobs/search?ss=1&in_iframe=1	1	2026-09-28T10:40:42.493Z
icims	https://careers-allosource.icims.com/jobs/search?ss=1&in_iframe=1	2	2026-09-28T10:44:14.644Z
icims	https://careers-alm.icims.com/jobs/search?ss=1&in_iframe=1	1	2026-09-28T10:40:45.665Z
icims	https://careers-alsac.icims.com/jobs/search?ss=1&in_iframe=1	1	2026-09-28T10:40:46.512Z
icims	https://careers-alston.icims.com/jobs/search?ss=1&in_iframe=1	1	2026-09-28T10:40:47.294Z
icims	https://careers-altardstate.icims.com/jobs/search?ss=1&in_iframe=1	2	2026-09-28T10:44:17.723Z
icims	https://careers-altarum.icims.com/jobs/search?ss=1&in_iframe=1	1	2026-09-28T10:40:48.197Z
icims	https://careers-altg.icims.com/jobs/search?ss=1&in_iframe=1	2	2026-09-28T10:44:17.813Z
icims	https://careers-ama.icims.com/jobs/search?ss=1&in_iframe=1	2	2026-09-28T10:44:20.017Z
icims	https://careers-aman.icims.com/jobs/search?ss=1&in_iframe=1	2	2026-09-28T10:44:20.281Z
icims	https://careers-amanet.icims.com/jobs/search?ss=1&in_iframe=1	2	2026-09-28T10:44:20.375Z
icims	https://careers-amcor.icims.com/jobs/search?ss=1&in_iframe=1	2	2026-09-28T10:44:20.745Z
icims	https://careers-amecfw-canadaexternal.icims.com/jobs/search?ss=1&in_iframe=1	1	2026-09-28T10:40:52.073Z
icims	https://careers-amecfw-globalhub.icims.com/jobs/search?ss=1&in_iframe=1	1	2026-09-28T10:40:52.712Z
icims	https://careers-amecfw-row-external.icims.com/jobs/search?ss=1&in_iframe=1	1	2026-09-28T10:40:52.700Z
icims	https://careers-amecfw-tradecraft-sea-external.icims.com/jobs/search?ss=1&in_iframe=1	1	2026-09-28T10:40:52.989Z
icims	https://careers-amenclinics.icims.com/jobs/search?ss=1&in_iframe=1	2	2026-09-28T10:44:20.698Z
icims	https://careers-amerex-fire.icims.com/jobs/search?ss=1&in_iframe=1	2	2026-09-28T10:44:20.958Z
icims	https://careers-americanautoshield.icims.com/jobs/search?ss=1&in_iframe=1	2	2026-09-28T10:44:21.310Z
icims	https://careers-americancollectors.icims.com/jobs/search?ss=1&in_iframe=1	2	2026-09-28T10:44:22.089Z
icims	https://careers-americancreditacceptance.icims.com/jobs/search?ss=1&in_iframe=1	2	2026-09-28T10:44:22.213Z
icims	https://careers-americangolf.icims.com/jobs/search?ss=1&in_iframe=1	2	2026-09-28T10:44:24.123Z
icims	https://careers-americansforprosperity.icims.com/jobs/search?ss=1&in_iframe=1	2	2026-09-28T10:44:25.522Z
icims	https://careers-americares.icims.com/jobs/search?ss=1&in_iframe=1	2	2026-09-28T10:44:24.378Z
icims	https://careers-americas-allscripts.icims.com/jobs/search?ss=1&in_iframe=1	1	2026-09-28T10:40:59.211Z
icims	https://careers-americas-cradlepoint.icims.com/jobs/search?ss=1&in_iframe=1	1	2026-09-28T10:41:00.057Z
icims	https://careers-americold.icims.com/jobs/search?ss=1&in_iframe=1	1	2026-09-28T10:41:00.356Z
icims	https://careers-amerigoeducation.icims.com/jobs/search?ss=1&in_iframe=1	2	2026-09-28T10:44:25.278Z
icims	https://careers-amllc.icims.com/jobs/search?ss=1&in_iframe=1	2	2026-09-28T10:44:25.300Z
icims	https://careers-ampp.icims.com/jobs/search?ss=1&in_iframe=1	2	2026-09-28T10:44:26.161Z
icims	https://careers-ams-corp.icims.com/jobs/search?ss=1&in_iframe=1	1	2026-09-28T10:41:02.989Z
icims	https://careers-amtrace.icims.com/jobs/search?ss=1&in_iframe=1	2	2026-09-28T10:44:26.389Z
icims	https://careers-andersonpower.icims.com/jobs/search?ss=1&in_iframe=1	2	2026-09-28T10:44:27.614Z
icims	https://careers-ansible-gs.icims.com/jobs/search?ss=1&in_iframe=1	2	2026-09-28T10:44:27.446Z
icims	https://careers-apac-allscripts.icims.com/jobs/search?ss=1&in_iframe=1	1	2026-09-28T10:41:07.254Z
icims	https://careers-apac-idg.icims.com/jobs/search?ss=1&in_iframe=1	1	2026-09-28T10:41:09.039Z
icims	https://careers-apac-zebra.icims.com/jobs/search?ss=1&in_iframe=1	1	2026-09-28T10:41:08.987Z
icims	https://careers-apac.icims.com/jobs/search?ss=1&in_iframe=1	1	2026-09-28T10:41:07.033Z
icims	https://careers-apercen.icims.com/jobs/search?ss=1&in_iframe=1	1	2026-09-28T10:41:11.317Z
icims	https://careers-apex3.icims.com/jobs/search?ss=1&in_iframe=1	1	2026-09-28T10:41:11.873Z
icims	https://careers-apexcovantage.icims.com/jobs/search?ss=1&in_iframe=1	2	2026-09-28T10:44:29.127Z
icims	https://careers-apexentertainment.icims.com/jobs/search?ss=1&in_iframe=1	2	2026-09-28T10:44:30.248Z
icims	https://careers-aplaceformom.icims.com/jobs/search?ss=1&in_iframe=1	2	2026-09-28T10:44:32.603Z
icims	https://careers-apothecaryproducts.icims.com/jobs/search?ss=1&in_iframe=1	2	2026-09-28T10:44:31.721Z
icims	https://careers-appliedmemeticsllc.icims.com/jobs/search?ss=1&in_iframe=1	2	2026-09-28T10:44:32.648Z
icims	https://careers-appliedminds.icims.com/jobs/search?ss=1&in_iframe=1	2	2026-09-28T10:44:33.151Z
icims	https://careers-applusrtd.icims.com/jobs/search?ss=1&in_iframe=1	2	2026-09-28T10:44:33.736Z
icims	https://careers-apply-ascendlearning.icims.com/jobs/search?ss=1&in_iframe=1	1	2026-09-28T10:41:17.746Z
icims	https://careers-apply-guidehouse.icims.com/jobs/search?ss=1&in_iframe=1	2	2026-09-28T10:44:34.060Z
icims	https://careers-apprenticeships-neiep.icims.com/jobs/search?ss=1&in_iframe=1	1	2026-09-28T10:41:20.264Z
icims	https://careers-appsense.icims.com/jobs/search?ss=1&in_iframe=1	2	2026-09-28T10:44:34.077Z
icims	https://careers-apptio.icims.com/jobs/search?ss=1&in_iframe=1	2	2026-09-28T10:44:35.025Z
icims	https://careers-apptis.icims.com/jobs/search?ss=1&in_iframe=1	2	2026-09-28T10:44:35.956Z
icims	https://careers-apria.icims.com/jobs/search?ss=1&in_iframe=1	2	2026-09-28T10:44:36.057Z
icims	https://careers-aprimo.icims.com/jobs/search?ss=1&in_iframe=1	1	2026-09-28T10:41:21.867Z
icims	https://careers-aramark.icims.com/jobs/search?ss=1&in_iframe=1	1	2026-09-28T10:41:23.282Z
icims	https://careers-arbor.icims.com/jobs/search?ss=1&in_iframe=1	2	2026-09-28T10:44:36.480Z
icims	https://careers-arc-2wglobal.icims.com/jobs/search?ss=1&in_iframe=1	1	2026-09-28T10:41:24.955Z
icims	https://careers-arcadia.icims.com/jobs/search?ss=1&in_iframe=1	2	2026-09-28T10:44:36.772Z
icims	https://careers-arch.icims.com/jobs/search?ss=1&in_iframe=1	2	2026-09-28T10:44:37.068Z
icims	https://careers-archbow.icims.com/jobs/search?ss=1&in_iframe=1	2	2026-09-28T10:44:37.156Z
icims	https://careers-archcare.icims.com/jobs/search?ss=1&in_iframe=1	1	2026-09-28T10:41:25.839Z
icims	https://careers-argentina-bridgestone.icims.com/jobs/search?ss=1&in_iframe=1	1	2026-09-28T10:41:27.090Z
icims	https://careers-armaninollp.icims.com/jobs/search?ss=1&in_iframe=1	2	2026-09-28T10:44:38.314Z
icims	https://careers-arraybc.icims.com/jobs/search?ss=1&in_iframe=1	2	2026-09-28T10:44:39.176Z
icims	https://careers-arula.icims.com/jobs/search?ss=1&in_iframe=1	2	2026-09-28T10:44:38.982Z
icims	https://careers-asburyauto.icims.com/jobs/search?ss=1&in_iframe=1	2	2026-09-28T10:44:39.438Z
icims	https://careers-ascamericansuncomponents.icims.com/jobs/search?ss=1&in_iframe=1	2	2026-09-28T10:44:39.634Z
icims	https://careers-ascendlearning.icims.com/jobs/search?ss=1&in_iframe=1	2	2026-09-28T10:44:41.024Z
icims	https://careers-asg-inc.icims.com/jobs/search?ss=1&in_iframe=1	1	2026-09-28T10:41:33.022Z
icims	https://careers-aspect.icims.com/jobs/search?ss=1&in_iframe=1	2	2026-09-28T10:44:41.302Z
icims	https://careers-aspendental.icims.com/jobs/search?ss=1&in_iframe=1	1	2026-09-28T10:41:36.065Z
icims	https://careers-aspentech.icims.com/jobs/search?ss=1&in_iframe=1	1	2026-09-28T10:41:35.800Z
icims	https://careers-assuredpartners.icims.com/jobs/search?ss=1&in_iframe=1	2	2026-09-28T10:44:43.203Z
icims	https://careers-asurion.icims.com/jobs/search?ss=1&in_iframe=1	2	2026-09-28T10:44:43.179Z
icims	https://careers-at-de.icims.com/jobs/search?ss=1&in_iframe=1	1	2026-09-28T10:41:40.016Z
icims	https://careers-at-djj.icims.com/jobs/search?ss=1&in_iframe=1	2	2026-09-28T10:44:44.742Z
icims	https://careers-at-mysubwaycareer.icims.com/jobs/search?ss=1&in_iframe=1	1	2026-09-28T10:41:40.755Z
icims	https://careers-ata.icims.com/jobs/search?ss=1&in_iframe=1	1	2026-09-28T10:41:40.885Z
icims	https://careers-athensservices.icims.com/jobs/search?ss=1&in_iframe=1	1	2026-09-28T10:41:41.872Z
icims	https://careers-athometherapies-et.icims.com/jobs/search?ss=1&in_iframe=1	1	2026-09-28T10:41:43.078Z
icims	https://careers-atlanticaviation.icims.com/jobs/search?ss=1&in_iframe=1	2	2026-09-28T10:44:45.241Z
icims	https://careers-atlantichealth.icims.com/jobs/search?ss=1&in_iframe=1	2	2026-09-28T10:44:45.716Z
icims	https://careers-atlantictraffic-bohlereng.icims.com/jobs/search?ss=1&in_iframe=1	1	2026-09-28T10:41:44.661Z
icims	https://careers-atlantiscasino.icims.com/jobs/search?ss=1&in_iframe=1	2	2026-09-28T10:44:45.791Z
icims	https://careers-atlasair.icims.com/jobs/search?ss=1&in_iframe=1	2	2026-09-28T10:44:46.154Z
icims	https://careers-atlasenergy.icims.com/jobs/search?ss=1&in_iframe=1	2	2026-09-28T10:44:46.165Z
icims	https://careers-atricure.icims.com/jobs/search?ss=1&in_iframe=1	2	2026-09-28T10:44:47.448Z
icims	https://careers-attcenter.icims.com/jobs/search?ss=1&in_iframe=1	2	2026-09-28T10:44:47.573Z
icims	https://careers-atwell.icims.com/jobs/search?ss=1&in_iframe=1	2	2026-09-28T10:44:47.443Z
icims	https://careers-aucmed-atge.icims.com/jobs/search?ss=1&in_iframe=1	1	2026-09-28T10:41:50.901Z
icims	https://careers-aucmed-devry.icims.com/jobs/search?ss=1&in_iframe=1	1	2026-09-28T10:41:50.745Z
icims	https://careers-audubon.icims.com/jobs/search?ss=1&in_iframe=1	2	2026-09-28T10:44:48.905Z
icims	https://careers-aurora-group.icims.com/jobs/search?ss=1&in_iframe=1	2	2026-09-28T10:44:48.677Z
icims	https://careers-ausley.icims.com/jobs/search?ss=1&in_iframe=1	2	2026-09-28T10:44:48.706Z
icims	https://careers-australia-diamondoffshore.icims.com/jobs/search?ss=1&in_iframe=1	1	2026-09-28T10:41:54.452Z
icims	https://careers-auw.icims.com/jobs/search?ss=1&in_iframe=1	2	2026-09-28T10:44:49.234Z
icims	https://careers-avalonbay.icims.com/jobs/search?ss=1&in_iframe=1	1	2026-09-28T10:41:56.260Z
icims	https://careers-avconinc.icims.com/jobs/search?ss=1&in_iframe=1	2	2026-09-28T10:44:49.894Z
icims	https://careers-aviacode.icims.com/jobs/search?ss=1&in_iframe=1	2	2026-09-28T10:44:49.823Z
icims	https://careers-avineon.icims.com/jobs/search?ss=1&in_iframe=1	2	2026-09-28T10:44:51.186Z
icims	https://careers-avosys.icims.com/jobs/search?ss=1&in_iframe=1	2	2026-09-28T10:44:51.631Z
icims	https://careers-aximgeo.icims.com/jobs/search?ss=1&in_iframe=1	2	2026-09-28T10:44:52.174Z
icims	https://careers-axispointhealth.icims.com/jobs/search?ss=1&in_iframe=1	2	2026-09-28T10:44:52.865Z
icims	https://careers-axleinfo.icims.com/jobs/search?ss=1&in_iframe=1	1	2026-09-28T10:42:02.029Z
icims	https://careers-axosbank.icims.com/jobs/search?ss=1&in_iframe=1	2	2026-09-28T10:44:52.961Z
icims	https://careers-b2econsulting.icims.com/jobs/search?ss=1&in_iframe=1	2	2026-09-28T10:44:53.516Z
icims	https://careers-bailiwick.icims.com/jobs/search?ss=1&in_iframe=1	1	2026-09-28T10:42:05.240Z
icims	https://careers-bain.icims.com/jobs/search?ss=1&in_iframe=1	1	2026-09-28T10:42:05.524Z
icims	https://careers-balglobal.icims.com/jobs/search?ss=1&in_iframe=1	1	2026-09-28T10:42:06.820Z
icims	https://careers-bamsi.icims.com/jobs/search?ss=1&in_iframe=1	2	2026-09-28T10:44:53.540Z
icims	https://careers-bancofcalifornia.icims.com/jobs/search?ss=1&in_iframe=1	2	2026-09-28T10:44:53.768Z
icims	https://careers-bandwidth.icims.com/jobs/search?ss=1&in_iframe=1	2	2026-09-28T10:44:54.268Z
icims	https://careers-bannerhealth.icims.com/jobs/search?ss=1&in_iframe=1	1	2026-09-28T10:42:08.803Z
icims	https://careers-barnett-waddingham.icims.com/jobs/search?ss=1&in_iframe=1	2	2026-09-28T10:44:56.850Z
icims	https://careers-barrows-pt-tpgpt.icims.com/jobs/search?ss=1&in_iframe=1	1	2026-09-28T10:42:11.359Z
icims	https://careers-bauschhealth.icims.com/jobs/search?ss=1&in_iframe=1	1	2026-09-28T10:42:12.345Z
icims	https://careers-bayada.icims.com/jobs/search?ss=1&in_iframe=1	2	2026-09-28T10:44:59.584Z
icims	https://careers-bazaarvoice.icims.com/jobs/search?ss=1&in_iframe=1	2	2026-09-28T10:45:01.266Z
icims	https://careers-bazooka.icims.com/jobs/search?ss=1&in_iframe=1	2	2026-09-28T10:45:01.157Z
icims	https://careers-bbvacompass.icims.com/jobs/search?ss=1&in_iframe=1	2	2026-09-28T10:45:02.162Z
icims	https://careers-bc.icims.com/jobs/search?ss=1&in_iframe=1	2	2026-09-28T10:45:02.196Z
icims	https://careers-bcbsa.icims.com/jobs/search?ss=1&in_iframe=1	2	2026-09-28T10:45:02.471Z
icims	https://careers-bdcblueprint.icims.com/jobs/search?ss=1&in_iframe=1	2	2026-09-28T10:45:02.719Z
icims	https://careers-bdconnect.icims.com/jobs/search?ss=1&in_iframe=1	2	2026-09-28T10:45:04.394Z
icims	https://careers-bdocampusen-bdo.icims.com/jobs/search?ss=1&in_iframe=1	1	2026-09-28T10:42:17.949Z
icims	https://careers-bdtherapeutics.icims.com/jobs/search?ss=1&in_iframe=1	2	2026-09-28T10:45:05.983Z
icims	https://careers-beachbody.icims.com/jobs/search?ss=1&in_iframe=1	2	2026-09-28T10:45:04.092Z
icims	https://careers-beachcities-learnbehavioral.icims.com/jobs/search?ss=1&in_iframe=1	1	2026-09-28T10:42:19.901Z
icims	https://careers-beallsdeptstores-bealls.icims.com/jobs/search?ss=1&in_iframe=1	1	2026-09-28T10:42:20.171Z
icims	https://careers-belterraandameristarsckc.icims.com/jobs/search?ss=1&in_iframe=1	2	2026-09-28T10:45:05.728Z
icims	https://careers-bennettaerospace.icims.com/jobs/search?ss=1&in_iframe=1	1	2026-09-28T10:42:24.377Z
icims	https://careers-beringstraits.icims.com/jobs/search?ss=1&in_iframe=1	2	2026-09-28T10:45:07.889Z
icims	https://careers-berryglobal.icims.com/jobs/search?ss=1&in_iframe=1	2	2026-09-28T10:45:08.158Z
icims	https://careers-bertrandt.icims.com/jobs/search?ss=1&in_iframe=1	1	2026-09-28T10:42:27.164Z
icims	https://careers-bet-viacom.icims.com/jobs/search?ss=1&in_iframe=1	1	2026-09-28T10:42:27.844Z
icims	https://careers-bethel.icims.com/jobs/search?ss=1&in_iframe=1	1	2026-09-28T10:42:28.116Z
icims	https://careers-bettendorf.icims.com/jobs/search?ss=1&in_iframe=1	2	2026-09-28T10:45:08.743Z
icims	https://careers-bettercare.icims.com/jobs/search?ss=1&in_iframe=1	2	2026-09-28T10:45:09.541Z
icims	https://careers-bfc.icims.com/jobs/search?ss=1&in_iframe=1	1	2026-09-28T10:42:30.111Z
icims	https://careers-bfshospitalitygroup.icims.com/jobs/search?ss=1&in_iframe=1	2	2026-09-28T10:45:10.939Z
icims	https://careers-bi.icims.com/jobs/search?ss=1&in_iframe=1	1	2026-09-28T10:42:32.482Z
icims	https://careers-bibibop-charleys.icims.com/jobs/search?ss=1&in_iframe=1	1	2026-09-28T10:42:33.271Z
icims	https://careers-binghammemorial.icims.com/jobs/search?ss=1&in_iframe=1	1	2026-09-28T10:42:33.916Z
icims	https://careers-biolumina.icims.com/jobs/search?ss=1&in_iframe=1	2	2026-09-28T10:45:11.274Z
icims	https://careers-bioreference.icims.com/jobs/search?ss=1&in_iframe=1	2	2026-09-28T10:45:11.683Z
icims	https://careers-birksenglish.icims.com/jobs/search?ss=1&in_iframe=1	2	2026-09-28T10:45:11.937Z
icims	https://careers-bixproduce.icims.com/jobs/search?ss=1&in_iframe=1	2	2026-09-28T10:45:11.627Z
icims	https://careers-bkd.icims.com/jobs/search?ss=1&in_iframe=1	1	2026-09-28T10:42:37.542Z
icims	https://careers-blackbox.icims.com/jobs/search?ss=1&in_iframe=1	2	2026-09-28T10:45:12.591Z
icims	https://careers-blackhillstrucking.icims.com/jobs/search?ss=1&in_iframe=1	2	2026-09-28T10:45:12.480Z
icims	https://careers-bluehalo.icims.com/jobs/search?ss=1&in_iframe=1	2	2026-09-28T10:45:13.462Z
icims	https://careers-bluekai.icims.com/jobs/search?ss=1&in_iframe=1	2	2026-09-28T10:45:14.375Z
icims	https://careers-blueorigin.icims.com/jobs/search?ss=1&in_iframe=1	2	2026-09-28T10:45:14.381Z
icims	https://careers-blueprintschools.icims.com/jobs/search?ss=1&in_iframe=1	1	2026-09-28T10:42:42.979Z
icims	https://careers-blueskytherapy-et.icims.com/jobs/search?ss=1&in_iframe=1	1	2026-09-28T10:42:43.237Z
icims	https://careers-bluesushisakegrill-flagshiprestaurantgroup.icims.com/jobs/search?ss=1&in_iframe=1	1	2026-09-28T10:42:43.486Z
icims	https://careers-bmhcc.icims.com/jobs/search?ss=1&in_iframe=1	2	2026-09-28T10:45:15.766Z
icims	https://careers-bmj.icims.com/jobs/search?ss=1&in_iframe=1	2	2026-09-28T10:45:15.912Z
icims	https://careers-bobsredmill.icims.com/jobs/search?ss=1&in_iframe=1	2	2026-09-28T10:45:16.905Z
icims	https://careers-body-central-tpgpt.icims.com/jobs/search?ss=1&in_iframe=1	1	2026-09-28T10:42:46.355Z
icims	https://careers-bohlereng.icims.com/jobs/search?ss=1&in_iframe=1	2	2026-09-28T10:45:17.144Z
icims	https://careers-bonton.icims.com/jobs/search?ss=1&in_iframe=1	1	2026-09-28T10:42:47.378Z
icims	https://careers-boon.icims.com/jobs/search?ss=1&in_iframe=1	2	2026-09-28T10:45:17.531Z
icims	https://careers-bossecurity.icims.com/jobs/search?ss=1&in_iframe=1	1	2026-09-28T10:42:48.846Z
icims	https://careers-bostonredevelopmentauthority.icims.com/jobs/search?ss=1&in_iframe=1	2	2026-09-28T10:45:18.517Z
icims	https://careers-bpda.icims.com/jobs/search?ss=1&in_iframe=1	2	2026-09-28T10:45:19.165Z
icims	https://careers-bpmionline.icims.com/jobs/search?ss=1&in_iframe=1	2	2026-09-28T10:45:19.202Z
icims	https://careers-br-amazon.icims.com/jobs/search?ss=1&in_iframe=1	1	2026-09-28T10:42:52.200Z
icims	https://careers-brampton.icims.com/jobs/search?ss=1&in_iframe=1	1	2026-09-28T10:45:19.888Z
icims	https://careers-brandinghub-amcor.icims.com/jobs/search?ss=1&in_iframe=1	1	2026-09-28T10:42:53.519Z
icims	https://careers-brandinghub-berryglobal.icims.com/jobs/search?ss=1&in_iframe=1	1	2026-09-28T10:42:53.927Z
icims	https://careers-brandywinerealty.icims.com/jobs/search?ss=1&in_iframe=1	2	2026-09-28T10:45:20.143Z
icims	https://careers-brasil-bridgestone.icims.com/jobs/search?ss=1&in_iframe=1	1	2026-09-28T10:42:54.945Z
icims	https://careers-braums.icims.com/jobs/search?ss=1&in_iframe=1	2	2026-09-28T10:45:20.409Z
icims	https://careers-braunelec.icims.com/jobs/search?ss=1&in_iframe=1	2	2026-09-28T10:45:20.535Z
icims	https://careers-brayleino.icims.com/jobs/search?ss=1&in_iframe=1	1	2026-09-28T10:42:55.853Z
icims	https://careers-brayleinoevents.icims.com/jobs/search?ss=1&in_iframe=1	2	2026-09-28T10:45:20.675Z
icims	https://careers-breakthrubev.icims.com/jobs/search?ss=1&in_iframe=1	2	2026-09-28T10:45:20.872Z
icims	https://careers-brentwoodsprings.icims.com/jobs/search?ss=1&in_iframe=1	2	2026-09-28T10:45:21.132Z
icims	https://careers-brhealth.icims.com/jobs/search?ss=1&in_iframe=1	1	2026-09-28T10:42:57.664Z
icims	https://careers-bridgeig.icims.com/jobs/search?ss=1&in_iframe=1	2	2026-09-28T10:45:21.450Z
icims	https://careers-bridgerpipeline.icims.com/jobs/search?ss=1&in_iframe=1	2	2026-09-28T10:45:21.811Z
icims	https://careers-bridgeway-affinityhospice.icims.com/jobs/search?ss=1&in_iframe=1	1	2026-09-28T10:42:59.691Z
icims	https://careers-brightonhouseassociates.icims.com/jobs/search?ss=1&in_iframe=1	2	2026-09-28T10:45:22.480Z
icims	https://careers-britishgovernment-northamerica.icims.com/jobs/search?ss=1&in_iframe=1	2	2026-09-28T10:45:23.092Z
icims	https://careers-broad-path.icims.com/jobs/search?ss=1&in_iframe=1	2	2026-09-28T10:45:23.444Z
icims	https://careers-bronto.icims.com/jobs/search?ss=1&in_iframe=1	2	2026-09-28T10:45:23.672Z
icims	https://careers-bronxdefenders.icims.com/jobs/search?ss=1&in_iframe=1	2	2026-09-28T10:45:24.075Z
icims	https://careers-brookdale.icims.com/jobs/search?ss=1&in_iframe=1	1	2026-09-28T10:43:02.673Z
icims	https://careers-brookfieldpropertiesretail.icims.com/jobs/search?ss=1&in_iframe=1	2	2026-09-28T10:45:24.939Z
icims	https://careers-brooksrehab.icims.com/jobs/search?ss=1&in_iframe=1	2	2026-09-28T10:45:24.700Z
icims	https://careers-brph.icims.com/jobs/search?ss=1&in_iframe=1	2	2026-09-28T10:45:25.280Z
icims	https://careers-brtrc.icims.com/jobs/search?ss=1&in_iframe=1	2	2026-09-28T10:45:26.246Z
icims	https://careers-bsigroup.icims.com/jobs/search?ss=1&in_iframe=1	1	2026-09-28T10:43:08.716Z
icims	https://careers-btt-socialsolutionsglobal.icims.com/jobs/search?ss=1&in_iframe=1	1	2026-09-28T10:43:08.672Z
icims	https://careers-buck.icims.com/jobs/search?ss=1&in_iframe=1	2	2026-09-28T10:45:27.296Z
icims	https://careers-bucks.icims.com/jobs/search?ss=1&in_iframe=1	2	2026-09-28T10:45:28.220Z
icims	https://careers-buffalolodging.icims.com/jobs/search?ss=1&in_iframe=1	2	2026-09-28T10:45:28.913Z
icims	https://careers-ca-fr.icims.com/jobs/search?ss=1&in_iframe=1	1	2026-09-28T10:43:14.785Z
icims	https://careers-cachecreek.icims.com/jobs/search?ss=1&in_iframe=1	2	2026-09-28T10:45:30.404Z
icims	https://careers-caleres.icims.com/jobs/search?ss=1&in_iframe=1	2	2026-09-28T10:45:31.995Z
icims	https://careers-californiacreditunion.icims.com/jobs/search?ss=1&in_iframe=1	2	2026-09-28T10:45:31.905Z
icims	https://careers-cambiahealth.icims.com/jobs/search?ss=1&in_iframe=1	2	2026-09-28T10:45:34.680Z
icims	https://careers-cambro.icims.com/jobs/search?ss=1&in_iframe=1	1	2026-09-28T10:43:24.269Z
icims	https://careers-caminonuevo.icims.com/jobs/search?ss=1&in_iframe=1	1	2026-09-28T10:43:24.604Z
icims	https://careers-camp-galileo.icims.com/jobs/search?ss=1&in_iframe=1	1	2026-09-28T10:43:24.420Z
icims	https://careers-campus-dhg.icims.com/jobs/search?ss=1&in_iframe=1	1	2026-09-28T10:43:25.576Z
icims	https://careers-campus-digitas.icims.com/jobs/search?ss=1&in_iframe=1	1	2026-09-28T10:43:26.244Z
icims	https://careers-campus-wipro.icims.com/jobs/search?ss=1&in_iframe=1	1	2026-09-28T10:43:29.303Z
icims	https://careers-campusconfidential-wipro.icims.com/jobs/search?ss=1&in_iframe=1	1	2026-09-28T10:43:29.986Z
icims	https://careers-campustocareer-viacom.icims.com/jobs/search?ss=1&in_iframe=1	1	2026-09-28T10:43:30.313Z
icims	https://careers-campustocareer-viacomcbs.icims.com/jobs/search?ss=1&in_iframe=1	1	2026-09-28T10:43:30.286Z
icims	https://careers-camris.icims.com/jobs/search?ss=1&in_iframe=1	2	2026-09-28T10:45:34.926Z
icims	https://careers-can-ensignenergy.icims.com/jobs/search?ss=1&in_iframe=1	1	2026-09-28T10:43:30.988Z
icims	https://careers-canada-breakthrubev.icims.com/jobs/search?ss=1&in_iframe=1	1	2026-09-28T10:43:31.313Z
icims	https://careers-canada-crawco.icims.com/jobs/search?ss=1&in_iframe=1	1	2026-09-28T10:43:34.471Z
icims	https://careers-canada-dentsuaegisnetwork.icims.com/jobs/search?ss=1&in_iframe=1	1	2026-09-28T10:43:34.759Z
icims	https://careers-canada-hardrock.icims.com/jobs/search?ss=1&in_iframe=1	1	2026-09-28T10:43:36.084Z
icims	https://careers-canada-idg.icims.com/jobs/search?ss=1&in_iframe=1	1	2026-09-28T10:43:35.982Z
icims	https://careers-canada-parivedasolutions.icims.com/jobs/search?ss=1&in_iframe=1	2	2026-09-28T10:45:35.533Z
icims	https://careers-canada-weir.icims.com/jobs/search?ss=1&in_iframe=1	1	2026-09-28T10:43:37.925Z
icims	https://careers-canadalife.icims.com/jobs/search?ss=1&in_iframe=1	2	2026-09-28T10:45:36.194Z
icims	https://careers-canalbarge.icims.com/jobs/search?ss=1&in_iframe=1	2	2026-09-28T10:45:36.632Z
icims	https://careers-canalrivertrust.icims.com/jobs/search?ss=1&in_iframe=1	2	2026-09-28T10:45:36.474Z
icims	https://careers-canoo.icims.com/jobs/search?ss=1&in_iframe=1	2	2026-09-28T10:45:36.746Z
icims	https://careers-cantelmedical.icims.com/jobs/search?ss=1&in_iframe=1	1	2026-09-28T10:43:44.149Z
icims	https://careers-capcom.icims.com/jobs/search?ss=1&in_iframe=1	1	2026-09-28T10:43:45.154Z
icims	https://careers-capitalcaring.icims.com/jobs/search?ss=1&in_iframe=1	1	2026-09-28T10:43:45.522Z
icims	https://careers-capstone.icims.com/jobs/search?ss=1&in_iframe=1	1	2026-09-28T10:43:46.679Z
icims	https://careers-capstrat-ketchum.icims.com/jobs/search?ss=1&in_iframe=1	1	2026-09-28T10:43:47.010Z
icims	https://careers-carbery.icims.com/jobs/search?ss=1&in_iframe=1	2	2026-09-28T10:45:39.895Z
icims	https://careers-carbonlighthouse.icims.com/jobs/search?ss=1&in_iframe=1	2	2026-09-28T10:45:39.628Z
icims	https://careers-cardiacscience.icims.com/jobs/search?ss=1&in_iframe=1	1	2026-09-28T10:43:48.337Z
icims	https://careers-cardlytics.icims.com/jobs/search?ss=1&in_iframe=1	2	2026-09-28T10:45:39.701Z
icims	https://careers-care-one.icims.com/jobs/search?ss=1&in_iframe=1	2	2026-09-28T10:45:40.270Z
icims	https://careers-career-accesslimited.icims.com/jobs/search?ss=1&in_iframe=1	1	2026-09-28T10:43:48.910Z
icims	https://careers-career-amys.icims.com/jobs/search?ss=1&in_iframe=1	1	2026-09-28T10:43:49.090Z
icims	https://careers-career-discovery-intl.icims.com/jobs/search?ss=1&in_iframe=1	1	2026-09-28T10:43:50.733Z
icims	https://careers-careerchoice-concentra.icims.com/jobs/search?ss=1&in_iframe=1	1	2026-09-28T10:43:52.859Z
icims	https://careers-careerconnections-devryeducationgroup.icims.com/jobs/search?ss=1&in_iframe=1	1	2026-09-28T10:43:53.153Z
icims	https://careers-caremedical.icims.com/jobs/search?ss=1&in_iframe=1	2	2026-09-28T13:59:10.837Z
icims	https://careers-carillonassistedliving.icims.com/jobs/search?ss=1&in_iframe=1	1	2026-09-28T13:59:12.286Z
icims	https://careers-carishealthcare.icims.com/jobs/search?ss=1&in_iframe=1	2	2026-09-28T13:59:14.674Z
icims	https://careers-carreiras-fooddeliverybrands.icims.com/jobs/search?ss=1&in_iframe=1	1	2026-09-28T13:59:18.502Z
icims	https://careers-carreras-anaco-husky.icims.com/jobs/search?ss=1&in_iframe=1	1	2026-09-28T13:59:17.310Z
icims	https://careers-carreras-fooddeliverybrands.icims.com/jobs/search?ss=1&in_iframe=1	1	2026-09-28T13:59:19.205Z
icims	https://careers-carrieres-mutuelledesmotards.icims.com/jobs/search?ss=1&in_iframe=1	1	2026-09-28T13:59:24.249Z
icims	https://careers-carringtoncollege-devry.icims.com/jobs/search?ss=1&in_iframe=1	1	2026-09-28T13:59:26.629Z
icims	https://careers-carrolltonsprings.icims.com/jobs/search?ss=1&in_iframe=1	2	2026-09-28T13:59:26.116Z
icims	https://careers-carwash.icims.com/jobs/search?ss=1&in_iframe=1	1	2026-09-28T13:59:26.749Z
icims	https://careers-castaliasystems.icims.com/jobs/search?ss=1&in_iframe=1	2	2026-09-28T13:59:28.967Z
icims	https://careers-catamaran.icims.com/jobs/search?ss=1&in_iframe=1	1	2026-09-28T13:59:30.847Z
icims	https://careers-catapult.icims.com/jobs/search?ss=1&in_iframe=1	2	2026-09-28T13:59:29.774Z
icims	https://careers-causeofaction.icims.com/jobs/search?ss=1&in_iframe=1	1	2026-09-28T13:59:30.565Z
icims	https://careers-cbaia.icims.com/jobs/search?ss=1&in_iframe=1	1	2026-09-28T13:59:31.720Z
icims	https://careers-ccchub-tycoelectronics.icims.com/jobs/search?ss=1&in_iframe=1	1	2026-09-28T13:59:34.943Z
icims	https://careers-ccpolymersllc.icims.com/jobs/search?ss=1&in_iframe=1	2	2026-09-28T13:59:36.463Z
icims	https://careers-cdi.icims.com/jobs/search?ss=1&in_iframe=1	2	2026-09-28T13:59:42.069Z
icims	https://careers-cdmbarcelona.icims.com/jobs/search?ss=1&in_iframe=1	2	2026-09-28T13:59:42.035Z
icims	https://careers-cdncontrols.icims.com/jobs/search?ss=1&in_iframe=1	2	2026-09-28T13:59:42.914Z
icims	https://careers-cellsignal.icims.com/jobs/search?ss=1&in_iframe=1	1	2026-09-28T13:59:44.315Z
icims	https://careers-cengage.icims.com/jobs/search?ss=1&in_iframe=1	2	2026-09-28T13:59:45.395Z
icims	https://careers-cepheid.icims.com/jobs/search?ss=1&in_iframe=1	1	2026-09-28T13:59:49.757Z
icims	https://careers-cesco.icims.com/jobs/search?ss=1&in_iframe=1	1	2026-09-28T13:59:49.427Z
icims	https://careers-cf.icims.com/jobs/search?ss=1&in_iframe=1	2	2026-09-28T13:59:50.242Z
icims	https://careers-cfghealthnetwork.icims.com/jobs/search?ss=1&in_iframe=1	2	2026-09-28T13:59:51.887Z
icims	https://careers-chainelectric.icims.com/jobs/search?ss=1&in_iframe=1	1	2026-09-28T13:59:56.462Z
icims	https://careers-chamberlain-atge.icims.com/jobs/search?ss=1&in_iframe=1	1	2026-09-28T13:59:59.844Z
icims	https://careers-chamberlain-devry.icims.com/jobs/search?ss=1&in_iframe=1	1	2026-09-28T13:59:56.700Z
icims	https://careers-charliesproduce.icims.com/jobs/search?ss=1&in_iframe=1	2	2026-09-28T14:00:03.807Z
icims	https://careers-chcjobs.icims.com/jobs/search?ss=1&in_iframe=1	1	2026-09-28T14:00:03.623Z
icims	https://careers-chesbank.icims.com/jobs/search?ss=1&in_iframe=1	2	2026-09-28T14:00:05.217Z
icims	https://careers-cheservices.icims.com/jobs/search?ss=1&in_iframe=1	2	2026-09-28T14:00:04.640Z
icims	https://careers-chghealthcare.icims.com/jobs/search?ss=1&in_iframe=1	2	2026-09-28T14:00:07.069Z
icims	https://careers-childcarenetwork.icims.com/jobs/search?ss=1&in_iframe=1	2	2026-09-28T14:00:07.170Z
icims	https://careers1-nutrien.icims.com/jobs/search?ss=1&in_iframe=1	1	2026-09-28T13:58:16.694Z
icims	https://careers2-advancedrecoverysystems.icims.com/jobs/search?ss=1&in_iframe=1	1	2026-09-28T13:58:17.280Z
icims	https://careers2-buck.icims.com/jobs/search?ss=1&in_iframe=1	1	2026-09-28T13:58:17.895Z
icims	https://careers2-counterpart.icims.com/jobs/search?ss=1&in_iframe=1	1	2026-09-28T13:58:20.730Z
icims	https://careers2-crcna.icims.com/jobs/search?ss=1&in_iframe=1	1	2026-09-28T13:58:22.806Z
icims	https://careers2-energus.icims.com/jobs/search?ss=1&in_iframe=1	1	2026-09-28T13:58:21.369Z
icims	https://careers2-frost.icims.com/jobs/search?ss=1&in_iframe=1	1	2026-09-28T13:58:20.838Z
icims	https://careers2-ibtci.icims.com/jobs/search?ss=1&in_iframe=1	1	2026-09-28T13:58:22.446Z
icims	https://careers2-knipper.icims.com/jobs/search?ss=1&in_iframe=1	1	2026-09-28T13:58:22.750Z
icims	https://careers2-multiquip.icims.com/jobs/search?ss=1&in_iframe=1	1	2026-09-28T13:58:23.003Z
icims	https://careers2-sothebys.icims.com/jobs/search?ss=1&in_iframe=1	1	2026-09-28T13:58:25.192Z
icims	https://careers2-teamschostak.icims.com/jobs/search?ss=1&in_iframe=1	1	2026-09-28T13:58:25.905Z
icims	https://careers2-tribune.icims.com/jobs/search?ss=1&in_iframe=1	1	2026-09-28T13:58:28.224Z
icims	https://careers3-buck.icims.com/jobs/search?ss=1&in_iframe=1	1	2026-09-28T13:58:29.184Z
icims	https://careers3-elevateservices.icims.com/jobs/search?ss=1&in_iframe=1	1	2026-09-28T13:58:29.685Z
icims	https://careers3-frost.icims.com/jobs/search?ss=1&in_iframe=1	1	2026-09-28T13:58:29.784Z
icims	https://careers3-tribune.icims.com/jobs/search?ss=1&in_iframe=1	1	2026-09-28T13:58:31.941Z
icims	https://careers4-frost.icims.com/jobs/search?ss=1&in_iframe=1	1	2026-09-28T13:58:32.553Z
icims	https://careers5-frost.icims.com/jobs/search?ss=1&in_iframe=1	1	2026-09-28T13:58:34.214Z
icims	https://careersapac-curriebrown.icims.com/jobs/search?ss=1&in_iframe=1	1	2026-09-28T13:58:36.207Z
icims	https://careersca-ppm.icims.com/jobs/search?ss=1&in_iframe=1	1	2026-09-28T13:58:37.262Z
icims	https://careerscanada-intrawest.icims.com/jobs/search?ss=1&in_iframe=1	1	2026-09-28T13:58:37.867Z
icims	https://careersde-leyton.icims.com/jobs/search?ss=1&in_iframe=1	1	2026-09-28T13:58:37.566Z
icims	https://careersen-accreon.icims.com/jobs/search?ss=1&in_iframe=1	1	2026-09-28T13:58:39.711Z
icims	https://careersen-apotex.icims.com/jobs/search?ss=1&in_iframe=1	1	2026-09-28T13:58:39.855Z
icims	https://careersen-bdo.icims.com/jobs/search?ss=1&in_iframe=1	1	2026-09-28T13:58:39.639Z
icims	https://careersen-bentosushi.icims.com/jobs/search?ss=1&in_iframe=1	1	2026-09-28T13:58:40.231Z
icims	https://careersen-cara.icims.com/jobs/search?ss=1&in_iframe=1	1	2026-09-28T13:58:40.243Z
icims	https://careersen-clearstreamenergy.icims.com/jobs/search?ss=1&in_iframe=1	1	2026-09-28T13:58:39.202Z
icims	https://careersen-dynacare.icims.com/jobs/search?ss=1&in_iframe=1	1	2026-09-28T13:58:42.709Z
icims	https://careersen-hondacanada.icims.com/jobs/search?ss=1&in_iframe=1	1	2026-09-28T13:58:42.083Z
icims	https://careersen-lsuc.icims.com/jobs/search?ss=1&in_iframe=1	1	2026-09-28T13:58:45.542Z
icims	https://careersen-maple.icims.com/jobs/search?ss=1&in_iframe=1	1	2026-09-28T13:58:44.108Z
icims	https://careersen-metroland.icims.com/jobs/search?ss=1&in_iframe=1	1	2026-09-28T13:58:45.260Z
icims	https://careersen-pythian.icims.com/jobs/search?ss=1&in_iframe=1	1	2026-09-28T13:58:43.504Z
icims	https://careersen-recipeunlimited.icims.com/jobs/search?ss=1&in_iframe=1	1	2026-09-28T13:58:45.321Z
icims	https://careersen-trilliumhealthpartners.icims.com/jobs/search?ss=1&in_iframe=1	1	2026-09-28T13:58:45.132Z
icims	https://careersen-tvo.icims.com/jobs/search?ss=1&in_iframe=1	1	2026-09-28T13:58:48.056Z
icims	https://careersen-urban-systems.icims.com/jobs/search?ss=1&in_iframe=1	1	2026-09-28T13:58:45.698Z
icims	https://careersenglish-astronova.icims.com/jobs/search?ss=1&in_iframe=1	1	2026-09-28T13:58:48.598Z
icims	https://careersenushr-rehau.icims.com/jobs/search?ss=1&in_iframe=1	1	2026-09-28T13:58:48.336Z
icims	https://careersesp-installed.icims.com/jobs/search?ss=1&in_iframe=1	1	2026-09-28T13:58:48.875Z
icims	https://careerseurope-curriebrown.icims.com/jobs/search?ss=1&in_iframe=1	1	2026-09-28T13:58:49.241Z
icims	https://careersfr-leyton.icims.com/jobs/search?ss=1&in_iframe=1	1	2026-09-28T13:58:51.005Z
icims	https://careersfr-naturalizer.icims.com/jobs/search?ss=1&in_iframe=1	1	2026-09-28T13:58:52.288Z
icims	https://careersfr-nordia.icims.com/jobs/search?ss=1&in_iframe=1	1	2026-09-28T13:58:51.948Z
icims	https://careershub-altria.icims.com/jobs/search?ss=1&in_iframe=1	1	2026-09-28T13:58:53.647Z
icims	https://careershub-dotfoods.icims.com/jobs/search?ss=1&in_iframe=1	1	2026-09-28T13:58:54.006Z
icims	https://careershub-hooters.icims.com/jobs/search?ss=1&in_iframe=1	1	2026-09-28T13:58:54.351Z
icims	https://careershub-scottishgovernment.icims.com/jobs/search?ss=1&in_iframe=1	1	2026-09-28T13:58:55.018Z
icims	https://careersind-concentrixcatalyst.icims.com/jobs/search?ss=1&in_iframe=1	1	2026-09-28T13:58:55.579Z
icims	https://careersind-pkglobal.icims.com/jobs/search?ss=1&in_iframe=1	1	2026-09-28T13:58:55.212Z
icims	https://careersindia-hexagon.icims.com/jobs/search?ss=1&in_iframe=1	1	2026-09-28T13:58:55.907Z
icims	https://careersjp-intergraph.icims.com/jobs/search?ss=1&in_iframe=1	1	2026-09-28T13:58:58.441Z
icims	https://careerslta-apollo.icims.com/jobs/search?ss=1&in_iframe=1	1	2026-09-28T13:58:58.388Z
icims	https://careersmenaindia-curriebrown.icims.com/jobs/search?ss=1&in_iframe=1	1	2026-09-28T13:58:59.671Z
icims	https://careersmwdh2o.icims.com/jobs/search?ss=1&in_iframe=1	1	2026-09-28T13:59:00.293Z
icims	https://careersni-lookersplc.icims.com/jobs/search?ss=1&in_iframe=1	1	2026-09-28T13:59:00.182Z
icims	https://careersraycommedia.icims.com/jobs/search?ss=1&in_iframe=1	1	2026-09-28T13:59:00.844Z
icims	https://careersrow-sage.icims.com/jobs/search?ss=1&in_iframe=1	1	2026-09-28T13:59:03.280Z
icims	https://careersse-leyton.icims.com/jobs/search?ss=1&in_iframe=1	1	2026-09-28T13:59:03.121Z
icims	https://careerssp-unicomer.icims.com/jobs/search?ss=1&in_iframe=1	1	2026-09-28T13:59:04.044Z
icims	https://careersus-concentrixcatalyst.icims.com/jobs/search?ss=1&in_iframe=1	1	2026-09-28T13:59:05.599Z
icims	https://careersus-hexagon.icims.com/jobs/search?ss=1&in_iframe=1	1	2026-09-28T13:59:10.683Z
icims	https://careersus-thingsremembered.icims.com/jobs/search?ss=1&in_iframe=1	1	2026-09-28T13:59:08.173Z
icims	https://careersvri.icims.com/jobs/search?ss=1&in_iframe=1	1	2026-09-28T13:59:11.249Z
lever	https://jobs.lever.co/10up-2	1	2026-09-28T08:23:35.740Z
lever	https://jobs.lever.co/174powerglobal	1	2026-09-28T08:23:35.714Z
lever	https://jobs.lever.co/1776	1	2026-09-28T08:23:35.710Z
lever	https://jobs.lever.co/18c	1	2026-09-28T08:23:35.706Z
lever	https://jobs.lever.co/1910genetics	1	2026-09-28T08:23:35.225Z
lever	https://jobs.lever.co/1password	1	2026-09-28T08:23:36.148Z
lever	https://jobs.lever.co/21	1	2026-09-28T08:23:36.159Z
lever	https://jobs.lever.co/2a	1	2026-09-28T08:23:36.160Z
lever	https://jobs.lever.co/3box	1	2026-09-28T08:23:37.665Z
lever	https://jobs.lever.co/3dhubs	1	2026-09-28T08:23:36.680Z
lever	https://jobs.lever.co/3xmgroup	1	2026-09-28T08:23:37.513Z
lever	https://jobs.lever.co/42dot	1	2026-09-28T08:23:37.541Z
lever	https://jobs.lever.co/4mation	1	2026-09-28T08:23:39.676Z
lever	https://jobs.lever.co/4sightsupplychain	1	2026-09-28T08:23:37.936Z
lever	https://jobs.lever.co/500	1	2026-09-28T08:23:38.276Z
lever	https://jobs.lever.co/522productions	1	2026-09-28T08:23:38.598Z
lever	https://jobs.lever.co/54collective	1	2026-09-28T08:23:38.591Z
lever	https://jobs.lever.co/5wpr	1	2026-09-28T08:23:39.678Z
lever	https://jobs.lever.co/5xdata	1	2026-09-28T08:23:39.964Z
lever	https://jobs.lever.co/7geese	1	2026-09-28T08:23:39.920Z
lever	https://jobs.lever.co/8thlight	1	2026-09-28T08:23:40.167Z
lever	https://jobs.lever.co/8x8	1	2026-09-28T08:23:40.212Z
lever	https://jobs.lever.co/99taxis	1	2026-09-28T08:23:40.541Z
lever	https://jobs.lever.co/abacus	1	2026-09-28T08:23:40.571Z
lever	https://jobs.lever.co/ablspacesystems	1	2026-09-28T08:23:41.015Z
lever	https://jobs.lever.co/abridge	1	2026-09-28T08:23:41.280Z
lever	https://jobs.lever.co/abtasty	1	2026-09-28T08:23:43.630Z
lever	https://jobs.lever.co/academia	1	2026-09-28T08:23:42.903Z
lever	https://jobs.lever.co/academy	1	2026-09-28T08:23:44.831Z
lever	https://jobs.lever.co/acala	1	2026-09-28T08:23:43.147Z
lever	https://jobs.lever.co/acast	1	2026-09-28T08:23:43.395Z
lever	https://jobs.lever.co/accesso	1	2026-09-28T08:23:43.874Z
lever	https://jobs.lever.co/accompanyhealth	1	2026-09-28T08:23:44.313Z
lever	https://jobs.lever.co/accrue	1	2026-09-28T08:23:48.028Z
lever	https://jobs.lever.co/acl	1	2026-09-28T08:23:48.244Z
lever	https://jobs.lever.co/aclaimant	1	2026-09-28T08:23:45.094Z
lever	https://jobs.lever.co/acpl	1	2026-09-28T08:23:45.280Z
lever	https://jobs.lever.co/act	1	2026-09-28T08:23:45.521Z
lever	https://jobs.lever.co/ad2games	1	2026-09-28T08:23:46.513Z
lever	https://jobs.lever.co/ada	1	2026-09-28T08:23:46.792Z
lever	https://jobs.lever.co/ada-diamonds	1	2026-09-28T08:23:47.098Z
lever	https://jobs.lever.co/adaptavist	1	2026-09-28T08:23:47.355Z
lever	https://jobs.lever.co/adcolony	1	2026-09-28T08:23:47.463Z
lever	https://jobs.lever.co/addx	1	2026-09-28T08:23:47.717Z
lever	https://jobs.lever.co/adeptailabs	1	2026-09-28T08:23:47.919Z
lever	https://jobs.lever.co/adthena	1	2026-09-28T08:23:48.297Z
lever	https://jobs.lever.co/advancednavigation	1	2026-09-28T08:23:48.531Z
lever	https://jobs.lever.co/aeler	1	2026-09-28T08:23:49.002Z
lever	https://jobs.lever.co/aerialapplications	1	2026-09-28T08:23:49.190Z
lever	https://jobs.lever.co/afarmedia	1	2026-09-28T08:23:49.433Z
lever	https://jobs.lever.co/affinity	1	2026-09-28T08:23:49.693Z
lever	https://jobs.lever.co/affirm	1	2026-09-28T08:23:49.798Z
lever	https://jobs.lever.co/afreshtechnologies	1	2026-09-28T08:23:49.933Z
lever	https://jobs.lever.co/afterpaytouch	1	2026-09-28T08:23:49.952Z
lever	https://jobs.lever.co/agentnoon	1	2026-09-28T08:23:50.203Z
lever	https://jobs.lever.co/agerpoint	1	2026-09-28T08:23:50.217Z
lever	https://jobs.lever.co/agilesearch	1	2026-09-28T08:23:51.992Z
lever	https://jobs.lever.co/agotai	1	2026-09-28T08:23:50.809Z
lever	https://jobs.lever.co/agreena	1	2026-09-28T08:23:50.975Z
lever	https://jobs.lever.co/aidaly	1	2026-09-28T08:23:51.899Z
lever	https://jobs.lever.co/aidash	1	2026-09-28T08:23:52.195Z
lever	https://jobs.lever.co/aifoundation	1	2026-09-28T08:23:52.295Z
lever	https://jobs.lever.co/aifund	1	2026-09-28T08:23:52.450Z
lever	https://jobs.lever.co/ailens	1	2026-09-28T08:23:52.585Z
lever	https://jobs.lever.co/aira	1	2026-09-28T08:23:52.960Z
lever	https://jobs.lever.co/airhouse	1	2026-09-28T08:23:54.763Z
lever	https://jobs.lever.co/airprotein	1	2026-09-28T08:23:55.018Z
lever	https://jobs.lever.co/airship	1	2026-09-28T08:23:55.106Z
lever	https://jobs.lever.co/airshipsyndicate	1	2026-09-28T08:23:55.285Z
lever	https://jobs.lever.co/airwallex	1	2026-09-28T08:23:55.540Z
lever	https://jobs.lever.co/akashnetwork	1	2026-09-28T08:23:57.149Z
lever	https://jobs.lever.co/akitasoftware	1	2026-09-28T08:23:57.145Z
lever	https://jobs.lever.co/alan	1	2026-09-28T08:23:57.171Z
lever	https://jobs.lever.co/alation	1	2026-09-28T08:23:57.230Z
lever	https://jobs.lever.co/albedo	1	2026-09-28T08:23:57.423Z
lever	https://jobs.lever.co/alchemy	1	2026-09-28T08:23:58.737Z
lever	https://jobs.lever.co/alcion	1	2026-09-28T08:23:57.441Z
lever	https://jobs.lever.co/aleysian	1	2026-09-28T08:23:58.515Z
lever	https://jobs.lever.co/algolia	1	2026-09-28T08:23:58.888Z
lever	https://jobs.lever.co/algotive	1	2026-09-28T08:23:59.474Z
lever	https://jobs.lever.co/alice	1	2026-09-28T08:23:59.353Z
lever	https://jobs.lever.co/alictus	1	2026-09-28T08:23:59.753Z
lever	https://jobs.lever.co/alida	1	2026-09-28T08:24:00.008Z
lever	https://jobs.lever.co/alignable	1	2026-09-28T08:24:01.200Z
lever	https://jobs.lever.co/alkymi	1	2026-09-28T08:24:02.446Z
lever	https://jobs.lever.co/allata	1	2026-09-28T08:24:02.515Z
lever	https://jobs.lever.co/allinbits	1	2026-09-28T08:24:04.111Z
lever	https://jobs.lever.co/allstripes	1	2026-09-28T08:24:04.354Z
lever	https://jobs.lever.co/allworknow	1	2026-09-28T08:24:04.801Z
lever	https://jobs.lever.co/alpineimmunesciences	1	2026-09-28T08:24:04.975Z
lever	https://jobs.lever.co/altoida	1	2026-09-28T08:24:05.327Z
lever	https://jobs.lever.co/altrio	1	2026-09-28T08:24:05.522Z
lever	https://jobs.lever.co/aluna	1	2026-09-28T08:24:05.575Z
lever	https://jobs.lever.co/amaro	1	2026-09-28T08:24:06.064Z
lever	https://jobs.lever.co/amaze	1	2026-09-28T08:24:06.078Z
lever	https://jobs.lever.co/amberbio	1	2026-09-28T08:24:06.081Z
lever	https://jobs.lever.co/ambercycle	1	2026-09-28T08:24:06.350Z
lever	https://jobs.lever.co/amberflo	1	2026-09-28T08:24:06.404Z
lever	https://jobs.lever.co/ambrook	1	2026-09-28T08:24:06.703Z
lever	https://jobs.lever.co/amerisave	1	2026-09-28T08:24:07.027Z
lever	https://jobs.lever.co/amiri	1	2026-09-28T08:24:07.026Z
lever	https://jobs.lever.co/amobee	1	2026-09-28T08:24:07.318Z
lever	https://jobs.lever.co/amplitude	1	2026-09-28T08:24:07.718Z
lever	https://jobs.lever.co/ams-corp	1	2026-09-28T08:24:07.969Z
lever	https://jobs.lever.co/amused-group	1	2026-09-28T08:24:08.385Z
lever	https://jobs.lever.co/amyris	1	2026-09-28T08:24:08.650Z
lever	https://jobs.lever.co/anagram	1	2026-09-28T08:24:09.056Z
lever	https://jobs.lever.co/analog	1	2026-09-28T08:24:09.330Z
lever	https://jobs.lever.co/analuisa	1	2026-09-28T08:24:09.636Z
lever	https://jobs.lever.co/ancestry	1	2026-09-28T08:24:10.127Z
lever	https://jobs.lever.co/anduril	1	2026-09-28T08:24:12.450Z
lever	https://jobs.lever.co/angaza	1	2026-09-28T08:24:12.721Z
lever	https://jobs.lever.co/angel	1	2026-09-28T08:24:12.978Z
lever	https://jobs.lever.co/anglehealth	1	2026-09-28T08:24:13.866Z
lever	https://jobs.lever.co/animaapp	1	2026-09-28T08:24:14.059Z
lever	https://jobs.lever.co/animaker	1	2026-09-28T08:24:14.444Z
lever	https://jobs.lever.co/animoto	1	2026-09-28T08:24:14.691Z
lever	https://jobs.lever.co/anjuna	1	2026-09-28T08:24:14.941Z
lever	https://jobs.lever.co/anlatan	1	2026-09-28T08:24:15.199Z
lever	https://jobs.lever.co/anomalo	1	2026-09-28T08:24:15.918Z
lever	https://jobs.lever.co/anovium	1	2026-09-28T08:24:15.783Z
lever	https://jobs.lever.co/anthropic	1	2026-09-28T08:24:16.444Z
lever	https://jobs.lever.co/anticapital	1	2026-09-28T08:24:16.545Z
lever	https://jobs.lever.co/antisocialsocialcapital	1	2026-09-28T08:24:16.717Z
lever	https://jobs.lever.co/anyperk	1	2026-09-28T08:24:16.970Z
lever	https://jobs.lever.co/anyroad	1	2026-09-28T08:24:17.233Z
lever	https://jobs.lever.co/anysignal	1	2026-09-28T08:24:17.713Z
lever	https://jobs.lever.co/anzen	1	2026-09-28T08:24:17.971Z
lever	https://jobs.lever.co/aon3d	1	2026-09-28T08:24:18.102Z
lever	https://jobs.lever.co/apartmentlife	1	2026-09-28T08:24:18.212Z
lever	https://jobs.lever.co/apartmentlist	1	2026-09-28T08:24:18.211Z
lever	https://jobs.lever.co/apdscorporate	1	2026-09-28T08:24:18.425Z
lever	https://jobs.lever.co/apex	1	2026-09-28T08:24:18.453Z
lever	https://jobs.lever.co/api-ux	1	2026-09-28T08:24:18.695Z
lever	https://jobs.lever.co/apible	1	2026-09-28T08:24:18.711Z
lever	https://jobs.lever.co/apogeetherapeutics	1	2026-09-28T08:24:18.934Z
lever	https://jobs.lever.co/apollo	1	2026-09-28T08:24:18.943Z
lever	https://jobs.lever.co/apollographql	1	2026-09-28T08:24:19.246Z
lever	https://jobs.lever.co/aposto	1	2026-09-28T08:24:19.408Z
lever	https://jobs.lever.co/appacademy	1	2026-09-28T08:24:19.481Z
lever	https://jobs.lever.co/appboxo	1	2026-09-28T08:24:19.496Z
lever	https://jobs.lever.co/apphub	1	2026-09-28T08:24:20.176Z
lever	https://jobs.lever.co/appliedminds	1	2026-09-28T08:24:20.434Z
lever	https://jobs.lever.co/applovin	1	2026-09-28T08:24:20.687Z
lever	https://jobs.lever.co/applyboard	1	2026-09-28T08:24:20.818Z
lever	https://jobs.lever.co/appsilon	1	2026-09-28T08:24:21.070Z
lever	https://jobs.lever.co/apptegy	1	2026-09-28T08:24:21.336Z
lever	https://jobs.lever.co/apptimize	1	2026-09-28T08:24:21.482Z
lever	https://jobs.lever.co/aprio	1	2026-09-28T08:24:21.789Z
lever	https://jobs.lever.co/apt-deco	1	2026-09-28T08:24:21.797Z
lever	https://jobs.lever.co/aptible	1	2026-09-28T08:24:21.798Z
lever	https://jobs.lever.co/aquicore	1	2026-09-28T08:24:22.056Z
lever	https://jobs.lever.co/arbol	1	2026-09-28T08:24:22.668Z
lever	https://jobs.lever.co/arbor	1	2026-09-28T08:24:25.308Z
lever	https://jobs.lever.co/arborenergy	1	2026-09-28T08:24:22.673Z
lever	https://jobs.lever.co/arcade	1	2026-09-28T08:24:23.318Z
lever	https://jobs.lever.co/arceoanalytics	1	2026-09-28T08:24:23.238Z
lever	https://jobs.lever.co/archive	1	2026-09-28T08:24:22.921Z
lever	https://jobs.lever.co/arcoeducacao	1	2026-09-28T08:24:23.661Z
lever	https://jobs.lever.co/area1security	1	2026-09-28T08:24:23.449Z
lever	https://jobs.lever.co/ariwalsh	1	2026-09-28T08:24:23.481Z
lever	https://jobs.lever.co/ark-solutions-inc	1	2026-09-28T08:24:23.569Z
lever	https://jobs.lever.co/arkbiotech	1	2026-09-28T08:24:23.710Z
lever	https://jobs.lever.co/arpa	1	2026-09-28T08:24:23.813Z
lever	https://jobs.lever.co/arrive	1	2026-09-28T08:24:23.912Z
lever	https://jobs.lever.co/artblocks	1	2026-09-28T08:24:24.597Z
lever	https://jobs.lever.co/artificial	1	2026-09-28T08:24:25.442Z
lever	https://jobs.lever.co/asap	1	2026-09-28T08:24:26.884Z
lever	https://jobs.lever.co/ascoeq	1	2026-09-28T08:24:25.839Z
lever	https://jobs.lever.co/asfar	1	2026-09-28T08:24:26.095Z
lever	https://jobs.lever.co/asimov	1	2026-09-28T08:24:26.424Z
lever	https://jobs.lever.co/aspiration-2	1	2026-09-28T08:24:26.429Z
lever	https://jobs.lever.co/astera	1	2026-09-28T08:24:26.695Z
lever	https://jobs.lever.co/asthomecares	1	2026-09-28T08:24:26.712Z
lever	https://jobs.lever.co/astra	1	2026-09-28T08:24:26.960Z
lever	https://jobs.lever.co/astranis	1	2026-09-28T08:24:26.961Z
lever	https://jobs.lever.co/atekinc	1	2026-09-28T08:24:27.213Z
lever	https://jobs.lever.co/athennian	1	2026-09-28T08:24:27.377Z
lever	https://jobs.lever.co/athleticgreens	1	2026-09-28T08:24:27.621Z
lever	https://jobs.lever.co/atlan	1	2026-09-28T08:24:27.620Z
lever	https://jobs.lever.co/atlassian	1	2026-09-28T08:24:27.829Z
lever	https://jobs.lever.co/atmosphere	1	2026-09-28T08:24:27.860Z
lever	https://jobs.lever.co/atob	1	2026-09-28T08:24:28.005Z
lever	https://jobs.lever.co/atomic	1	2026-09-28T08:24:28.142Z
lever	https://jobs.lever.co/atonarp	1	2026-09-28T08:24:28.394Z
lever	https://jobs.lever.co/atrium	1	2026-09-28T08:24:28.533Z
lever	https://jobs.lever.co/attackiq	1	2026-09-28T08:24:28.644Z
lever	https://jobs.lever.co/attentive	1	2026-09-28T08:24:28.658Z
lever	https://jobs.lever.co/attentivemobile	1	2026-09-28T08:24:28.790Z
lever	https://jobs.lever.co/attn	1	2026-09-28T08:24:28.792Z
lever	https://jobs.lever.co/audius	1	2026-09-28T08:24:29.051Z
lever	https://jobs.lever.co/augmedix	1	2026-09-28T08:24:29.102Z
lever	https://jobs.lever.co/augustbioservices	1	2026-09-28T08:24:29.522Z
lever	https://jobs.lever.co/aurorainsight	1	2026-09-28T08:24:29.356Z
lever	https://jobs.lever.co/aurorasolar	1	2026-09-28T08:24:29.419Z
lever	https://jobs.lever.co/auth0	1	2026-09-28T08:24:29.803Z
lever	https://jobs.lever.co/autify	1	2026-09-28T08:24:29.669Z
lever	https://jobs.lever.co/automox	1	2026-09-28T08:24:29.913Z
lever	https://jobs.lever.co/autonomys	1	2026-09-28T08:24:30.115Z
lever	https://jobs.lever.co/av	1	2026-09-28T08:24:30.256Z
lever	https://jobs.lever.co/ava	1	2026-09-28T08:24:30.386Z
lever	https://jobs.lever.co/avalabs	1	2026-09-28T08:24:30.374Z
lever	https://jobs.lever.co/avantstay	1	2026-09-28T08:24:30.690Z
lever	https://jobs.lever.co/avela	1	2026-09-28T08:24:30.791Z
lever	https://jobs.lever.co/avivesolutions	1	2026-09-28T08:24:31.808Z
lever	https://jobs.lever.co/avratalent	1	2026-09-28T08:24:31.807Z
lever	https://jobs.lever.co/awake-security	1	2026-09-28T08:24:32.146Z
lever	https://jobs.lever.co/axelera	1	2026-09-28T08:24:32.149Z
lever	https://jobs.lever.co/axiomzen	1	2026-09-28T08:24:32.158Z
lever	https://jobs.lever.co/axionray	1	2026-09-28T08:24:32.312Z
lever	https://jobs.lever.co/axon	1	2026-09-28T08:24:32.316Z
lever	https://jobs.lever.co/axoni	1	2026-09-28T08:24:32.452Z
lever	https://jobs.lever.co/axonify	1	2026-09-28T08:24:32.427Z
lever	https://jobs.lever.co/azavea	1	2026-09-28T08:24:32.457Z
lever	https://jobs.lever.co/aztal	1	2026-09-28T08:24:32.847Z
lever	https://jobs.lever.co/babylonhealth	1	2026-09-28T08:24:32.683Z
lever	https://jobs.lever.co/back	1	2026-09-28T08:24:32.716Z
lever	https://jobs.lever.co/backbone	1	2026-09-28T08:24:32.699Z
lever	https://jobs.lever.co/backflip	1	2026-09-28T08:24:32.928Z
lever	https://jobs.lever.co/backmarket	1	2026-09-28T08:24:33.000Z
lever	https://jobs.lever.co/backstage	1	2026-09-28T08:24:32.956Z
lever	https://jobs.lever.co/badal	1	2026-09-28T08:24:33.090Z
lever	https://jobs.lever.co/bai-inc	1	2026-09-28T08:24:34.283Z
lever	https://jobs.lever.co/baller	1	2026-09-28T08:24:33.206Z
lever	https://jobs.lever.co/bambee	1	2026-09-28T08:24:33.240Z
lever	https://jobs.lever.co/bamtradingservices	1	2026-09-28T08:24:33.450Z
lever	https://jobs.lever.co/banglalink	1	2026-09-28T08:24:33.546Z
lever	https://jobs.lever.co/barbaricum	1	2026-09-28T08:24:33.794Z
lever	https://jobs.lever.co/barecremation	1	2026-09-28T08:24:34.048Z
lever	https://jobs.lever.co/barefootproximity	1	2026-09-28T08:24:34.070Z
lever	https://jobs.lever.co/barkleyus	1	2026-09-28T08:24:34.305Z
lever	https://jobs.lever.co/barley	1	2026-09-28T08:24:34.318Z
lever	https://jobs.lever.co/barrel	1	2026-09-28T08:24:34.412Z
lever	https://jobs.lever.co/batterymetals	1	2026-09-28T08:24:34.666Z
lever	https://jobs.lever.co/battlecreekchurch	1	2026-09-28T08:24:34.708Z
lever	https://jobs.lever.co/bayzat	1	2026-09-28T08:24:34.914Z
lever	https://jobs.lever.co/bb2bank	1	2026-09-28T08:24:35.195Z
lever	https://jobs.lever.co/bcg	1	2026-09-28T08:24:35.167Z
lever	https://jobs.lever.co/bdg	1	2026-09-28T08:24:35.223Z
lever	https://jobs.lever.co/beacon	1	2026-09-28T08:24:35.418Z
lever	https://jobs.lever.co/beacondigitalmarketing	1	2026-09-28T08:24:35.478Z
lever	https://jobs.lever.co/beam-impact	1	2026-09-28T08:24:35.668Z
lever	https://jobs.lever.co/beamy	1	2026-09-28T08:24:35.731Z
lever	https://jobs.lever.co/beanstalkagtech	1	2026-09-28T08:24:47.993Z
lever	https://jobs.lever.co/beautyhaul	1	2026-09-28T08:24:35.990Z
lever	https://jobs.lever.co/bebop	1	2026-09-28T08:24:36.970Z
lever	https://jobs.lever.co/bedrockocean	1	2026-09-28T08:24:37.561Z
lever	https://jobs.lever.co/beemenergy	1	2026-09-28T08:24:39.651Z
lever	https://jobs.lever.co/beetalents	1	2026-09-28T08:24:39.690Z
lever	https://jobs.lever.co/bellhops	1	2026-09-28T08:24:41.961Z
lever	https://jobs.lever.co/belong	1	2026-09-28T08:24:42.505Z
lever	https://jobs.lever.co/belonghome	1	2026-09-28T08:24:42.623Z
lever	https://jobs.lever.co/benchling	1	2026-09-28T08:24:42.896Z
lever	https://jobs.lever.co/benlabs	1	2026-09-28T08:24:43.432Z
lever	https://jobs.lever.co/bestegg	1	2026-09-28T08:24:43.562Z
lever	https://jobs.lever.co/betstamp	1	2026-09-28T08:24:48.516Z
lever	https://jobs.lever.co/betterplaceforests	1	2026-09-28T08:24:44.879Z
lever	https://jobs.lever.co/beyond-creative	1	2026-09-28T08:24:45.165Z
lever	https://jobs.lever.co/beyondmeat	1	2026-09-28T08:24:45.691Z
lever	https://jobs.lever.co/beyondpricing	1	2026-09-28T08:24:45.937Z
lever	https://jobs.lever.co/bfp	1	2026-09-28T08:24:46.187Z
lever	https://jobs.lever.co/biconomy	1	2026-09-28T08:24:49.094Z
lever	https://jobs.lever.co/bigfootbiomedical	1	2026-09-28T08:24:50.714Z
lever	https://jobs.lever.co/biggergames	1	2026-09-28T08:24:50.059Z
lever	https://jobs.lever.co/bigtime	1	2026-09-28T08:24:50.996Z
lever	https://jobs.lever.co/bill	1	2026-09-28T08:24:51.225Z
lever	https://jobs.lever.co/bimone	1	2026-09-28T08:24:51.241Z
lever	https://jobs.lever.co/binti	1	2026-09-28T08:24:51.540Z
lever	https://jobs.lever.co/biobot	1	2026-09-28T08:24:51.522Z
lever	https://jobs.lever.co/bioenergydevco	1	2026-09-28T08:24:51.784Z
lever	https://jobs.lever.co/bird	1	2026-09-28T08:24:52.312Z
lever	https://jobs.lever.co/birdcanada	1	2026-09-28T08:24:52.419Z
lever	https://jobs.lever.co/bitdefender	1	2026-09-28T08:24:52.895Z
lever	https://jobs.lever.co/bitly	1	2026-09-28T08:24:53.163Z
lever	https://jobs.lever.co/bitnami	1	2026-09-28T08:24:53.419Z
lever	https://jobs.lever.co/bitpanda	1	2026-09-28T08:24:53.775Z
lever	https://jobs.lever.co/bitquilltech	1	2026-09-28T08:24:54.020Z
lever	https://jobs.lever.co/bitrise	1	2026-09-28T08:24:54.192Z
lever	https://jobs.lever.co/bitwiseinvestments	1	2026-09-28T08:24:54.263Z
lever	https://jobs.lever.co/bixal	1	2026-09-28T08:24:54.348Z
lever	https://jobs.lever.co/black-white-zebra	1	2026-09-28T08:24:54.801Z
lever	https://jobs.lever.co/blackcloak	1	2026-09-28T08:24:55.097Z
lever	https://jobs.lever.co/blackcrow	1	2026-09-28T08:24:55.170Z
lever	https://jobs.lever.co/blackpanda	1	2026-09-28T08:24:55.433Z
lever	https://jobs.lever.co/blackriflecoffee	1	2026-09-28T08:24:56.013Z
lever	https://jobs.lever.co/blanc-labs	1	2026-09-28T08:24:55.675Z
lever	https://jobs.lever.co/blendlabs	1	2026-09-28T08:24:55.939Z
lever	https://jobs.lever.co/blocknative	1	2026-09-28T08:24:56.264Z
lever	https://jobs.lever.co/blockspring	1	2026-09-28T08:24:56.530Z
lever	https://jobs.lever.co/blockstack	1	2026-09-28T08:24:56.608Z
lever	https://jobs.lever.co/blockswap	1	2026-09-28T08:24:56.862Z
lever	https://jobs.lever.co/blocpower	1	2026-09-28T08:24:56.802Z
lever	https://jobs.lever.co/bloomcredit	1	2026-09-28T08:24:56.877Z
lever	https://jobs.lever.co/bloomthat	1	2026-09-28T08:24:57.107Z
lever	https://jobs.lever.co/blueboard	1	2026-09-28T08:24:57.553Z
lever	https://jobs.lever.co/bluecore	1	2026-09-28T08:24:59.056Z
lever	https://jobs.lever.co/bluedot	1	2026-09-28T08:24:59.308Z
lever	https://jobs.lever.co/bluejlegal	1	2026-09-28T08:24:59.562Z
lever	https://jobs.lever.co/bluelabs	1	2026-09-28T08:24:59.828Z
lever	https://jobs.lever.co/blueoceanai	1	2026-09-28T08:25:01.333Z
lever	https://jobs.lever.co/blueoceanbarns	1	2026-09-28T08:25:01.576Z
lever	https://jobs.lever.co/blueprinttitle	1	2026-09-28T08:25:01.768Z
lever	https://jobs.lever.co/bluesinc	1	2026-09-28T08:25:02.078Z
lever	https://jobs.lever.co/bluespace	1	2026-09-28T08:25:02.572Z
lever	https://jobs.lever.co/bluewheelmedia	1	2026-09-28T08:25:02.521Z
lever	https://jobs.lever.co/blum	1	2026-09-28T08:25:02.759Z
lever	https://jobs.lever.co/boastai	1	2026-09-28T08:25:02.775Z
lever	https://jobs.lever.co/boats	1	2026-09-28T08:25:02.873Z
lever	https://jobs.lever.co/bodo	1	2026-09-28T08:25:02.812Z
lever	https://jobs.lever.co/bodyport	1	2026-09-28T08:25:03.266Z
lever	https://jobs.lever.co/boldbusiness	1	2026-09-28T08:25:03.018Z
lever	https://jobs.lever.co/bolt	1	2026-09-28T08:25:03.137Z
lever	https://jobs.lever.co/boltbio	1	2026-09-28T08:25:03.269Z
lever	https://jobs.lever.co/bombfell	1	2026-09-28T08:25:03.511Z
lever	https://jobs.lever.co/bonfirestudios	1	2026-09-28T08:25:03.682Z
lever	https://jobs.lever.co/bonial-2	1	2026-09-28T08:25:03.848Z
lever	https://jobs.lever.co/bonusly	1	2026-09-28T08:25:03.937Z
lever	https://jobs.lever.co/bookeeapp	1	2026-09-28T08:25:04.105Z
lever	https://jobs.lever.co/booknooklearning	1	2026-09-28T08:25:04.106Z
lever	https://jobs.lever.co/boomandbucket	1	2026-09-28T08:25:04.127Z
lever	https://jobs.lever.co/boostedboards	1	2026-09-28T08:25:04.193Z
lever	https://jobs.lever.co/boringcompany	1	2026-09-28T08:25:04.365Z
lever	https://jobs.lever.co/bosta	1	2026-09-28T08:25:04.374Z
lever	https://jobs.lever.co/bostondynamicsaiinstitute	1	2026-09-28T08:25:05.177Z
lever	https://jobs.lever.co/botify	1	2026-09-28T08:25:05.120Z
lever	https://jobs.lever.co/bottlerocketstudios	1	2026-09-28T08:25:05.279Z
lever	https://jobs.lever.co/boulderingproject	1	2026-09-28T08:25:05.438Z
lever	https://jobs.lever.co/boulevard	1	2026-09-28T08:25:05.454Z
lever	https://jobs.lever.co/bound	1	2026-09-28T08:25:07.643Z
lever	https://jobs.lever.co/boweryfarming	1	2026-09-28T08:25:05.847Z
lever	https://jobs.lever.co/box	1	2026-09-28T08:25:05.999Z
lever	https://jobs.lever.co/brainnest	1	2026-09-28T08:25:11.318Z
lever	https://jobs.lever.co/brand-knew	1	2026-09-28T08:25:11.565Z
lever	https://jobs.lever.co/braveventurelabs	1	2026-09-28T08:25:11.695Z
lever	https://jobs.lever.co/brazoderecho	1	2026-09-28T08:25:11.945Z
lever	https://jobs.lever.co/breakwatertech	1	2026-09-28T08:25:12.095Z
lever	https://jobs.lever.co/brewbike	1	2026-09-28T08:25:12.342Z
lever	https://jobs.lever.co/brewbird	1	2026-09-28T08:25:12.772Z
lever	https://jobs.lever.co/bridge	1	2026-09-28T08:25:13.539Z
lever	https://jobs.lever.co/bridgebio	1	2026-09-28T08:25:13.791Z
lever	https://jobs.lever.co/brighthealthplan	1	2026-09-28T08:25:15.364Z
lever	https://jobs.lever.co/brightseedbio	1	2026-09-28T08:25:15.620Z
lever	https://jobs.lever.co/brightspot	1	2026-09-28T08:25:15.872Z
lever	https://jobs.lever.co/brimstone	1	2026-09-28T08:25:18.899Z
lever	https://jobs.lever.co/brimstoneenergy	1	2026-09-28T08:25:19.139Z
lever	https://jobs.lever.co/brinc	1	2026-09-28T08:25:19.386Z
lever	https://jobs.lever.co/broadwaytechnology	1	2026-09-28T08:25:22.844Z
lever	https://jobs.lever.co/bssp	1	2026-09-28T08:25:24.475Z
lever	https://jobs.lever.co/btc	1	2026-09-28T08:25:24.786Z
lever	https://jobs.lever.co/btse	1	2026-09-28T08:25:25.039Z
lever	https://jobs.lever.co/buildatmos	1	2026-09-28T08:25:26.060Z
lever	https://jobs.lever.co/buildgc	1	2026-09-28T08:25:26.307Z
lever	https://jobs.lever.co/buildkite	1	2026-09-28T08:25:26.578Z
lever	https://jobs.lever.co/buildzoom	1	2026-09-28T08:25:26.825Z
lever	https://jobs.lever.co/builtrobotics	1	2026-09-28T08:25:26.871Z
lever	https://jobs.lever.co/bukuwarung	1	2026-09-28T08:25:27.072Z
lever	https://jobs.lever.co/bunches	1	2026-09-28T08:25:27.310Z
lever	https://jobs.lever.co/bundle	1	2026-09-28T08:25:27.382Z
lever	https://jobs.lever.co/bungalow	1	2026-09-28T08:25:27.560Z
lever	https://jobs.lever.co/buoyhealth	1	2026-09-28T08:25:27.659Z
lever	https://jobs.lever.co/burnt	1	2026-09-28T08:25:28.677Z
lever	https://jobs.lever.co/burro	1	2026-09-28T08:25:28.933Z
lever	https://jobs.lever.co/busaracenter	1	2026-09-28T08:25:29.780Z
lever	https://jobs.lever.co/bustle	1	2026-09-28T08:25:31.200Z
lever	https://jobs.lever.co/butterpayments	1	2026-09-28T08:25:32.935Z
lever	https://jobs.lever.co/button	1	2026-09-28T08:25:33.791Z
lever	https://jobs.lever.co/bvaccel	1	2026-09-28T08:25:34.207Z
lever	https://jobs.lever.co/c16bio	1	2026-09-28T08:25:34.913Z
lever	https://jobs.lever.co/call9	1	2026-09-28T08:25:38.175Z
lever	https://jobs.lever.co/callistomedia	1	2026-09-28T08:25:39.535Z
lever	https://jobs.lever.co/calm	1	2026-09-28T08:25:39.783Z
lever	https://jobs.lever.co/calstart	1	2026-09-28T08:25:40.031Z
lever	https://jobs.lever.co/calven	1	2026-09-28T08:25:40.040Z
lever	https://jobs.lever.co/camber	1	2026-09-28T08:25:40.613Z
lever	https://jobs.lever.co/cambly	1	2026-09-28T08:25:40.290Z
lever	https://jobs.lever.co/campspot	1	2026-09-28T08:25:40.529Z
lever	https://jobs.lever.co/canopyservicing	1	2026-09-28T08:25:44.908Z
lever	https://jobs.lever.co/canva	1	2026-09-28T08:25:49.855Z
lever	https://jobs.lever.co/capchase	1	2026-09-28T08:25:48.684Z
lever	https://jobs.lever.co/captiv8	1	2026-09-28T08:25:50.187Z
lever	https://jobs.lever.co/carbon	1	2026-09-28T08:25:50.451Z
lever	https://jobs.lever.co/carbon6technologies	1	2026-09-28T08:25:50.697Z
lever	https://jobs.lever.co/carbondirect	1	2026-09-28T08:25:51.426Z
lever	https://jobs.lever.co/cardanofoundation	1	2026-09-28T08:25:51.792Z
lever	https://jobs.lever.co/cardata	1	2026-09-28T08:25:51.672Z
lever	https://jobs.lever.co/cardless	1	2026-09-28T08:25:52.189Z
lever	https://jobs.lever.co/careaccessresearch	1	2026-09-28T08:25:52.291Z
lever	https://jobs.lever.co/careerstaffing	1	2026-09-28T08:25:52.651Z
lever	https://jobs.lever.co/cargo-2	1	2026-09-28T08:25:52.977Z
lever	https://jobs.lever.co/carismatherapeutics	1	2026-09-28T08:25:53.034Z
lever	https://jobs.lever.co/carma	1	2026-09-28T08:25:53.272Z
lever	https://jobs.lever.co/cart	1	2026-09-28T08:25:53.577Z
lever	https://jobs.lever.co/carta	1	2026-09-28T08:25:53.831Z
lever	https://jobs.lever.co/cartodb	1	2026-09-28T08:25:54.160Z
lever	https://jobs.lever.co/cartography	1	2026-09-28T08:25:54.399Z
lever	https://jobs.lever.co/casa	1	2026-09-28T08:25:57.498Z
lever	https://jobs.lever.co/casdincapital	1	2026-09-28T08:25:57.869Z
lever	https://jobs.lever.co/casetext	1	2026-09-28T08:25:58.028Z
lever	https://jobs.lever.co/cashrewards	1	2026-09-28T08:25:58.311Z
lever	https://jobs.lever.co/catbird	1	2026-09-28T08:26:01.241Z
lever	https://jobs.lever.co/catenamedia	1	2026-09-28T08:26:01.480Z
lever	https://jobs.lever.co/causal-app	1	2026-09-28T08:26:01.731Z
lever	https://jobs.lever.co/ccmr3	1	2026-09-28T08:26:01.986Z
lever	https://jobs.lever.co/celo	1	2026-09-28T08:26:03.053Z
lever	https://jobs.lever.co/centerfield	1	2026-09-28T08:26:03.119Z
lever	https://jobs.lever.co/centml	1	2026-09-28T08:26:03.293Z
lever	https://jobs.lever.co/centro	1	2026-09-28T08:26:03.540Z
lever	https://jobs.lever.co/cere-network	1	2026-09-28T08:26:03.793Z
lever	https://jobs.lever.co/cerevel-2	1	2026-09-28T08:26:05.487Z
lever	https://jobs.lever.co/cesiumastro	1	2026-09-28T08:26:04.704Z
lever	https://jobs.lever.co/chain	1	2026-09-28T08:26:07.098Z
lever	https://jobs.lever.co/chainlink	1	2026-09-28T08:26:07.341Z
lever	https://jobs.lever.co/chamberofprogress	1	2026-09-28T08:26:07.588Z
lever	https://jobs.lever.co/change	1	2026-09-28T08:26:08.305Z
lever	https://jobs.lever.co/chariot	1	2026-09-28T08:26:08.672Z
lever	https://jobs.lever.co/chartio	1	2026-09-28T08:26:11.195Z
lever	https://jobs.lever.co/chatmeter	1	2026-09-28T08:26:11.525Z
lever	https://jobs.lever.co/checkmate	1	2026-09-28T08:26:12.299Z
lever	https://jobs.lever.co/checkout	1	2026-09-28T08:26:12.555Z
lever	https://jobs.lever.co/chefrobotics	1	2026-09-28T08:26:13.041Z
lever	https://jobs.lever.co/cherrytechnologies	1	2026-09-28T08:26:13.383Z
lever	https://jobs.lever.co/chicago2024	1	2026-09-28T08:26:13.677Z
lever	https://jobs.lever.co/chooosejobs	1	2026-09-28T08:26:14.437Z
lever	https://jobs.lever.co/choose	1	2026-09-28T08:26:15.017Z
lever	https://jobs.lever.co/chronicled-2	1	2026-09-28T08:26:14.964Z
lever	https://jobs.lever.co/chyronhego	1	2026-09-28T08:26:15.278Z
lever	https://jobs.lever.co/cinchy	1	2026-09-28T08:26:23.080Z
lever	https://jobs.lever.co/ciphertrace	1	2026-09-28T08:26:23.337Z
lever	https://jobs.lever.co/circleco	1	2026-09-28T08:26:23.590Z
lever	https://jobs.lever.co/circlemedical	1	2026-09-28T08:26:23.896Z
lever	https://jobs.lever.co/circonus	1	2026-09-28T08:26:24.418Z
lever	https://jobs.lever.co/circulo	1	2026-09-28T08:26:24.671Z
lever	https://jobs.lever.co/cision	1	2026-09-28T08:26:26.551Z
lever	https://jobs.lever.co/citrineinformatics	1	2026-09-28T08:26:27.101Z
lever	https://jobs.lever.co/civitta	1	2026-09-28T08:26:27.363Z
lever	https://jobs.lever.co/ciwebgroup	1	2026-09-28T08:26:27.617Z
lever	https://jobs.lever.co/clabs	1	2026-09-28T08:26:27.887Z
lever	https://jobs.lever.co/clasp	1	2026-09-28T08:26:28.901Z
lever	https://jobs.lever.co/class	1	2026-09-28T08:26:29.176Z
lever	https://jobs.lever.co/class101	1	2026-09-28T08:26:29.364Z
lever	https://jobs.lever.co/clearbit	1	2026-09-28T08:26:29.610Z
lever	https://jobs.lever.co/clearer	1	2026-09-28T08:26:30.313Z
lever	https://jobs.lever.co/clevertap	1	2026-09-28T08:26:31.084Z
lever	https://jobs.lever.co/climateai	1	2026-09-28T08:26:32.079Z
lever	https://jobs.lever.co/climatepower	1	2026-09-28T08:26:32.112Z
lever	https://jobs.lever.co/climbcredit	1	2026-09-28T08:26:32.456Z
lever	https://jobs.lever.co/clinicalhealthnetworkfortransformation	1	2026-09-28T08:26:32.323Z
lever	https://jobs.lever.co/clipbook	1	2026-09-28T08:26:32.360Z
lever	https://jobs.lever.co/cloud-academy	1	2026-09-28T08:26:32.642Z
lever	https://jobs.lever.co/cloudnc	1	2026-09-28T08:26:32.833Z
lever	https://jobs.lever.co/clozd	1	2026-09-28T08:26:33.192Z
lever	https://jobs.lever.co/clubassist	1	2026-09-28T08:26:33.445Z
lever	https://jobs.lever.co/clubhouse	1	2026-09-28T08:26:33.723Z
lever	https://jobs.lever.co/cocodelivery	1	2026-09-28T08:26:36.062Z
lever	https://jobs.lever.co/coda	1	2026-09-28T08:26:36.604Z
lever	https://jobs.lever.co/codapayments	1	2026-09-28T08:26:36.766Z
lever	https://jobs.lever.co/codecombat	1	2026-09-28T08:26:37.035Z
lever	https://jobs.lever.co/codecov	1	2026-09-28T08:26:37.116Z
lever	https://jobs.lever.co/codelitt	1	2026-09-28T08:26:37.133Z
lever	https://jobs.lever.co/codesee	1	2026-09-28T08:26:37.366Z
lever	https://jobs.lever.co/codewaystudios	1	2026-09-28T08:26:37.553Z
lever	https://jobs.lever.co/cofactr	1	2026-09-28T08:26:37.621Z
lever	https://jobs.lever.co/coffeemeetsbagel	1	2026-09-28T08:26:37.806Z
lever	https://jobs.lever.co/coforma	1	2026-09-28T08:26:37.888Z
lever	https://jobs.lever.co/cogentbiosciences	1	2026-09-28T08:26:38.121Z
lever	https://jobs.lever.co/cogitocorp	1	2026-09-28T08:26:38.378Z
lever	https://jobs.lever.co/cognite	1	2026-09-28T08:26:38.387Z
lever	https://jobs.lever.co/cognitiv	1	2026-09-28T08:26:38.643Z
lever	https://jobs.lever.co/cohere	1	2026-09-28T08:26:47.563Z
lever	https://jobs.lever.co/coil	1	2026-09-28T08:26:38.898Z
lever	https://jobs.lever.co/coiled	1	2026-09-28T08:26:39.146Z
lever	https://jobs.lever.co/coinflip	1	2026-09-28T08:26:39.301Z
lever	https://jobs.lever.co/coinshift	1	2026-09-28T08:26:41.325Z
lever	https://jobs.lever.co/coinsquare	1	2026-09-28T08:26:41.563Z
lever	https://jobs.lever.co/cointracker	1	2026-09-28T08:26:41.603Z
lever	https://jobs.lever.co/collectivei	1	2026-09-28T08:26:45.533Z
lever	https://jobs.lever.co/collectlyinc	1	2026-09-28T08:26:45.728Z
lever	https://jobs.lever.co/collegevine	1	2026-09-28T08:26:51.464Z
lever	https://jobs.lever.co/color	1	2026-09-28T08:26:45.981Z
lever	https://jobs.lever.co/colorofchange	1	2026-09-28T08:26:47.269Z
lever	https://jobs.lever.co/combo	1	2026-09-28T08:26:47.523Z
lever	https://jobs.lever.co/commentsold	1	2026-09-28T08:26:51.933Z
lever	https://jobs.lever.co/common	1	2026-09-28T08:26:47.820Z
lever	https://jobs.lever.co/common-networks	1	2026-09-28T08:26:47.986Z
lever	https://jobs.lever.co/commoncode	1	2026-09-28T08:26:48.305Z
lever	https://jobs.lever.co/communityboost	1	2026-09-28T08:26:49.184Z
lever	https://jobs.lever.co/complex	1	2026-09-28T08:26:51.606Z
lever	https://jobs.lever.co/composer	1	2026-09-28T08:26:51.874Z
lever	https://jobs.lever.co/compound-2	1	2026-09-28T08:26:52.273Z
lever	https://jobs.lever.co/comtravo	1	2026-09-28T08:26:52.388Z
lever	https://jobs.lever.co/concordnow	1	2026-09-28T08:26:52.505Z
lever	https://jobs.lever.co/conduit	1	2026-09-28T08:26:52.644Z
lever	https://jobs.lever.co/conduktor	1	2026-09-28T08:26:52.763Z
lever	https://jobs.lever.co/confluent	1	2026-09-28T08:26:52.778Z
lever	https://jobs.lever.co/conjecture	1	2026-09-28T08:26:53.058Z
lever	https://jobs.lever.co/connectassistance	1	2026-09-28T08:26:53.060Z
lever	https://jobs.lever.co/connectly	1	2026-09-28T08:26:53.699Z
lever	https://jobs.lever.co/connectrn	1	2026-09-28T08:26:53.789Z
lever	https://jobs.lever.co/connorgp	1	2026-09-28T08:26:53.970Z
lever	https://jobs.lever.co/constellation	1	2026-09-28T08:26:54.033Z
lever	https://jobs.lever.co/contabilizei	1	2026-09-28T08:26:54.266Z
lever	https://jobs.lever.co/contactout	1	2026-09-28T08:26:54.291Z
lever	https://jobs.lever.co/container-solutions	1	2026-09-28T08:26:54.513Z
lever	https://jobs.lever.co/continuumindustries	1	2026-09-28T08:26:54.966Z
lever	https://jobs.lever.co/contra	1	2026-09-28T08:26:55.520Z
lever	https://jobs.lever.co/contrastsecurity	1	2026-09-28T08:26:55.322Z
lever	https://jobs.lever.co/convai-technologies-inc	1	2026-09-28T08:26:55.551Z
lever	https://jobs.lever.co/conversantgroup	1	2026-09-28T08:26:55.807Z
lever	https://jobs.lever.co/conversenow	1	2026-09-28T08:26:56.055Z
lever	https://jobs.lever.co/copilotmoney	1	2026-09-28T08:26:56.604Z
lever	https://jobs.lever.co/copper	1	2026-09-28T08:26:56.819Z
lever	https://jobs.lever.co/copyai	1	2026-09-28T08:26:56.859Z
lever	https://jobs.lever.co/cordtechnologies	1	2026-09-28T08:26:57.125Z
lever	https://jobs.lever.co/coredigitalmedia	1	2026-09-28T08:26:57.439Z
lever	https://jobs.lever.co/coreresponse	1	2026-09-28T08:26:57.695Z
lever	https://jobs.lever.co/cornershopapp	1	2026-09-28T08:26:57.935Z
lever	https://jobs.lever.co/cos	1	2026-09-28T08:26:58.187Z
lever	https://jobs.lever.co/cottage	1	2026-09-28T08:26:58.295Z
lever	https://jobs.lever.co/couchbase	1	2026-09-28T08:26:58.351Z
lever	https://jobs.lever.co/coursera	1	2026-09-28T08:26:58.554Z
lever	https://jobs.lever.co/covariant	1	2026-09-28T08:26:58.779Z
lever	https://jobs.lever.co/cover-2	1	2026-09-28T08:26:58.802Z
lever	https://jobs.lever.co/covergenius	1	2026-09-28T08:26:59.032Z
lever	https://jobs.lever.co/craft	1	2026-09-28T08:26:59.058Z
lever	https://jobs.lever.co/craftwaterinc	1	2026-09-28T08:26:59.335Z
lever	https://jobs.lever.co/cratejoy	1	2026-09-28T08:26:59.595Z
lever	https://jobs.lever.co/creadits	1	2026-09-28T08:27:00.041Z
lever	https://jobs.lever.co/creativemarket	1	2026-09-28T08:27:00.283Z
lever	https://jobs.lever.co/creatoriq	1	2026-09-28T08:27:00.548Z
lever	https://jobs.lever.co/credavenue	1	2026-09-28T08:27:01.048Z
lever	https://jobs.lever.co/creditkarma	1	2026-09-28T08:27:01.295Z
lever	https://jobs.lever.co/credo	1	2026-09-28T08:27:01.547Z
lever	https://jobs.lever.co/credplatform	1	2026-09-28T08:27:01.792Z
lever	https://jobs.lever.co/cresta	1	2026-09-28T08:27:02.054Z
lever	https://jobs.lever.co/crewapp	1	2026-09-28T08:27:03.752Z
lever	https://jobs.lever.co/crewbloom	1	2026-09-28T08:27:03.781Z
lever	https://jobs.lever.co/crickethealth	1	2026-09-28T08:27:04.036Z
lever	https://jobs.lever.co/criticaltilt	1	2026-09-28T08:27:04.262Z
lever	https://jobs.lever.co/cruise	1	2026-09-28T08:27:06.039Z
lever	https://jobs.lever.co/crunchbase	1	2026-09-28T08:27:06.552Z
lever	https://jobs.lever.co/crusoeenergy	1	2026-09-28T08:27:06.807Z
lever	https://jobs.lever.co/cruxinformatics	1	2026-09-28T08:27:07.057Z
lever	https://jobs.lever.co/crypto-innovation	1	2026-09-28T08:27:08.605Z
lever	https://jobs.lever.co/csaassociates	1	2026-09-28T08:27:10.390Z
lever	https://jobs.lever.co/culturetrip	1	2026-09-28T08:27:20.307Z
lever	https://jobs.lever.co/curbio	1	2026-09-28T08:27:21.203Z
lever	https://jobs.lever.co/curefit	1	2026-09-28T08:27:20.892Z
lever	https://jobs.lever.co/curieco	1	2026-09-28T08:27:25.808Z
lever	https://jobs.lever.co/curimeta	1	2026-09-28T08:27:21.454Z
lever	https://jobs.lever.co/curiositymedia	1	2026-09-28T08:27:21.703Z
lever	https://jobs.lever.co/curology	1	2026-09-28T08:27:21.963Z
lever	https://jobs.lever.co/currencycloud	1	2026-09-28T08:27:22.213Z
lever	https://jobs.lever.co/custodiabank	1	2026-09-28T08:27:22.732Z
lever	https://jobs.lever.co/cybcube	1	2026-09-28T08:27:25.970Z
lever	https://jobs.lever.co/cybercare	1	2026-09-28T08:27:26.060Z
lever	https://jobs.lever.co/cyberfame	1	2026-09-28T08:27:26.216Z
lever	https://jobs.lever.co/cye	1	2026-09-28T08:27:27.483Z
lever	https://jobs.lever.co/cyvl-ai	1	2026-09-28T08:27:28.598Z
lever	https://jobs.lever.co/d-edge	1	2026-09-28T08:27:28.603Z
lever	https://jobs.lever.co/daedalean	1	2026-09-28T08:27:31.337Z
lever	https://jobs.lever.co/darkslope	1	2026-09-28T08:27:32.894Z
lever	https://jobs.lever.co/darwinhomes	1	2026-09-28T08:27:33.174Z
lever	https://jobs.lever.co/dasservicesllc	1	2026-09-28T08:27:33.340Z
lever	https://jobs.lever.co/databricks	1	2026-09-28T08:27:33.429Z
lever	https://jobs.lever.co/datahawk	1	2026-09-28T08:27:33.602Z
lever	https://jobs.lever.co/dataiku	1	2026-09-28T08:27:33.676Z
lever	https://jobs.lever.co/dataplor	1	2026-09-28T08:27:33.929Z
lever	https://jobs.lever.co/dave	1	2026-09-28T08:27:34.183Z
lever	https://jobs.lever.co/dawnlight	1	2026-09-28T08:27:34.434Z
lever	https://jobs.lever.co/dayonebio	1	2026-09-28T08:27:34.940Z
lever	https://jobs.lever.co/dazn	1	2026-09-28T08:27:35.235Z
lever	https://jobs.lever.co/dbtlabs	1	2026-09-28T08:27:35.489Z
lever	https://jobs.lever.co/dds	1	2026-09-28T08:27:36.692Z
lever	https://jobs.lever.co/dealmaker	1	2026-09-28T08:27:37.200Z
lever	https://jobs.lever.co/dealpath	1	2026-09-28T08:27:37.454Z
lever	https://jobs.lever.co/debtsy	1	2026-09-28T08:27:37.618Z
lever	https://jobs.lever.co/decathlon	1	2026-09-28T08:27:37.709Z
lever	https://jobs.lever.co/decentraland	1	2026-09-28T08:27:37.872Z
lever	https://jobs.lever.co/deep6	1	2026-09-28T08:27:38.124Z
lever	https://jobs.lever.co/deepcell	1	2026-09-28T08:27:43.066Z
lever	https://jobs.lever.co/deepgram	1	2026-09-28T08:27:41.085Z
lever	https://jobs.lever.co/deepjudge	1	2026-09-28T08:27:41.583Z
lever	https://jobs.lever.co/defialliance	1	2026-09-28T08:27:42.599Z
lever	https://jobs.lever.co/deft	1	2026-09-28T08:27:42.854Z
lever	https://jobs.lever.co/degreed	1	2026-09-28T08:27:43.925Z
lever	https://jobs.lever.co/deliveryrelay	1	2026-09-28T08:27:47.416Z
lever	https://jobs.lever.co/deloitte	1	2026-09-28T08:27:48.098Z
lever	https://jobs.lever.co/deltadental	1	2026-09-28T08:27:48.347Z
lever	https://jobs.lever.co/delv	1	2026-09-28T08:27:48.605Z
lever	https://jobs.lever.co/density	1	2026-09-28T08:27:49.198Z
lever	https://jobs.lever.co/descript-2	1	2026-09-28T08:27:50.733Z
lever	https://jobs.lever.co/designpickle	1	2026-09-28T08:27:51.190Z
lever	https://jobs.lever.co/desmos	1	2026-09-28T08:27:53.294Z
lever	https://jobs.lever.co/device42	1	2026-09-28T08:27:56.496Z
lever	https://jobs.lever.co/devoted	1	2026-09-28T08:27:56.505Z
lever	https://jobs.lever.co/devsoftam	1	2026-09-28T08:27:56.837Z
lever	https://jobs.lever.co/dgraph	1	2026-09-28T08:27:57.588Z
lever	https://jobs.lever.co/diamondage3d	1	2026-09-28T08:28:00.113Z
lever	https://jobs.lever.co/didi-global	1	2026-09-28T08:28:01.122Z
lever	https://jobs.lever.co/digimarc	1	2026-09-28T08:28:02.172Z
lever	https://jobs.lever.co/digitalmass	1	2026-09-28T08:28:03.331Z
lever	https://jobs.lever.co/digitalremedy	1	2026-09-28T08:28:03.579Z
lever	https://jobs.lever.co/digitalturbine	1	2026-09-28T08:28:03.839Z
lever	https://jobs.lever.co/dimo	1	2026-09-28T08:28:04.232Z
lever	https://jobs.lever.co/diool	1	2026-09-28T08:28:04.480Z
lever	https://jobs.lever.co/dioxycle	1	2026-09-28T08:28:04.868Z
lever	https://jobs.lever.co/directi	1	2026-09-28T08:28:05.500Z
lever	https://jobs.lever.co/dispo	1	2026-09-28T08:28:06.914Z
lever	https://jobs.lever.co/disruptivegames	1	2026-09-28T08:28:07.927Z
lever	https://jobs.lever.co/divergent3d	1	2026-09-28T08:28:08.444Z
lever	https://jobs.lever.co/diversifiedradiology	1	2026-09-28T08:28:09.998Z
lever	https://jobs.lever.co/diversio	1	2026-09-28T08:28:11.303Z
lever	https://jobs.lever.co/dixa	1	2026-09-28T08:28:11.562Z
lever	https://jobs.lever.co/djeholdings	1	2026-09-28T08:28:11.825Z
lever	https://jobs.lever.co/dnc	1	2026-09-28T08:28:14.453Z
lever	https://jobs.lever.co/dntanks	1	2026-09-28T08:28:14.810Z
lever	https://jobs.lever.co/dockwa	1	2026-09-28T08:28:16.093Z
lever	https://jobs.lever.co/dogdrop	1	2026-09-28T08:28:19.904Z
lever	https://jobs.lever.co/domio	1	2026-09-28T08:28:21.488Z
lever	https://jobs.lever.co/done	1	2026-09-28T08:28:21.768Z
lever	https://jobs.lever.co/doppler	1	2026-09-28T08:28:22.202Z
lever	https://jobs.lever.co/dorahacks	1	2026-09-28T08:28:22.512Z
lever	https://jobs.lever.co/dott	1	2026-09-28T08:28:22.789Z
lever	https://jobs.lever.co/dragonarmy	1	2026-09-28T08:28:24.642Z
lever	https://jobs.lever.co/drchrono	1	2026-09-28T08:28:24.700Z
lever	https://jobs.lever.co/dreamsports	1	2026-09-28T08:28:25.532Z
lever	https://jobs.lever.co/drip	1	2026-09-28T08:28:25.647Z
lever	https://jobs.lever.co/drivekyte	1	2026-09-28T08:28:25.733Z
lever	https://jobs.lever.co/drivy	1	2026-09-28T08:28:26.165Z
lever	https://jobs.lever.co/drizly	1	2026-09-28T08:28:26.408Z
lever	https://jobs.lever.co/dronesense	1	2026-09-28T08:28:26.906Z
lever	https://jobs.lever.co/dru-app	1	2026-09-28T08:28:28.531Z
lever	https://jobs.lever.co/dscout	1	2026-09-28T08:28:27.849Z
lever	https://jobs.lever.co/dten	1	2026-09-28T08:28:28.775Z
lever	https://jobs.lever.co/duolingo	1	2026-09-28T08:28:29.689Z
lever	https://jobs.lever.co/dwavesys	1	2026-09-28T08:28:29.882Z
lever	https://jobs.lever.co/dydx-ops	1	2026-09-28T08:28:29.997Z
lever	https://jobs.lever.co/dynamoai	1	2026-09-28T08:28:30.197Z
lever	https://jobs.lever.co/dynastystudios	1	2026-09-28T08:28:30.243Z
lever	https://jobs.lever.co/dynatrace	1	2026-09-28T08:28:30.453Z
lever	https://jobs.lever.co/dyte-io	1	2026-09-28T08:28:30.705Z
lever	https://jobs.lever.co/e-core	1	2026-09-28T08:28:30.938Z
lever	https://jobs.lever.co/e2optics	1	2026-09-28T08:28:38.258Z
lever	https://jobs.lever.co/eargo	1	2026-09-28T08:28:31.185Z
lever	https://jobs.lever.co/earlybird	1	2026-09-28T08:28:31.201Z
lever	https://jobs.lever.co/eastwall	1	2026-09-28T08:28:31.452Z
lever	https://jobs.lever.co/eaze	1	2026-09-28T08:28:33.122Z
lever	https://jobs.lever.co/ebury	1	2026-09-28T08:28:43.333Z
lever	https://jobs.lever.co/ecocart	1	2026-09-28T08:28:33.376Z
lever	https://jobs.lever.co/ecosia	1	2026-09-28T08:28:34.984Z
lever	https://jobs.lever.co/edenhealth	1	2026-09-28T08:28:35.931Z
lever	https://jobs.lever.co/edge-impulse	1	2026-09-28T08:28:42.165Z
lever	https://jobs.lever.co/edgrp	1	2026-09-28T08:28:38.516Z
lever	https://jobs.lever.co/edisonenergy	1	2026-09-28T08:28:38.783Z
lever	https://jobs.lever.co/educationatwork	1	2026-09-28T08:28:40.824Z
lever	https://jobs.lever.co/efront	1	2026-09-28T08:28:41.617Z
lever	https://jobs.lever.co/egensolutions	1	2026-09-28T08:28:42.423Z
lever	https://jobs.lever.co/eh2	1	2026-09-28T08:28:42.676Z
lever	https://jobs.lever.co/einride	1	2026-09-28T08:28:42.922Z
lever	https://jobs.lever.co/elearningmind	1	2026-09-28T08:28:43.531Z
lever	https://jobs.lever.co/electrifiedthermalsolutions	1	2026-09-28T08:28:43.785Z
lever	https://jobs.lever.co/electrum	1	2026-09-28T08:28:44.405Z
lever	https://jobs.lever.co/elementus	1	2026-09-28T08:28:44.877Z
lever	https://jobs.lever.co/elevatelabs	1	2026-09-28T08:28:44.923Z
lever	https://jobs.lever.co/elliemae	1	2026-09-28T08:28:46.359Z
lever	https://jobs.lever.co/elliveproductions	1	2026-09-28T08:28:46.254Z
lever	https://jobs.lever.co/elodiegames	1	2026-09-28T08:28:46.510Z
lever	https://jobs.lever.co/elvah	1	2026-09-28T08:28:46.869Z
lever	https://jobs.lever.co/emeraldtherapeutics	1	2026-09-28T08:28:47.116Z
lever	https://jobs.lever.co/emesent	1	2026-09-28T08:28:48.785Z
lever	https://jobs.lever.co/empowerpartnerships	1	2026-09-28T08:28:50.111Z
lever	https://jobs.lever.co/enarahealth	1	2026-09-28T08:28:50.377Z
lever	https://jobs.lever.co/encorevet	1	2026-09-28T08:28:51.055Z
lever	https://jobs.lever.co/endless	1	2026-09-28T08:28:51.559Z
lever	https://jobs.lever.co/endlesswest	1	2026-09-28T08:28:51.816Z
lever	https://jobs.lever.co/endycanada	1	2026-09-28T08:28:52.940Z
lever	https://jobs.lever.co/energy-impact	1	2026-09-28T08:28:53.648Z
lever	https://jobs.lever.co/energyvault	1	2026-09-28T08:28:53.982Z
lever	https://jobs.lever.co/enertechsearch	1	2026-09-28T08:28:54.157Z
lever	https://jobs.lever.co/enjoybloom	1	2026-09-28T08:28:54.369Z
lever	https://jobs.lever.co/enlitic	1	2026-09-28T08:28:54.407Z
lever	https://jobs.lever.co/enso	1	2026-09-28T08:28:54.504Z
lever	https://jobs.lever.co/entangledtalent	1	2026-09-28T08:28:54.523Z
lever	https://jobs.lever.co/entanglelabs	1	2026-09-28T08:28:55.940Z
lever	https://jobs.lever.co/envedabio	1	2026-09-28T08:28:55.266Z
lever	https://jobs.lever.co/envisionemploymentsolutions	1	2026-09-28T08:28:55.460Z
lever	https://jobs.lever.co/enya	1	2026-09-28T08:28:55.957Z
lever	https://jobs.lever.co/epicio	1	2026-09-28T08:28:55.962Z
lever	https://jobs.lever.co/episci	1	2026-09-28T08:28:56.246Z
lever	https://jobs.lever.co/equiphealth	1	2026-09-28T08:28:56.565Z
lever	https://jobs.lever.co/esper-3	1	2026-09-28T08:28:59.594Z
lever	https://jobs.lever.co/espresso	1	2026-09-28T08:28:59.858Z
lever	https://jobs.lever.co/ether-fi	1	2026-09-28T08:29:01.878Z
lever	https://jobs.lever.co/ethereumfoundation	1	2026-09-28T08:29:01.867Z
lever	https://jobs.lever.co/ethos	1	2026-09-28T08:29:01.934Z
lever	https://jobs.lever.co/etsy	1	2026-09-28T08:29:02.088Z
lever	https://jobs.lever.co/eudia	1	2026-09-28T08:29:02.592Z
lever	https://jobs.lever.co/eve	1	2026-09-28T08:29:02.119Z
lever	https://jobs.lever.co/evenfinancial	1	2026-09-28T08:29:02.187Z
lever	https://jobs.lever.co/eventbrite	1	2026-09-28T08:29:02.335Z
lever	https://jobs.lever.co/everc	1	2026-09-28T08:29:02.427Z
lever	https://jobs.lever.co/evergrow	1	2026-09-28T08:29:02.672Z
lever	https://jobs.lever.co/everlane	1	2026-09-28T08:29:02.838Z
lever	https://jobs.lever.co/everlaw	1	2026-09-28T08:29:02.926Z
lever	https://jobs.lever.co/everli	1	2026-09-28T08:29:03.079Z
lever	https://jobs.lever.co/evisort-2	1	2026-09-28T08:29:03.198Z
lever	https://jobs.lever.co/evocalize	1	2026-09-28T08:29:03.402Z
lever	https://jobs.lever.co/exa-labs	1	2026-09-28T08:29:03.901Z
lever	https://jobs.lever.co/exabeam	1	2026-09-28T08:29:03.911Z
lever	https://jobs.lever.co/exp	1	2026-09-28T08:29:04.121Z
lever	https://jobs.lever.co/explorejobssearch	1	2026-09-28T08:29:04.222Z
lever	https://jobs.lever.co/expopulus	1	2026-09-28T08:29:04.364Z
lever	https://jobs.lever.co/ey-ps	1	2026-09-28T08:29:05.471Z
lever	https://jobs.lever.co/f16y	1	2026-09-28T08:29:05.918Z
lever	https://jobs.lever.co/fabric	1	2026-09-28T08:29:06.169Z
lever	https://jobs.lever.co/fabrica	1	2026-09-28T08:29:06.412Z
lever	https://jobs.lever.co/factored	1	2026-09-28T08:29:06.679Z
lever	https://jobs.lever.co/fairmat	1	2026-09-28T08:29:06.936Z
lever	https://jobs.lever.co/fairmatic	1	2026-09-28T08:29:07.191Z
lever	https://jobs.lever.co/fama	1	2026-09-28T08:29:07.296Z
lever	https://jobs.lever.co/fanatics	1	2026-09-28T08:29:07.979Z
lever	https://jobs.lever.co/farcast	1	2026-09-28T08:29:08.336Z
lever	https://jobs.lever.co/farmgirlflowers	1	2026-09-28T08:29:08.636Z
lever	https://jobs.lever.co/farmwise	1	2026-09-28T08:29:08.787Z
lever	https://jobs.lever.co/fast	1	2026-09-28T08:29:08.897Z
lever	https://jobs.lever.co/fathom5	1	2026-09-28T08:29:09.123Z
lever	https://jobs.lever.co/fathomhealth	1	2026-09-28T08:29:09.168Z
lever	https://jobs.lever.co/fathomradiant	1	2026-09-28T08:29:09.472Z
lever	https://jobs.lever.co/fazzfinancial	1	2026-09-28T08:29:09.391Z
lever	https://jobs.lever.co/federato	1	2026-09-28T08:29:09.422Z
lever	https://jobs.lever.co/feedmedia	1	2026-09-28T08:29:09.664Z
lever	https://jobs.lever.co/fellowshiplifeinc	1	2026-09-28T08:29:09.789Z
lever	https://jobs.lever.co/ffws	1	2026-09-28T08:29:10.227Z
lever	https://jobs.lever.co/fiddlerlabs	1	2026-09-28T08:29:10.478Z
lever	https://jobs.lever.co/fightcamp	1	2026-09-28T08:29:13.586Z
lever	https://jobs.lever.co/figma	1	2026-09-28T08:29:13.834Z
lever	https://jobs.lever.co/financeinabox	1	2026-09-28T08:29:17.211Z
lever	https://jobs.lever.co/findmine	1	2026-09-28T08:29:14.949Z
lever	https://jobs.lever.co/findora	1	2026-09-28T08:29:15.108Z
lever	https://jobs.lever.co/finleytechnologies	1	2026-09-28T08:29:15.379Z
lever	https://jobs.lever.co/finstek	1	2026-09-28T08:29:16.113Z
lever	https://jobs.lever.co/finwavesemiconductor	1	2026-09-28T08:29:16.363Z
lever	https://jobs.lever.co/firewoodmarketing	1	2026-09-28T08:29:16.784Z
lever	https://jobs.lever.co/firmex	1	2026-09-28T08:29:17.119Z
lever	https://jobs.lever.co/firsthand	1	2026-09-28T08:29:17.640Z
lever	https://jobs.lever.co/firstround	1	2026-09-28T08:29:17.366Z
lever	https://jobs.lever.co/fishtownanalytics	1	2026-09-28T08:29:17.891Z
lever	https://jobs.lever.co/fitifyworkouts	1	2026-09-28T08:29:18.144Z
lever	https://jobs.lever.co/fizz	1	2026-09-28T08:29:18.492Z
lever	https://jobs.lever.co/flaretherapeutics	1	2026-09-28T08:29:18.866Z
lever	https://jobs.lever.co/flash	1	2026-09-28T08:29:18.911Z
lever	https://jobs.lever.co/flatironsdevelopment	1	2026-09-28T08:29:19.600Z
lever	https://jobs.lever.co/flawlessai	1	2026-09-28T08:29:19.797Z
lever	https://jobs.lever.co/fleetsmith	1	2026-09-28T08:29:19.849Z
lever	https://jobs.lever.co/flex	1	2026-09-28T08:29:19.927Z
lever	https://jobs.lever.co/flexcollegeprep	1	2026-09-28T08:29:20.086Z
lever	https://jobs.lever.co/flexiti	1	2026-09-28T08:29:20.111Z
lever	https://jobs.lever.co/fliff	1	2026-09-28T08:29:20.178Z
lever	https://jobs.lever.co/flightcx	1	2026-09-28T08:29:20.317Z
lever	https://jobs.lever.co/flipfit	1	2026-09-28T08:29:20.443Z
lever	https://jobs.lever.co/flockjay	1	2026-09-28T08:29:20.421Z
lever	https://jobs.lever.co/flowerave	1	2026-09-28T08:29:20.741Z
lever	https://jobs.lever.co/flowfoundation	1	2026-09-28T08:29:20.693Z
lever	https://jobs.lever.co/flowspace	1	2026-09-28T08:29:21.389Z
lever	https://jobs.lever.co/flpstudio	1	2026-09-28T08:29:20.990Z
lever	https://jobs.lever.co/fluence	1	2026-09-28T08:29:21.518Z
lever	https://jobs.lever.co/flyrhospitality	1	2026-09-28T08:29:21.764Z
lever	https://jobs.lever.co/flyrlabs	1	2026-09-28T08:29:21.969Z
lever	https://jobs.lever.co/flytographer	1	2026-09-28T08:29:22.020Z
lever	https://jobs.lever.co/flywheel-2	1	2026-09-28T08:29:22.216Z
lever	https://jobs.lever.co/flywheeldigital	1	2026-09-28T08:29:22.277Z
lever	https://jobs.lever.co/flyzipline	1	2026-09-28T08:29:22.460Z
lever	https://jobs.lever.co/fnatic	1	2026-09-28T08:29:22.519Z
lever	https://jobs.lever.co/focuspartners	1	2026-09-28T08:29:22.648Z
lever	https://jobs.lever.co/food52	1	2026-09-28T08:29:22.950Z
lever	https://jobs.lever.co/forestcarbonworks	1	2026-09-28T08:29:23.217Z
lever	https://jobs.lever.co/formant	1	2026-09-28T08:29:23.779Z
lever	https://jobs.lever.co/format	1	2026-09-28T08:29:24.025Z
lever	https://jobs.lever.co/formelife	1	2026-09-28T08:29:24.277Z
lever	https://jobs.lever.co/formenergy	1	2026-09-28T08:29:24.429Z
lever	https://jobs.lever.co/formidable	1	2026-09-28T08:29:24.528Z
lever	https://jobs.lever.co/formlogic	1	2026-09-28T08:29:24.529Z
lever	https://jobs.lever.co/formstack	1	2026-09-28T08:29:24.662Z
lever	https://jobs.lever.co/formulamonks	1	2026-09-28T08:29:24.686Z
lever	https://jobs.lever.co/fortahealth	1	2026-09-28T08:29:24.785Z
lever	https://jobs.lever.co/forto	1	2026-09-28T08:29:24.946Z
lever	https://jobs.lever.co/fortreum	1	2026-09-28T08:29:25.030Z
lever	https://jobs.lever.co/fortuneschool	1	2026-09-28T08:29:25.193Z
lever	https://jobs.lever.co/forusall	1	2026-09-28T08:29:25.190Z
lever	https://jobs.lever.co/foundersfactory	1	2026-09-28T08:29:25.445Z
lever	https://jobs.lever.co/foundersfactoryafrica	1	2026-09-28T08:29:25.445Z
lever	https://jobs.lever.co/foundry-ai	1	2026-09-28T08:29:25.698Z
lever	https://jobs.lever.co/fourth	1	2026-09-28T08:29:25.691Z
lever	https://jobs.lever.co/foxtrotco	1	2026-09-28T08:29:26.003Z
lever	https://jobs.lever.co/fractional	1	2026-09-28T08:29:26.295Z
lever	https://jobs.lever.co/framework	1	2026-09-28T08:29:26.331Z
lever	https://jobs.lever.co/freeletics	1	2026-09-28T08:29:26.789Z
lever	https://jobs.lever.co/freshhealth	1	2026-09-28T08:29:28.320Z
lever	https://jobs.lever.co/freshly	1	2026-09-28T08:29:28.566Z
lever	https://jobs.lever.co/frontapp	1	2026-09-28T08:29:28.807Z
lever	https://jobs.lever.co/frubana	1	2026-09-28T08:29:29.314Z
lever	https://jobs.lever.co/ftc	1	2026-09-28T08:29:29.506Z
lever	https://jobs.lever.co/ftxus	1	2026-09-28T08:29:29.639Z
lever	https://jobs.lever.co/fulcrumservices	1	2026-09-28T08:29:29.779Z
lever	https://jobs.lever.co/fullscreen	1	2026-09-28T08:29:29.886Z
lever	https://jobs.lever.co/fullstacklabs	1	2026-09-28T08:29:30.032Z
lever	https://jobs.lever.co/fundapps	1	2026-09-28T08:29:30.287Z
lever	https://jobs.lever.co/fundera	1	2026-09-28T08:29:30.395Z
lever	https://jobs.lever.co/fuse	1	2026-09-28T08:29:30.872Z
lever	https://jobs.lever.co/futurelaboratori	1	2026-09-28T08:29:30.973Z
lever	https://jobs.lever.co/fynd	1	2026-09-28T08:29:31.201Z
lever	https://jobs.lever.co/fyusion	1	2026-09-28T08:29:31.232Z
lever	https://jobs.lever.co/g2i	1	2026-09-28T08:29:31.444Z
lever	https://jobs.lever.co/gametime	1	2026-09-28T08:29:31.772Z
lever	https://jobs.lever.co/gantri	1	2026-09-28T08:29:32.041Z
lever	https://jobs.lever.co/gantry	1	2026-09-28T08:29:32.110Z
lever	https://jobs.lever.co/gather-health	1	2026-09-28T08:29:32.369Z
lever	https://jobs.lever.co/gatherai	1	2026-09-28T08:29:32.632Z
lever	https://jobs.lever.co/gatheround	1	2026-09-28T08:29:32.886Z
lever	https://jobs.lever.co/gbatteries	1	2026-09-28T08:29:33.324Z
lever	https://jobs.lever.co/gdi	1	2026-09-28T08:29:33.405Z
lever	https://jobs.lever.co/geckoboard	1	2026-09-28T08:29:34.399Z
lever	https://jobs.lever.co/genedit	1	2026-09-28T08:29:33.780Z
lever	https://jobs.lever.co/generallyintelligent	1	2026-09-28T08:29:33.834Z
lever	https://jobs.lever.co/generation	1	2026-09-28T08:29:33.953Z
lever	https://jobs.lever.co/genesistherapeutics	1	2026-09-28T08:29:34.087Z
lever	https://jobs.lever.co/genomicsplc	1	2026-09-28T08:29:34.355Z
lever	https://jobs.lever.co/gentibio	1	2026-09-28T08:29:34.468Z
lever	https://jobs.lever.co/geophy	1	2026-09-28T08:29:34.638Z
lever	https://jobs.lever.co/geotab	1	2026-09-28T08:29:34.713Z
lever	https://jobs.lever.co/getansa	1	2026-09-28T08:29:34.955Z
lever	https://jobs.lever.co/getaround	1	2026-09-28T08:29:35.247Z
lever	https://jobs.lever.co/getbuilt	1	2026-09-28T08:29:35.351Z
lever	https://jobs.lever.co/getcenter	1	2026-09-28T08:29:35.515Z
lever	https://jobs.lever.co/getfable	1	2026-09-28T08:29:36.019Z
lever	https://jobs.lever.co/getjerry	1	2026-09-28T08:29:36.118Z
lever	https://jobs.lever.co/getjones	1	2026-09-28T08:29:36.264Z
lever	https://jobs.lever.co/getlago	1	2026-09-28T08:29:36.303Z
lever	https://jobs.lever.co/getmetronome	1	2026-09-28T08:29:36.363Z
lever	https://jobs.lever.co/getmulberry	1	2026-09-28T08:29:36.572Z
lever	https://jobs.lever.co/getmysa	1	2026-09-28T08:29:36.618Z
lever	https://jobs.lever.co/getpatch	1	2026-09-28T08:29:36.832Z
lever	https://jobs.lever.co/ghjadvisors	1	2026-09-28T08:29:38.510Z
lever	https://jobs.lever.co/gigster	1	2026-09-28T08:29:39.524Z
lever	https://jobs.lever.co/ginkgobioworks	1	2026-09-28T08:29:39.785Z
lever	https://jobs.lever.co/gitbook	1	2026-09-28T08:29:40.032Z
lever	https://jobs.lever.co/gitlab	1	2026-09-28T08:29:40.288Z
lever	https://jobs.lever.co/givax	1	2026-09-28T08:29:40.539Z
lever	https://jobs.lever.co/givebutter	1	2026-09-28T08:29:40.780Z
lever	https://jobs.lever.co/givingli	1	2026-09-28T08:29:40.933Z
lever	https://jobs.lever.co/glassnode	1	2026-09-28T08:29:41.177Z
lever	https://jobs.lever.co/glidian	1	2026-09-28T08:29:41.790Z
lever	https://jobs.lever.co/glints	1	2026-09-28T08:29:42.034Z
lever	https://jobs.lever.co/glitch	1	2026-09-28T08:29:46.143Z
lever	https://jobs.lever.co/global-elite	1	2026-09-28T08:29:42.549Z
lever	https://jobs.lever.co/globalelitecareers	1	2026-09-28T08:29:42.293Z
lever	https://jobs.lever.co/gloo	1	2026-09-28T08:29:44.241Z
lever	https://jobs.lever.co/glowforge	1	2026-09-28T08:29:42.798Z
lever	https://jobs.lever.co/glu	1	2026-09-28T08:29:43.039Z
lever	https://jobs.lever.co/go2-markets	1	2026-09-28T08:29:44.488Z
lever	https://jobs.lever.co/goabstract	1	2026-09-28T08:29:44.734Z
lever	https://jobs.lever.co/goat	1	2026-09-28T08:29:45.054Z
lever	https://jobs.lever.co/gobrightside	1	2026-09-28T08:29:45.194Z
lever	https://jobs.lever.co/goconsensus	1	2026-09-28T08:29:45.441Z
lever	https://jobs.lever.co/goeverbright	1	2026-09-28T08:29:45.481Z
lever	https://jobs.lever.co/goforward	1	2026-09-28T08:29:45.695Z
lever	https://jobs.lever.co/gogolook	1	2026-09-28T08:29:45.727Z
lever	https://jobs.lever.co/gojek	1	2026-09-28T08:29:45.980Z
lever	https://jobs.lever.co/gokenamerica1	1	2026-09-28T08:29:46.245Z
lever	https://jobs.lever.co/goldcast	1	2026-09-28T08:29:46.324Z
lever	https://jobs.lever.co/goldfinch	1	2026-09-28T08:29:46.451Z
lever	https://jobs.lever.co/golucid	1	2026-09-28T08:29:49.477Z
lever	https://jobs.lever.co/gong	1	2026-09-28T08:29:47.200Z
lever	https://jobs.lever.co/goodgamestudios	1	2026-09-28T08:29:49.241Z
lever	https://jobs.lever.co/goodrx	1	2026-09-28T08:29:49.827Z
lever	https://jobs.lever.co/gorgias	1	2026-09-28T08:29:51.403Z
lever	https://jobs.lever.co/gorillalogic	1	2026-09-28T08:29:53.525Z
lever	https://jobs.lever.co/goshippo	1	2026-09-28T08:29:53.798Z
lever	https://jobs.lever.co/gotit	1	2026-09-28T08:29:54.562Z
lever	https://jobs.lever.co/gotogroup	1	2026-09-28T08:29:54.810Z
lever	https://jobs.lever.co/govini	1	2026-09-28T08:29:56.019Z
lever	https://jobs.lever.co/gowanco	1	2026-09-28T08:29:56.896Z
lever	https://jobs.lever.co/gpsfx	1	2026-09-28T08:29:57.485Z
lever	https://jobs.lever.co/grab	1	2026-09-28T08:29:57.734Z
lever	https://jobs.lever.co/grafana	1	2026-09-28T08:29:57.817Z
lever	https://jobs.lever.co/grandrounds	1	2026-09-28T08:29:58.319Z
lever	https://jobs.lever.co/granicus	1	2026-09-28T08:29:58.563Z
lever	https://jobs.lever.co/granular	1	2026-09-28T08:29:58.809Z
lever	https://jobs.lever.co/grav	1	2026-09-28T08:30:11.046Z
lever	https://jobs.lever.co/graviticsspace	1	2026-09-28T08:30:00.677Z
lever	https://jobs.lever.co/grayscale	1	2026-09-28T08:30:01.169Z
lever	https://jobs.lever.co/greenroompr	1	2026-09-28T08:30:04.418Z
lever	https://jobs.lever.co/greenshieldholdings	1	2026-09-28T08:30:04.428Z
lever	https://jobs.lever.co/greybrook	1	2026-09-28T08:30:04.674Z
lever	https://jobs.lever.co/grid	1	2026-09-28T08:30:04.703Z
lever	https://jobs.lever.co/grimm-co	1	2026-09-28T08:30:05.172Z
lever	https://jobs.lever.co/grove	1	2026-09-28T08:30:13.409Z
lever	https://jobs.lever.co/grow	1	2026-09-28T08:30:06.916Z
lever	https://jobs.lever.co/growthlending	1	2026-09-28T08:30:07.168Z
lever	https://jobs.lever.co/growthtribe	1	2026-09-28T08:30:07.399Z
lever	https://jobs.lever.co/gscloudsolutions	1	2026-09-28T08:30:07.424Z
lever	https://jobs.lever.co/gsr	1	2026-09-28T08:30:07.667Z
lever	https://jobs.lever.co/gts	1	2026-09-28T08:30:07.873Z
lever	https://jobs.lever.co/guidewire	1	2026-09-28T08:30:08.117Z
lever	https://jobs.lever.co/guild	1	2026-09-28T08:30:08.357Z
lever	https://jobs.lever.co/gurobioptimization	1	2026-09-28T08:30:08.862Z
lever	https://jobs.lever.co/guusto	1	2026-09-28T08:30:11.559Z
lever	https://jobs.lever.co/habito	1	2026-09-28T08:30:12.067Z
lever	https://jobs.lever.co/hackerone	1	2026-09-28T08:30:12.424Z
lever	https://jobs.lever.co/hadrian	1	2026-09-28T08:30:12.736Z
lever	https://jobs.lever.co/hakkoda	1	2026-09-28T08:30:12.746Z
lever	https://jobs.lever.co/hallow	1	2026-09-28T08:30:12.996Z
lever	https://jobs.lever.co/haloeurope	1	2026-09-28T08:30:12.994Z
lever	https://jobs.lever.co/halter	1	2026-09-28T08:30:13.241Z
lever	https://jobs.lever.co/hamiltonps	1	2026-09-28T08:30:13.492Z
lever	https://jobs.lever.co/happn	1	2026-09-28T08:30:13.995Z
lever	https://jobs.lever.co/happyfresh	1	2026-09-28T08:30:14.400Z
lever	https://jobs.lever.co/happymoney	1	2026-09-28T08:30:15.105Z
lever	https://jobs.lever.co/harness	1	2026-09-28T08:30:15.416Z
lever	https://jobs.lever.co/harrisinsights	1	2026-09-28T08:30:15.662Z
lever	https://jobs.lever.co/harrison	1	2026-09-28T08:30:15.886Z
lever	https://jobs.lever.co/harvest-2	1	2026-09-28T08:30:16.000Z
lever	https://jobs.lever.co/hash	1	2026-09-28T08:30:16.147Z
lever	https://jobs.lever.co/hatch	1	2026-09-28T08:30:16.437Z
lever	https://jobs.lever.co/hatchcard	1	2026-09-28T08:30:16.740Z
lever	https://jobs.lever.co/haus	1	2026-09-28T08:30:18.221Z
lever	https://jobs.lever.co/hazelanalytics	1	2026-09-28T08:30:18.735Z
lever	https://jobs.lever.co/hdvi	1	2026-09-28T08:30:19.358Z
lever	https://jobs.lever.co/hdworks	1	2026-09-28T08:30:19.685Z
lever	https://jobs.lever.co/headhunters	1	2026-09-28T08:30:19.936Z
lever	https://jobs.lever.co/headout	1	2026-09-28T08:30:20.201Z
lever	https://jobs.lever.co/headspace	1	2026-09-28T08:30:20.454Z
lever	https://jobs.lever.co/health-atscale	1	2026-09-28T08:30:20.709Z
lever	https://jobs.lever.co/health-match	1	2026-09-28T08:30:20.829Z
lever	https://jobs.lever.co/healthatom	1	2026-09-28T08:30:20.891Z
lever	https://jobs.lever.co/healthebay	1	2026-09-28T08:30:24.395Z
lever	https://jobs.lever.co/healthline	1	2026-09-28T08:30:21.124Z
lever	https://jobs.lever.co/healthtensor	1	2026-09-28T08:30:21.261Z
lever	https://jobs.lever.co/healthverity	1	2026-09-28T08:30:21.384Z
lever	https://jobs.lever.co/hearsaysystems	1	2026-09-28T08:30:21.637Z
lever	https://jobs.lever.co/heartflow	1	2026-09-28T08:30:21.880Z
lever	https://jobs.lever.co/heirloomtechnologies	1	2026-09-28T08:30:22.241Z
lever	https://jobs.lever.co/helbiz	1	2026-09-28T08:30:22.513Z
lever	https://jobs.lever.co/hellobestow	1	2026-09-28T08:30:22.780Z
lever	https://jobs.lever.co/hellojagger	1	2026-09-28T08:30:23.039Z
lever	https://jobs.lever.co/hellopicnic	1	2026-09-28T08:30:26.010Z
lever	https://jobs.lever.co/hellosign	1	2026-09-28T08:30:24.532Z
lever	https://jobs.lever.co/helm	1	2026-09-28T08:30:23.728Z
lever	https://jobs.lever.co/helpscout	1	2026-09-28T08:30:23.981Z
lever	https://jobs.lever.co/helpshift	1	2026-09-28T08:30:24.249Z
lever	https://jobs.lever.co/helsing	1	2026-09-28T08:30:24.490Z
lever	https://jobs.lever.co/herbl	1	2026-09-28T08:30:24.654Z
lever	https://jobs.lever.co/heretic-fund	1	2026-09-28T08:30:25.871Z
lever	https://jobs.lever.co/hexagonusfederal	1	2026-09-28T08:30:25.562Z
lever	https://jobs.lever.co/hicleo	1	2026-09-28T08:30:27.250Z
lever	https://jobs.lever.co/highfidelity	1	2026-09-28T08:30:27.495Z
lever	https://jobs.lever.co/highlight	1	2026-09-28T08:30:28.512Z
lever	https://jobs.lever.co/highwirepr	1	2026-09-28T08:30:30.239Z
lever	https://jobs.lever.co/hike	1	2026-09-28T08:30:29.429Z
lever	https://jobs.lever.co/himama	1	2026-09-28T08:30:29.547Z
lever	https://jobs.lever.co/hingehealth	1	2026-09-28T08:30:29.681Z
lever	https://jobs.lever.co/hipcamp	1	2026-09-28T08:30:29.920Z
lever	https://jobs.lever.co/hireincloud	1	2026-09-28T08:30:30.237Z
lever	https://jobs.lever.co/hirezstudios	1	2026-09-28T08:30:30.661Z
lever	https://jobs.lever.co/hiring	1	2026-09-28T08:30:30.492Z
lever	https://jobs.lever.co/hiro	1	2026-09-28T08:30:30.574Z
lever	https://jobs.lever.co/hivebrite	1	2026-09-28T08:30:30.749Z
lever	https://jobs.lever.co/hively	1	2026-09-28T08:30:30.842Z
lever	https://jobs.lever.co/hivemapper	1	2026-09-28T08:30:30.908Z
lever	https://jobs.lever.co/hiver	1	2026-09-28T08:30:31.284Z
lever	https://jobs.lever.co/hlkagency	1	2026-09-28T08:30:31.208Z
lever	https://jobs.lever.co/holmusk	1	2026-09-28T08:30:32.692Z
lever	https://jobs.lever.co/hologram	1	2026-09-28T08:30:34.728Z
lever	https://jobs.lever.co/holygrail	1	2026-09-28T08:30:32.943Z
lever	https://jobs.lever.co/homechef	1	2026-09-28T08:30:33.128Z
lever	https://jobs.lever.co/homelister	1	2026-09-28T08:30:36.497Z
lever	https://jobs.lever.co/homesnap	1	2026-09-28T08:30:33.371Z
lever	https://jobs.lever.co/homestars	1	2026-09-28T08:30:34.182Z
lever	https://jobs.lever.co/homex	1	2026-09-28T08:30:36.944Z
lever	https://jobs.lever.co/hone	1	2026-09-28T08:30:34.503Z
lever	https://jobs.lever.co/honeycomb	1	2026-09-28T08:30:34.973Z
lever	https://jobs.lever.co/honeypot	1	2026-09-28T08:30:35.006Z
lever	https://jobs.lever.co/hopper	1	2026-09-28T08:30:36.744Z
lever	https://jobs.lever.co/hopthru	1	2026-09-28T08:30:36.984Z
lever	https://jobs.lever.co/hostinger	1	2026-09-28T08:30:37.924Z
lever	https://jobs.lever.co/hoteltonight	1	2026-09-28T08:30:38.175Z
lever	https://jobs.lever.co/howgood	1	2026-09-28T08:30:37.987Z
lever	https://jobs.lever.co/hqxyz	1	2026-09-28T08:30:38.180Z
lever	https://jobs.lever.co/hr-hints	1	2026-09-28T08:30:38.178Z
lever	https://jobs.lever.co/hubla	1	2026-09-28T08:30:38.229Z
lever	https://jobs.lever.co/huckleberrylabs	1	2026-09-28T08:30:38.452Z
lever	https://jobs.lever.co/huma	1	2026-09-28T08:30:38.419Z
lever	https://jobs.lever.co/human-protocol-foundation	1	2026-09-28T08:30:38.916Z
lever	https://jobs.lever.co/humanapi	1	2026-09-28T08:30:38.489Z
lever	https://jobs.lever.co/humanfirst	1	2026-09-28T08:30:38.671Z
lever	https://jobs.lever.co/humansecurity	1	2026-09-28T08:30:38.741Z
lever	https://jobs.lever.co/humi-2	1	2026-09-28T08:30:38.925Z
lever	https://jobs.lever.co/hungerfreeamerica	1	2026-09-28T08:30:38.981Z
lever	https://jobs.lever.co/hungryharvest	1	2026-09-28T08:30:38.996Z
lever	https://jobs.lever.co/hvmn	1	2026-09-28T08:30:39.160Z
lever	https://jobs.lever.co/hydrow	1	2026-09-28T08:30:39.162Z
lever	https://jobs.lever.co/hypercomply	1	2026-09-28T08:30:39.231Z
lever	https://jobs.lever.co/hyperlane	1	2026-09-28T08:30:39.259Z
lever	https://jobs.lever.co/hyperscience	1	2026-09-28T08:30:39.289Z
lever	https://jobs.lever.co/hyundai-aptivad	1	2026-09-28T08:30:39.404Z
lever	https://jobs.lever.co/ianulytalentaccelerators	1	2026-09-28T08:30:39.478Z
lever	https://jobs.lever.co/icemortgagetechnology	1	2026-09-28T08:30:39.504Z
lever	https://jobs.lever.co/icertis	1	2026-09-28T08:30:39.542Z
lever	https://jobs.lever.co/icodde	1	2026-09-28T08:30:39.659Z
lever	https://jobs.lever.co/iconicair	1	2026-09-28T08:30:39.701Z
lever	https://jobs.lever.co/icosavax	1	2026-09-28T08:30:39.761Z
lever	https://jobs.lever.co/ideagen	1	2026-09-28T08:30:39.755Z
lever	https://jobs.lever.co/idealscorp	1	2026-09-28T08:30:39.986Z
lever	https://jobs.lever.co/ideayabio	1	2026-09-28T08:30:39.996Z
lever	https://jobs.lever.co/if7	1	2026-09-28T08:30:40.234Z
lever	https://jobs.lever.co/igmbio	1	2026-09-28T08:30:40.249Z
lever	https://jobs.lever.co/ignite	1	2026-09-28T08:30:40.450Z
lever	https://jobs.lever.co/imperfectfoods	1	2026-09-28T08:30:41.620Z
lever	https://jobs.lever.co/imperfectproduce	1	2026-09-28T08:30:41.860Z
lever	https://jobs.lever.co/impossiblefoods	1	2026-09-28T08:30:42.076Z
lever	https://jobs.lever.co/improbable	1	2026-09-28T08:30:42.103Z
lever	https://jobs.lever.co/improvadoio	1	2026-09-28T08:30:42.816Z
lever	https://jobs.lever.co/inato	1	2026-09-28T08:30:42.318Z
lever	https://jobs.lever.co/inboxlab	1	2026-09-28T08:30:42.357Z
lever	https://jobs.lever.co/incandescent	1	2026-09-28T08:30:42.426Z
lever	https://jobs.lever.co/indebted	1	2026-09-28T08:30:42.905Z
lever	https://jobs.lever.co/indico	1	2026-09-28T08:30:43.008Z
lever	https://jobs.lever.co/indigoag	1	2026-09-28T08:30:43.072Z
lever	https://jobs.lever.co/indivisible	1	2026-09-28T08:30:43.364Z
lever	https://jobs.lever.co/inductiveautomation	1	2026-09-28T08:30:43.222Z
lever	https://jobs.lever.co/industrydive	1	2026-09-28T08:30:43.325Z
lever	https://jobs.lever.co/infieldstrategies	1	2026-09-28T08:30:43.478Z
lever	https://jobs.lever.co/infinigods	1	2026-09-28T08:30:43.580Z
lever	https://jobs.lever.co/infinitus	1	2026-09-28T08:30:43.624Z
lever	https://jobs.lever.co/inflection	1	2026-09-28T08:30:43.669Z
lever	https://jobs.lever.co/inflexion	1	2026-09-28T08:30:43.723Z
lever	https://jobs.lever.co/inflow	1	2026-09-28T08:30:43.838Z
lever	https://jobs.lever.co/infogrid	1	2026-09-28T08:30:43.968Z
lever	https://jobs.lever.co/infogridlinks	1	2026-09-28T08:30:44.083Z
lever	https://jobs.lever.co/infrastructureandcapitalprojects	1	2026-09-28T08:30:44.205Z
lever	https://jobs.lever.co/infrastructureontario	1	2026-09-28T08:30:44.210Z
lever	https://jobs.lever.co/initialized	1	2026-09-28T08:30:44.452Z
lever	https://jobs.lever.co/injectivelabs	1	2026-09-28T08:30:44.462Z
lever	https://jobs.lever.co/inlight	1	2026-09-28T08:30:44.618Z
lever	https://jobs.lever.co/innovafeed	1	2026-09-28T08:30:44.705Z
lever	https://jobs.lever.co/innovationdept	1	2026-09-28T08:30:44.870Z
lever	https://jobs.lever.co/insightm	1	2026-09-28T08:30:45.100Z
lever	https://jobs.lever.co/inspiration-mobility	1	2026-09-28T08:30:45.347Z
lever	https://jobs.lever.co/instawork	1	2026-09-28T08:30:45.431Z
lever	https://jobs.lever.co/instituteforproteininnovation	1	2026-09-28T08:30:45.596Z
lever	https://jobs.lever.co/instructure	1	2026-09-28T08:30:45.679Z
lever	https://jobs.lever.co/instrumental	1	2026-09-28T08:30:45.875Z
lever	https://jobs.lever.co/instrumentl	1	2026-09-28T08:30:45.917Z
lever	https://jobs.lever.co/intelligent-city	1	2026-09-28T08:30:46.186Z
lever	https://jobs.lever.co/intelliware	1	2026-09-28T08:30:46.434Z
lever	https://jobs.lever.co/intelycare	1	2026-09-28T08:30:46.677Z
lever	https://jobs.lever.co/interaxon	1	2026-09-28T08:30:46.942Z
lever	https://jobs.lever.co/interfolio	1	2026-09-28T08:30:46.989Z
lever	https://jobs.lever.co/interiormarketinggroup	1	2026-09-28T08:30:47.030Z
lever	https://jobs.lever.co/interlude	1	2026-09-28T08:30:47.191Z
lever	https://jobs.lever.co/internationalbudget	1	2026-09-28T08:30:47.335Z
lever	https://jobs.lever.co/intersectpower	1	2026-09-28T08:30:47.435Z
lever	https://jobs.lever.co/intive	1	2026-09-28T08:30:47.608Z
lever	https://jobs.lever.co/intouchgroup	1	2026-09-28T08:30:47.701Z
lever	https://jobs.lever.co/intrepid	1	2026-09-28T08:30:47.946Z
lever	https://jobs.lever.co/intricately	1	2026-09-28T08:30:48.632Z
lever	https://jobs.lever.co/intro	1	2026-09-28T08:30:48.715Z
lever	https://jobs.lever.co/inventa	1	2026-09-28T08:30:48.920Z
lever	https://jobs.lever.co/invisible	1	2026-09-28T08:30:49.198Z
lever	https://jobs.lever.co/invisible-ai	1	2026-09-28T08:30:49.460Z
lever	https://jobs.lever.co/invokestaffing	1	2026-09-28T08:30:49.706Z
lever	https://jobs.lever.co/inworld	1	2026-09-28T08:30:50.663Z
lever	https://jobs.lever.co/iobeya	1	2026-09-28T08:30:50.612Z
lever	https://jobs.lever.co/ionic	1	2026-09-28T08:30:50.931Z
lever	https://jobs.lever.co/ionicpartners	1	2026-09-28T08:30:51.041Z
lever	https://jobs.lever.co/iovlabs	1	2026-09-28T08:30:51.675Z
lever	https://jobs.lever.co/iphi	1	2026-09-28T08:30:51.288Z
lever	https://jobs.lever.co/iron_hack	1	2026-09-28T08:30:53.270Z
lever	https://jobs.lever.co/ironcladapp	1	2026-09-28T08:30:54.244Z
lever	https://jobs.lever.co/ironnetcybersecurity	1	2026-09-28T08:30:53.749Z
lever	https://jobs.lever.co/ironox	1	2026-09-28T08:30:54.008Z
lever	https://jobs.lever.co/isometrictechnologies	1	2026-09-28T08:30:54.507Z
lever	https://jobs.lever.co/italic	1	2026-09-28T08:30:55.323Z
lever	https://jobs.lever.co/iterative	1	2026-09-28T08:30:55.326Z
lever	https://jobs.lever.co/itutor	1	2026-09-28T08:30:55.578Z
lever	https://jobs.lever.co/izotope	1	2026-09-28T08:30:56.301Z
lever	https://jobs.lever.co/jacquard	1	2026-09-28T08:30:56.554Z
lever	https://jobs.lever.co/jane	1	2026-09-28T08:30:56.848Z
lever	https://jobs.lever.co/janeapp	1	2026-09-28T08:30:57.100Z
lever	https://jobs.lever.co/jar-app	1	2026-09-28T08:30:58.306Z
lever	https://jobs.lever.co/jarofleets	1	2026-09-28T08:30:58.554Z
lever	https://jobs.lever.co/jarvis	1	2026-09-28T08:30:58.802Z
lever	https://jobs.lever.co/jeff-app	1	2026-09-28T08:30:59.508Z
lever	https://jobs.lever.co/jellysmack	1	2026-09-28T08:30:59.504Z
lever	https://jobs.lever.co/jina-ai	1	2026-09-28T08:30:59.786Z
lever	https://jobs.lever.co/jobcase	1	2026-09-28T08:31:00.705Z
lever	https://jobs.lever.co/jockmkt	1	2026-09-28T08:31:01.576Z
lever	https://jobs.lever.co/joebiden	1	2026-09-28T08:31:01.611Z
lever	https://jobs.lever.co/joinclubhouse	1	2026-09-28T08:31:01.849Z
lever	https://jobs.lever.co/joindrop	1	2026-09-28T08:31:02.080Z
lever	https://jobs.lever.co/joinefnow	1	2026-09-28T08:31:02.099Z
lever	https://jobs.lever.co/joingraphite	1	2026-09-28T08:31:02.319Z
lever	https://jobs.lever.co/joinlincoln	1	2026-09-28T08:31:02.343Z
lever	https://jobs.lever.co/joinmonument-2	1	2026-09-28T08:31:02.419Z
lever	https://jobs.lever.co/joinpapa	1	2026-09-28T08:31:02.570Z
lever	https://jobs.lever.co/joinroot	1	2026-09-28T08:31:02.585Z
lever	https://jobs.lever.co/joinswoop	1	2026-09-28T08:31:02.665Z
lever	https://jobs.lever.co/joinzoe	1	2026-09-28T08:31:02.836Z
lever	https://jobs.lever.co/journeyclinical	1	2026-09-28T08:31:03.079Z
lever	https://jobs.lever.co/juniperplatform	1	2026-09-28T08:31:03.700Z
lever	https://jobs.lever.co/juno	1	2026-09-28T08:31:03.953Z
lever	https://jobs.lever.co/jupiter	1	2026-09-28T08:31:04.470Z
lever	https://jobs.lever.co/jupiterone	1	2026-09-28T08:31:04.984Z
lever	https://jobs.lever.co/juro	1	2026-09-28T08:31:13.862Z
lever	https://jobs.lever.co/justworkslabs	1	2026-09-28T08:31:09.749Z
lever	https://jobs.lever.co/kafene	1	2026-09-28T08:31:11.028Z
lever	https://jobs.lever.co/kaiahealth	1	2026-09-28T08:31:11.272Z
lever	https://jobs.lever.co/kaiber	1	2026-09-28T08:31:13.158Z
lever	https://jobs.lever.co/kaironlabs	1	2026-09-28T08:31:13.414Z
lever	https://jobs.lever.co/kairosaerospace	1	2026-09-28T08:31:13.659Z
lever	https://jobs.lever.co/kaizenplatform	1	2026-09-28T08:31:13.910Z
lever	https://jobs.lever.co/kamcord	1	2026-09-28T08:31:14.105Z
lever	https://jobs.lever.co/kandji	1	2026-09-28T08:31:14.155Z
lever	https://jobs.lever.co/kaporcapital	1	2026-09-28T08:31:14.349Z
lever	https://jobs.lever.co/karat	1	2026-09-28T08:31:14.529Z
lever	https://jobs.lever.co/kava	1	2026-09-28T08:31:15.104Z
lever	https://jobs.lever.co/kavalabs	1	2026-09-28T08:31:15.290Z
lever	https://jobs.lever.co/kddia	1	2026-09-28T08:31:15.536Z
lever	https://jobs.lever.co/kdinfotech	1	2026-09-28T08:31:16.105Z
lever	https://jobs.lever.co/keepit	1	2026-09-28T08:31:19.796Z
lever	https://jobs.lever.co/keeptruckin	1	2026-09-28T08:31:16.591Z
lever	https://jobs.lever.co/kellytelecom	1	2026-09-28T08:31:18.245Z
lever	https://jobs.lever.co/keloniatx	1	2026-09-28T08:31:17.820Z
lever	https://jobs.lever.co/kensho	1	2026-09-28T08:31:18.369Z
lever	https://jobs.lever.co/kerishullteam	1	2026-09-28T08:31:18.614Z
lever	https://jobs.lever.co/ketch	1	2026-09-28T08:31:18.862Z
lever	https://jobs.lever.co/kevala	1	2026-09-28T08:31:19.104Z
lever	https://jobs.lever.co/kg	1	2026-09-28T08:31:20.536Z
lever	https://jobs.lever.co/kibeam	1	2026-09-28T08:31:20.889Z
lever	https://jobs.lever.co/kickback	1	2026-09-28T08:31:21.005Z
lever	https://jobs.lever.co/kickoff	1	2026-09-28T08:31:21.253Z
lever	https://jobs.lever.co/kickstart-ent	1	2026-09-28T08:31:21.505Z
lever	https://jobs.lever.co/kickstarter	1	2026-09-28T08:31:21.747Z
lever	https://jobs.lever.co/kingfishgroup	1	2026-09-28T08:31:24.151Z
lever	https://jobs.lever.co/kinnek	1	2026-09-28T08:31:24.405Z
lever	https://jobs.lever.co/kinsa	1	2026-09-28T08:31:24.542Z
lever	https://jobs.lever.co/kitcheck	1	2026-09-28T08:31:24.917Z
lever	https://jobs.lever.co/kitopi	1	2026-09-28T08:31:25.462Z
lever	https://jobs.lever.co/kivaai	1	2026-09-28T08:31:27.130Z
lever	https://jobs.lever.co/kiwico	1	2026-09-28T08:31:27.683Z
lever	https://jobs.lever.co/kkbox	1	2026-09-28T08:31:27.941Z
lever	https://jobs.lever.co/klarna	1	2026-09-28T08:31:28.127Z
lever	https://jobs.lever.co/klaviyo	1	2026-09-28T08:31:28.207Z
lever	https://jobs.lever.co/klick	1	2026-09-28T08:31:28.453Z
lever	https://jobs.lever.co/klubworks	1	2026-09-28T08:31:28.461Z
lever	https://jobs.lever.co/klue	1	2026-09-28T08:31:28.585Z
lever	https://jobs.lever.co/kmaconsultingllc	1	2026-09-28T08:31:28.706Z
lever	https://jobs.lever.co/knock	1	2026-09-28T08:31:28.840Z
lever	https://jobs.lever.co/knockcrm	1	2026-09-28T08:31:28.867Z
lever	https://jobs.lever.co/knotch	1	2026-09-28T08:31:28.952Z
lever	https://jobs.lever.co/knownwell	1	2026-09-28T08:31:29.095Z
lever	https://jobs.lever.co/koddi	1	2026-09-28T08:31:29.665Z
lever	https://jobs.lever.co/kodex	1	2026-09-28T08:31:29.688Z
lever	https://jobs.lever.co/kodiak	1	2026-09-28T08:31:29.792Z
lever	https://jobs.lever.co/koho	1	2026-09-28T08:31:30.037Z
lever	https://jobs.lever.co/koldpartners	1	2026-09-28T08:31:30.288Z
lever	https://jobs.lever.co/kolsquare	1	2026-09-28T08:31:30.581Z
lever	https://jobs.lever.co/kong	1	2026-09-28T08:31:30.790Z
lever	https://jobs.lever.co/konviere	1	2026-09-28T08:31:30.972Z
lever	https://jobs.lever.co/koombea	1	2026-09-28T08:31:31.038Z
lever	https://jobs.lever.co/kooptechnologies	1	2026-09-28T08:31:31.044Z
lever	https://jobs.lever.co/koreaboo	1	2026-09-28T08:31:31.076Z
lever	https://jobs.lever.co/kpmg-2	1	2026-09-28T08:31:31.521Z
lever	https://jobs.lever.co/kubecost	1	2026-09-28T08:31:34.755Z
lever	https://jobs.lever.co/kueski	1	2026-09-28T08:31:34.593Z
lever	https://jobs.lever.co/kumo	1	2026-09-28T08:31:34.834Z
lever	https://jobs.lever.co/kumospace	1	2026-09-28T08:31:34.856Z
lever	https://jobs.lever.co/kungfu	1	2026-09-28T08:31:35.009Z
lever	https://jobs.lever.co/kwh-analytics	1	2026-09-28T08:31:35.624Z
lever	https://jobs.lever.co/kwx	1	2026-09-28T08:31:35.160Z
lever	https://jobs.lever.co/kyruus	1	2026-09-28T08:31:35.413Z
lever	https://jobs.lever.co/kyruushealth	1	2026-09-28T08:31:35.579Z
lever	https://jobs.lever.co/kyte	1	2026-09-28T08:31:35.659Z
lever	https://jobs.lever.co/kyverna	1	2026-09-28T08:31:35.829Z
lever	https://jobs.lever.co/laagencia	1	2026-09-28T08:31:35.864Z
lever	https://jobs.lever.co/lambdal	1	2026-09-28T08:31:36.420Z
lever	https://jobs.lever.co/lambdaschool	1	2026-09-28T08:31:36.679Z
lever	https://jobs.lever.co/laminiai	1	2026-09-28T08:31:36.924Z
lever	https://jobs.lever.co/landing	1	2026-09-28T08:31:37.891Z
lever	https://jobs.lever.co/laserhub-2	1	2026-09-28T08:31:45.840Z
lever	https://jobs.lever.co/last9	1	2026-09-28T08:31:46.139Z
lever	https://jobs.lever.co/latticehq	1	2026-09-28T08:31:47.392Z
lever	https://jobs.lever.co/launchdarkly	1	2026-09-28T08:31:47.635Z
lever	https://jobs.lever.co/launcherspace	1	2026-09-28T08:31:47.891Z
lever	https://jobs.lever.co/launchhouse	1	2026-09-28T08:31:48.000Z
lever	https://jobs.lever.co/leadbank	1	2026-09-28T08:31:49.440Z
lever	https://jobs.lever.co/leadgenius	1	2026-09-28T08:31:49.703Z
lever	https://jobs.lever.co/leadr	1	2026-09-28T08:31:50.018Z
lever	https://jobs.lever.co/leadsonline	1	2026-09-28T08:31:49.959Z
lever	https://jobs.lever.co/leaf-trade	1	2026-09-28T08:31:50.211Z
lever	https://jobs.lever.co/leaflogistics	1	2026-09-28T08:31:50.271Z
lever	https://jobs.lever.co/leap-2	1	2026-09-28T08:31:50.531Z
lever	https://jobs.lever.co/learnlux	1	2026-09-28T08:31:50.782Z
lever	https://jobs.lever.co/learnwithjuni	1	2026-09-28T08:31:51.163Z
lever	https://jobs.lever.co/leasequery	1	2026-09-28T08:31:51.034Z
lever	https://jobs.lever.co/ledger	1	2026-09-28T08:31:51.287Z
lever	https://jobs.lever.co/ledn	1	2026-09-28T08:31:51.511Z
lever	https://jobs.lever.co/lefonds-du-bien-commun	1	2026-09-28T08:31:51.550Z
lever	https://jobs.lever.co/legacy	1	2026-09-28T08:31:51.760Z
lever	https://jobs.lever.co/legacyservicepartners	1	2026-09-28T08:31:51.836Z
lever	https://jobs.lever.co/legalfundingcentral	1	2026-09-28T08:31:52.163Z
lever	https://jobs.lever.co/legend	1	2026-09-28T08:31:52.072Z
lever	https://jobs.lever.co/legitimatetech	1	2026-09-28T08:31:52.080Z
lever	https://jobs.lever.co/lempire	1	2026-09-28T08:31:53.072Z
lever	https://jobs.lever.co/lemurian-labs	1	2026-09-28T08:31:52.328Z
lever	https://jobs.lever.co/lendinghome	1	2026-09-28T08:31:52.720Z
lever	https://jobs.lever.co/lendio	1	2026-09-28T08:31:52.798Z
lever	https://jobs.lever.co/leolabs-2	1	2026-09-28T08:31:54.925Z
lever	https://jobs.lever.co/leotechnologies	1	2026-09-28T08:31:53.310Z
lever	https://jobs.lever.co/letote	1	2026-09-28T08:31:53.592Z
lever	https://jobs.lever.co/leucine	1	2026-09-28T08:31:53.845Z
lever	https://jobs.lever.co/levvel	1	2026-09-28T08:31:55.176Z
lever	https://jobs.lever.co/lexingtonmedical	1	2026-09-28T08:31:55.383Z
lever	https://jobs.lever.co/liberatii	1	2026-09-28T08:31:55.659Z
lever	https://jobs.lever.co/lifen	1	2026-09-28T08:31:56.449Z
lever	https://jobs.lever.co/lillio	1	2026-09-28T08:31:57.179Z
lever	https://jobs.lever.co/limberhealth	1	2026-09-28T08:31:57.431Z
lever	https://jobs.lever.co/lime	1	2026-09-28T08:31:57.677Z
lever	https://jobs.lever.co/limebike	1	2026-09-28T08:31:58.060Z
lever	https://jobs.lever.co/liminal	1	2026-09-28T08:31:58.363Z
lever	https://jobs.lever.co/limitless	1	2026-09-28T08:31:58.484Z
lever	https://jobs.lever.co/linea	1	2026-09-28T08:31:58.621Z
lever	https://jobs.lever.co/lingoda	1	2026-09-28T08:31:58.731Z
lever	https://jobs.lever.co/linksys	1	2026-09-28T08:31:58.885Z
lever	https://jobs.lever.co/linktree	1	2026-09-28T08:31:58.974Z
lever	https://jobs.lever.co/linq	1	2026-09-28T08:31:59.132Z
lever	https://jobs.lever.co/linuxacademy	1	2026-09-28T08:31:59.192Z
lever	https://jobs.lever.co/littleotter	1	2026-09-28T08:31:59.437Z
lever	https://jobs.lever.co/livechatinc	1	2026-09-28T08:31:59.822Z
lever	https://jobs.lever.co/livefront	1	2026-09-28T08:31:59.685Z
lever	https://jobs.lever.co/livekindred	1	2026-09-28T08:32:10.131Z
lever	https://jobs.lever.co/livelike	1	2026-09-28T08:32:00.075Z
lever	https://jobs.lever.co/livinghr	1	2026-09-28T08:32:00.940Z
lever	https://jobs.lever.co/loancrate	1	2026-09-28T08:32:03.152Z
lever	https://jobs.lever.co/loblawdigital	1	2026-09-28T08:32:03.845Z
lever	https://jobs.lever.co/localfoodgroup	1	2026-09-28T08:32:03.648Z
lever	https://jobs.lever.co/loft	1	2026-09-28T08:32:05.660Z
lever	https://jobs.lever.co/logicmanager	1	2026-09-28T08:32:06.337Z
lever	https://jobs.lever.co/logikcull	1	2026-09-28T08:32:06.417Z
lever	https://jobs.lever.co/login	1	2026-09-28T08:32:06.576Z
lever	https://jobs.lever.co/logistimo	1	2026-09-28T08:32:06.689Z
lever	https://jobs.lever.co/logixboard	1	2026-09-28T08:32:07.404Z
lever	https://jobs.lever.co/longview	1	2026-09-28T08:32:07.714Z
lever	https://jobs.lever.co/looker	1	2026-09-28T08:32:08.173Z
lever	https://jobs.lever.co/loop-health	1	2026-09-28T08:32:08.418Z
lever	https://jobs.lever.co/loopinternet	1	2026-09-28T08:32:10.596Z
lever	https://jobs.lever.co/loopio	1	2026-09-28T08:32:09.781Z
lever	https://jobs.lever.co/loupetheapp	1	2026-09-28T08:32:10.401Z
lever	https://jobs.lever.co/lovepopcards	1	2026-09-28T08:32:10.832Z
lever	https://jobs.lever.co/loyaltylion	1	2026-09-28T08:32:11.093Z
lever	https://jobs.lever.co/lpainc	1	2026-09-28T08:32:11.305Z
lever	https://jobs.lever.co/lrymediagroup	1	2026-09-28T08:32:11.337Z
lever	https://jobs.lever.co/ltse	1	2026-09-28T08:32:11.820Z
lever	https://jobs.lever.co/lucca	1	2026-09-28T08:32:12.380Z
lever	https://jobs.lever.co/lucid	1	2026-09-28T08:32:12.641Z
lever	https://jobs.lever.co/lucidmotors	1	2026-09-28T08:32:12.916Z
lever	https://jobs.lever.co/lulafit	1	2026-09-28T08:32:13.445Z
lever	https://jobs.lever.co/lumaai	1	2026-09-28T08:32:13.696Z
lever	https://jobs.lever.co/lumapictures	1	2026-09-28T08:32:15.555Z
lever	https://jobs.lever.co/lumary	1	2026-09-28T08:32:15.808Z
lever	https://jobs.lever.co/lumin	1	2026-09-28T08:32:16.069Z
lever	https://jobs.lever.co/luminai	1	2026-09-28T08:32:16.335Z
lever	https://jobs.lever.co/luminarycloud	1	2026-09-28T08:32:17.626Z
lever	https://jobs.lever.co/lumindigital	1	2026-09-28T08:32:17.873Z
lever	https://jobs.lever.co/luminostics	1	2026-09-28T08:32:18.924Z
lever	https://jobs.lever.co/lumivero	1	2026-09-28T08:32:19.709Z
lever	https://jobs.lever.co/lumosity	1	2026-09-28T08:32:19.296Z
lever	https://jobs.lever.co/luni	1	2026-09-28T08:32:20.495Z
lever	https://jobs.lever.co/luxe	1	2026-09-28T08:32:21.261Z
lever	https://jobs.lever.co/luxortechnology	1	2026-09-28T08:32:21.517Z
lever	https://jobs.lever.co/luzia	1	2026-09-28T08:32:23.685Z
lever	https://jobs.lever.co/lyciatherapeutics	1	2026-09-28T08:32:23.987Z
lever	https://jobs.lever.co/lykospbc	1	2026-09-28T08:32:24.686Z
lever	https://jobs.lever.co/lyra	1	2026-09-28T08:32:24.941Z
lever	https://jobs.lever.co/lyracollective	1	2026-09-28T08:32:25.333Z
lever	https://jobs.lever.co/m-kopa	1	2026-09-28T08:32:25.937Z
lever	https://jobs.lever.co/m13	1	2026-09-28T08:32:25.972Z
lever	https://jobs.lever.co/m33	1	2026-09-28T08:32:27.571Z
lever	https://jobs.lever.co/mabl	1	2026-09-28T08:32:26.216Z
lever	https://jobs.lever.co/macandmia	1	2026-09-28T08:32:27.802Z
lever	https://jobs.lever.co/machinalabs	1	2026-09-28T08:32:27.824Z
lever	https://jobs.lever.co/machinefilab	1	2026-09-28T08:32:28.077Z
lever	https://jobs.lever.co/machinerypartner	1	2026-09-28T08:32:28.081Z
lever	https://jobs.lever.co/madbox	1	2026-09-28T08:32:29.260Z
lever	https://jobs.lever.co/madhive	1	2026-09-28T08:32:30.661Z
lever	https://jobs.lever.co/madisonei	1	2026-09-28T08:32:30.819Z
lever	https://jobs.lever.co/madisonlogic	1	2026-09-28T08:32:30.908Z
lever	https://jobs.lever.co/madrigalpharma	1	2026-09-28T08:32:31.063Z
lever	https://jobs.lever.co/magic	1	2026-09-28T08:32:31.153Z
lever	https://jobs.lever.co/magicgames	1	2026-09-28T08:32:31.412Z
lever	https://jobs.lever.co/magnitudesoftware	1	2026-09-28T08:32:33.237Z
lever	https://jobs.lever.co/mahanatherapeutics	1	2026-09-28T08:32:35.070Z
lever	https://jobs.lever.co/mainstreet	1	2026-09-28T08:32:35.581Z
lever	https://jobs.lever.co/mainstreetwork	1	2026-09-28T08:32:35.831Z
lever	https://jobs.lever.co/makersplace	1	2026-09-28T08:32:39.033Z
lever	https://jobs.lever.co/makeschool	1	2026-09-28T08:32:39.280Z
lever	https://jobs.lever.co/mamo	1	2026-09-28T08:32:43.405Z
lever	https://jobs.lever.co/manifest	1	2026-09-28T08:32:43.755Z
lever	https://jobs.lever.co/manifestfinancial	1	2026-09-28T08:32:44.009Z
lever	https://jobs.lever.co/mantanetwork	1	2026-09-28T08:32:44.246Z
lever	https://jobs.lever.co/manty	1	2026-09-28T08:32:44.275Z
lever	https://jobs.lever.co/maplemedia	1	2026-09-28T08:32:44.517Z
lever	https://jobs.lever.co/mapsbcorp	1	2026-09-28T08:32:44.759Z
lever	https://jobs.lever.co/maribelhealth	1	2026-09-28T08:32:47.889Z
lever	https://jobs.lever.co/markato	1	2026-09-28T08:32:48.417Z
lever	https://jobs.lever.co/marketingevolution	1	2026-09-28T08:32:48.944Z
lever	https://jobs.lever.co/marketopia	1	2026-09-28T08:32:49.141Z
lever	https://jobs.lever.co/marlettefunding	1	2026-09-28T08:32:49.203Z
lever	https://jobs.lever.co/marq	1	2026-09-28T08:32:49.386Z
lever	https://jobs.lever.co/martinagency	1	2026-09-28T08:32:49.774Z
lever	https://jobs.lever.co/mastreforestation	1	2026-09-28T08:32:57.591Z
lever	https://jobs.lever.co/mastrics	1	2026-09-28T08:32:57.840Z
lever	https://jobs.lever.co/masygroup	1	2026-09-28T08:32:58.069Z
lever	https://jobs.lever.co/mathpresso	1	2026-09-28T08:32:58.324Z
lever	https://jobs.lever.co/mattermark	1	2026-09-28T08:33:00.201Z
lever	https://jobs.lever.co/mattermost	1	2026-09-28T08:33:00.459Z
lever	https://jobs.lever.co/matterport	1	2026-09-28T08:33:00.809Z
lever	https://jobs.lever.co/matters	1	2026-09-28T08:33:01.057Z
lever	https://jobs.lever.co/mbcapital	1	2026-09-28T08:33:01.617Z
lever	https://jobs.lever.co/mbrdna	1	2026-09-28T08:33:01.877Z
lever	https://jobs.lever.co/mbta	1	2026-09-28T08:33:02.122Z
lever	https://jobs.lever.co/mcgrathnicol	1	2026-09-28T08:33:03.489Z
lever	https://jobs.lever.co/mcra	1	2026-09-28T08:33:04.509Z
lever	https://jobs.lever.co/mechanism-2	1	2026-09-28T08:33:05.037Z
lever	https://jobs.lever.co/medal	1	2026-09-28T08:33:05.282Z
lever	https://jobs.lever.co/medallia	1	2026-09-28T08:33:05.338Z
lever	https://jobs.lever.co/medchart	1	2026-09-28T08:33:05.803Z
lever	https://jobs.lever.co/medely	1	2026-09-28T08:33:06.049Z
lever	https://jobs.lever.co/mediafly	1	2026-09-28T08:33:06.291Z
lever	https://jobs.lever.co/medialab	1	2026-09-28T08:33:06.797Z
lever	https://jobs.lever.co/mediaocean	1	2026-09-28T08:33:07.176Z
lever	https://jobs.lever.co/medium	1	2026-09-28T08:33:07.923Z
lever	https://jobs.lever.co/meetgroup	1	2026-09-28T08:33:09.738Z
lever	https://jobs.lever.co/meetingstreetschools	1	2026-09-28T08:33:09.989Z
lever	https://jobs.lever.co/meliuz	1	2026-09-28T08:33:12.150Z
lever	https://jobs.lever.co/membersy	1	2026-09-28T08:33:12.404Z
lever	https://jobs.lever.co/memebox	1	2026-09-28T08:33:17.384Z
lever	https://jobs.lever.co/memfault	1	2026-09-28T08:33:14.495Z
lever	https://jobs.lever.co/memphismeats	1	2026-09-28T08:33:14.741Z
lever	https://jobs.lever.co/menlovc	1	2026-09-28T08:33:15.544Z
lever	https://jobs.lever.co/mentormate	1	2026-09-28T08:33:15.975Z
lever	https://jobs.lever.co/meridianlink	1	2026-09-28T08:33:16.221Z
lever	https://jobs.lever.co/merit	1	2026-09-28T08:33:16.466Z
lever	https://jobs.lever.co/merkle	1	2026-09-28T08:33:16.714Z
lever	https://jobs.lever.co/meshcapade	1	2026-09-28T08:33:23.614Z
lever	https://jobs.lever.co/messari	1	2026-09-28T08:33:25.464Z
lever	https://jobs.lever.co/metalpay	1	2026-09-28T08:33:46.292Z
lever	https://jobs.lever.co/metaprisebanking	1	2026-09-28T08:33:47.314Z
lever	https://jobs.lever.co/metatheory	1	2026-09-28T08:33:47.653Z
lever	https://jobs.lever.co/meteor	1	2026-09-28T08:33:48.478Z
lever	https://jobs.lever.co/mgac	1	2026-09-28T08:33:50.255Z
lever	https://jobs.lever.co/mheducation	1	2026-09-28T08:33:50.557Z
lever	https://jobs.lever.co/micromerchantsystems	1	2026-09-28T08:33:51.173Z
lever	https://jobs.lever.co/midigator	1	2026-09-28T08:33:52.414Z
lever	https://jobs.lever.co/mighty	1	2026-09-28T08:33:52.443Z
lever	https://jobs.lever.co/migo-2	1	2026-09-28T08:33:53.348Z
lever	https://jobs.lever.co/miinto	1	2026-09-28T08:33:52.658Z
lever	https://jobs.lever.co/milk-moovement	1	2026-09-28T08:33:52.697Z
lever	https://jobs.lever.co/milliondollarbabyco	1	2026-09-28T08:33:52.912Z
lever	https://jobs.lever.co/mindsdb	1	2026-09-28T08:33:53.605Z
lever	https://jobs.lever.co/mineral	1	2026-09-28T08:33:53.958Z
lever	https://jobs.lever.co/minimumltd	1	2026-09-28T08:33:54.200Z
lever	https://jobs.lever.co/minthouse	1	2026-09-28T08:33:54.442Z
lever	https://jobs.lever.co/missionbarns	1	2026-09-28T08:33:55.013Z
lever	https://jobs.lever.co/missioncloud	1	2026-09-28T08:33:55.101Z
lever	https://jobs.lever.co/missioncontinues	1	2026-09-28T08:33:55.263Z
lever	https://jobs.lever.co/missionhh	1	2026-09-28T08:33:55.538Z
lever	https://jobs.lever.co/missionwired	1	2026-09-28T08:33:55.561Z
lever	https://jobs.lever.co/mittilabs	1	2026-09-28T08:33:56.063Z
lever	https://jobs.lever.co/mixtiles	1	2026-09-28T08:33:56.687Z
lever	https://jobs.lever.co/mobileintegration-group	1	2026-09-28T08:33:57.037Z
lever	https://jobs.lever.co/mobisystems	1	2026-09-28T08:33:57.240Z
lever	https://jobs.lever.co/modern	1	2026-09-28T08:33:57.485Z
lever	https://jobs.lever.co/modern-age	1	2026-09-28T08:33:57.738Z
lever	https://jobs.lever.co/modernintelligence	1	2026-09-28T08:33:58.547Z
lever	https://jobs.lever.co/modjo	1	2026-09-28T08:33:58.812Z
lever	https://jobs.lever.co/modsquad	1	2026-09-28T08:33:59.064Z
lever	https://jobs.lever.co/modsy	1	2026-09-28T08:33:59.311Z
lever	https://jobs.lever.co/modularps	1	2026-09-28T08:33:59.575Z
lever	https://jobs.lever.co/moego	1	2026-09-28T08:34:01.266Z
lever	https://jobs.lever.co/molcure	1	2026-09-28T08:34:01.142Z
lever	https://jobs.lever.co/molekule	1	2026-09-28T08:34:04.649Z
lever	https://jobs.lever.co/moment-ranks	1	2026-09-28T08:34:01.114Z
lever	https://jobs.lever.co/momentfactory	1	2026-09-28T08:34:01.960Z
lever	https://jobs.lever.co/momentum-inc	1	2026-09-28T08:34:01.508Z
lever	https://jobs.lever.co/moneytree	1	2026-09-28T08:34:02.215Z
lever	https://jobs.lever.co/monumental	1	2026-09-28T08:34:02.465Z
lever	https://jobs.lever.co/moogsoft	1	2026-09-28T08:34:04.372Z
lever	https://jobs.lever.co/moonhub	1	2026-09-28T08:34:04.664Z
lever	https://jobs.lever.co/morningconsult	1	2026-09-28T08:34:05.808Z
lever	https://jobs.lever.co/mosaicbuilders	1	2026-09-28T08:34:10.761Z
lever	https://jobs.lever.co/mostly-ai	1	2026-09-28T08:34:07.868Z
lever	https://jobs.lever.co/mostudio	1	2026-09-28T08:34:08.122Z
lever	https://jobs.lever.co/motional	1	2026-09-28T08:34:11.070Z
lever	https://jobs.lever.co/motionapp	1	2026-09-28T08:34:10.927Z
lever	https://jobs.lever.co/motivateco	1	2026-09-28T08:34:11.003Z
lever	https://jobs.lever.co/motive	1	2026-09-28T08:34:11.173Z
lever	https://jobs.lever.co/mountaintop	1	2026-09-28T08:34:11.263Z
lever	https://jobs.lever.co/mous	1	2026-09-28T08:34:11.312Z
lever	https://jobs.lever.co/moveloot	1	2026-09-28T08:34:11.427Z
lever	https://jobs.lever.co/moxionpower	1	2026-09-28T08:34:11.507Z
lever	https://jobs.lever.co/mryum	1	2026-09-28T08:34:11.682Z
lever	https://jobs.lever.co/multiversx	1	2026-09-28T08:34:12.406Z
lever	https://jobs.lever.co/munichelectrification	1	2026-09-28T08:34:12.646Z
lever	https://jobs.lever.co/myassurehealth	1	2026-09-28T08:34:15.462Z
lever	https://jobs.lever.co/mycelium	1	2026-09-28T08:34:16.080Z
lever	https://jobs.lever.co/myplacehealth	1	2026-09-28T08:34:19.647Z
lever	https://jobs.lever.co/mytraffic	1	2026-09-28T08:34:20.426Z
lever	https://jobs.lever.co/nabis	1	2026-09-28T08:34:20.667Z
lever	https://jobs.lever.co/natronenergy	1	2026-09-28T08:34:22.377Z
lever	https://jobs.lever.co/naturesfynd	1	2026-09-28T08:34:22.619Z
lever	https://jobs.lever.co/nautical-commerce	1	2026-09-28T08:34:22.634Z
lever	https://jobs.lever.co/nebra-labs	1	2026-09-28T08:34:24.851Z
lever	https://jobs.lever.co/nectarpr	1	2026-09-28T08:34:24.335Z
lever	https://jobs.lever.co/neednova	1	2026-09-28T08:34:24.352Z
lever	https://jobs.lever.co/nekohealth	1	2026-09-28T08:34:23.749Z
lever	https://jobs.lever.co/nelly	1	2026-09-28T08:34:24.008Z
lever	https://jobs.lever.co/neo4j	1	2026-09-28T08:34:24.503Z
lever	https://jobs.lever.co/neonexchange	1	2026-09-28T08:34:24.599Z
lever	https://jobs.lever.co/nesthealth	1	2026-09-28T08:34:24.854Z
lever	https://jobs.lever.co/nestig	1	2026-09-28T08:34:24.849Z
lever	https://jobs.lever.co/nesto	1	2026-09-28T08:34:25.106Z
lever	https://jobs.lever.co/nestwealth	1	2026-09-28T08:34:25.099Z
lever	https://jobs.lever.co/netflix	1	2026-09-28T08:34:25.110Z
lever	https://jobs.lever.co/neuralink	1	2026-09-28T08:34:25.593Z
lever	https://jobs.lever.co/neurolabs-ai	1	2026-09-28T08:34:25.688Z
lever	https://jobs.lever.co/neurologica	1	2026-09-28T08:34:25.847Z
lever	https://jobs.lever.co/newculturefood	1	2026-09-28T08:34:26.248Z
lever	https://jobs.lever.co/newfrontinsurance	1	2026-09-28T08:34:26.346Z
lever	https://jobs.lever.co/newton-school	1	2026-09-28T08:34:26.507Z
lever	https://jobs.lever.co/nex	1	2026-09-28T08:34:26.747Z
lever	https://jobs.lever.co/nexient	1	2026-09-28T08:34:27.004Z
lever	https://jobs.lever.co/nexigendigital	1	2026-09-28T08:34:27.099Z
lever	https://jobs.lever.co/nexos	1	2026-09-28T08:34:27.253Z
lever	https://jobs.lever.co/nextbigsound	1	2026-09-28T08:34:27.604Z
lever	https://jobs.lever.co/nextcaller	1	2026-09-28T08:34:27.632Z
lever	https://jobs.lever.co/nextdata	1	2026-09-28T08:34:27.736Z
lever	https://jobs.lever.co/nextgames	1	2026-09-28T08:34:27.875Z
lever	https://jobs.lever.co/nextmillennium	1	2026-09-28T08:34:27.979Z
lever	https://jobs.lever.co/nfamilyclub-2	1	2026-09-28T08:34:28.287Z
lever	https://jobs.lever.co/nftnow	1	2026-09-28T08:34:28.545Z
lever	https://jobs.lever.co/nftpay	1	2026-09-28T08:34:28.533Z
lever	https://jobs.lever.co/nightfall	1	2026-09-28T08:34:29.060Z
lever	https://jobs.lever.co/nilc	1	2026-09-28T08:34:29.063Z
lever	https://jobs.lever.co/nimbleai	1	2026-09-28T08:34:29.215Z
lever	https://jobs.lever.co/nio	1	2026-09-28T08:34:29.562Z
lever	https://jobs.lever.co/nisum	1	2026-09-28T08:34:29.811Z
lever	https://jobs.lever.co/nithio	1	2026-09-28T08:34:30.015Z
lever	https://jobs.lever.co/njstateofficeofinnovation	1	2026-09-28T08:34:30.336Z
lever	https://jobs.lever.co/noibutechnologies	1	2026-09-28T08:34:30.862Z
lever	https://jobs.lever.co/nomagic	1	2026-09-28T08:34:31.115Z
lever	https://jobs.lever.co/norcalcann	1	2026-09-28T08:34:31.510Z
lever	https://jobs.lever.co/normai	1	2026-09-28T08:34:31.752Z
lever	https://jobs.lever.co/northatlanticcorp	1	2026-09-28T08:34:33.245Z
lever	https://jobs.lever.co/northernlabs	1	2026-09-28T08:34:32.007Z
lever	https://jobs.lever.co/notabene	1	2026-09-28T08:34:32.009Z
lever	https://jobs.lever.co/notablelabs	1	2026-09-28T08:34:32.140Z
lever	https://jobs.lever.co/notarize	1	2026-09-28T08:34:32.251Z
lever	https://jobs.lever.co/notch	1	2026-09-28T08:34:32.359Z
lever	https://jobs.lever.co/noteworth	1	2026-09-28T08:34:32.393Z
lever	https://jobs.lever.co/notonthehighstreet	1	2026-09-28T08:34:35.075Z
lever	https://jobs.lever.co/novatalent	1	2026-09-28T08:34:32.621Z
lever	https://jobs.lever.co/novi	1	2026-09-28T08:34:32.636Z
lever	https://jobs.lever.co/noyo	1	2026-09-28T08:34:33.143Z
lever	https://jobs.lever.co/nrccua	1	2026-09-28T08:34:34.348Z
lever	https://jobs.lever.co/nsin	1	2026-09-28T08:34:33.793Z
lever	https://jobs.lever.co/ntdsoftware	1	2026-09-28T08:34:33.791Z
lever	https://jobs.lever.co/ntropy-network	1	2026-09-28T08:34:34.042Z
lever	https://jobs.lever.co/nubrakes	1	2026-09-28T08:34:34.090Z
lever	https://jobs.lever.co/numeral	1	2026-09-28T08:34:34.058Z
lever	https://jobs.lever.co/nuorder	1	2026-09-28T08:34:34.344Z
lever	https://jobs.lever.co/nurx	1	2026-09-28T08:34:34.352Z
lever	https://jobs.lever.co/nutcrackertherapeutics	1	2026-09-28T08:34:34.600Z
lever	https://jobs.lever.co/nuvoair	1	2026-09-28T08:34:34.614Z
lever	https://jobs.lever.co/nveloptherapeutics	1	2026-09-28T08:34:34.886Z
lever	https://jobs.lever.co/nxcr	1	2026-09-28T08:34:34.942Z
lever	https://jobs.lever.co/nxscale	1	2026-09-28T08:34:34.945Z
lever	https://jobs.lever.co/nylas	1	2026-09-28T08:34:34.943Z
lever	https://jobs.lever.co/nymedia	1	2026-09-28T08:34:35.138Z
lever	https://jobs.lever.co/nyscf-2	1	2026-09-28T08:34:36.215Z
lever	https://jobs.lever.co/oatly	1	2026-09-28T08:34:35.229Z
lever	https://jobs.lever.co/obie	1	2026-09-28T08:34:35.312Z
lever	https://jobs.lever.co/observeai	1	2026-09-28T08:34:36.810Z
lever	https://jobs.lever.co/observeinc	1	2026-09-28T08:34:35.747Z
lever	https://jobs.lever.co/ochre-bio	1	2026-09-28T08:34:37.725Z
lever	https://jobs.lever.co/ocrolus	1	2026-09-28T08:34:36.369Z
lever	https://jobs.lever.co/octane	1	2026-09-28T08:34:36.468Z
lever	https://jobs.lever.co/octoml	1	2026-09-28T08:34:36.679Z
lever	https://jobs.lever.co/octopus	1	2026-09-28T08:34:36.716Z
lever	https://jobs.lever.co/oda	1	2026-09-28T08:34:36.830Z
lever	https://jobs.lever.co/odysaviation	1	2026-09-28T08:34:37.066Z
lever	https://jobs.lever.co/offerpop	1	2026-09-28T08:34:37.351Z
lever	https://jobs.lever.co/omni-network	1	2026-09-28T08:34:38.067Z
lever	https://jobs.lever.co/onaroll	1	2026-09-28T08:34:40.864Z
lever	https://jobs.lever.co/ondeck	1	2026-09-28T08:34:40.832Z
lever	https://jobs.lever.co/ondofinance	1	2026-09-28T08:34:41.094Z
lever	https://jobs.lever.co/oneconcern	1	2026-09-28T08:34:41.098Z
lever	https://jobs.lever.co/onefinance	1	2026-09-28T08:34:41.119Z
lever	https://jobs.lever.co/onefootball	1	2026-09-28T08:34:41.129Z
lever	https://jobs.lever.co/onehouse	1	2026-09-28T08:34:41.364Z
lever	https://jobs.lever.co/onesignal	1	2026-09-28T08:34:41.392Z
lever	https://jobs.lever.co/oneteam	1	2026-09-28T08:34:41.396Z
lever	https://jobs.lever.co/onfido	1	2026-09-28T08:34:41.622Z
lever	https://jobs.lever.co/ontic	1	2026-09-28T08:34:41.808Z
lever	https://jobs.lever.co/onuniverse	1	2026-09-28T08:34:41.660Z
lever	https://jobs.lever.co/onupkeep	1	2026-09-28T08:34:41.656Z
lever	https://jobs.lever.co/opala	1	2026-09-28T08:34:41.915Z
lever	https://jobs.lever.co/opaque-systems	1	2026-09-28T08:34:42.699Z
lever	https://jobs.lever.co/opcity	1	2026-09-28T08:34:41.919Z
lever	https://jobs.lever.co/openai	1	2026-09-28T08:34:42.049Z
lever	https://jobs.lever.co/opencare	1	2026-09-28T08:34:42.160Z
lever	https://jobs.lever.co/opendoor	1	2026-09-28T08:34:42.171Z
lever	https://jobs.lever.co/openfarminc	1	2026-09-28T08:34:42.316Z
lever	https://jobs.lever.co/opengov	1	2026-09-28T08:34:42.398Z
lever	https://jobs.lever.co/openinvest	1	2026-09-28T08:34:42.411Z
lever	https://jobs.lever.co/openlogix	1	2026-09-28T08:34:42.684Z
lever	https://jobs.lever.co/openpayd	1	2026-09-28T08:34:42.743Z
lever	https://jobs.lever.co/openphone	1	2026-09-28T08:34:42.714Z
lever	https://jobs.lever.co/opensauced	1	2026-09-28T08:34:42.881Z
lever	https://jobs.lever.co/opensea	1	2026-09-28T08:34:42.925Z
lever	https://jobs.lever.co/openstore	1	2026-09-28T08:34:42.940Z
lever	https://jobs.lever.co/openteam	1	2026-09-28T08:34:43.118Z
lever	https://jobs.lever.co/operator	1	2026-09-28T08:34:42.989Z
lever	https://jobs.lever.co/ophelia	1	2026-09-28T08:34:43.266Z
lever	https://jobs.lever.co/opinov8	1	2026-09-28T08:34:43.165Z
lever	https://jobs.lever.co/optimism	1	2026-09-28T08:34:43.182Z
lever	https://jobs.lever.co/optimusride	1	2026-09-28T08:34:43.235Z
lever	https://jobs.lever.co/optiv-2	1	2026-09-28T08:34:43.460Z
lever	https://jobs.lever.co/opus1	1	2026-09-28T08:34:43.422Z
lever	https://jobs.lever.co/orbillion	1	2026-09-28T08:34:43.489Z
lever	https://jobs.lever.co/orbitalinsight	1	2026-09-28T08:34:43.508Z
lever	https://jobs.lever.co/orcamobility	1	2026-09-28T08:34:44.408Z
lever	https://jobs.lever.co/orkes	1	2026-09-28T08:34:43.757Z
lever	https://jobs.lever.co/orum	1	2026-09-28T08:34:44.016Z
lever	https://jobs.lever.co/osmind	1	2026-09-28T08:34:44.095Z
lever	https://jobs.lever.co/osnational	1	2026-09-28T08:34:48.379Z
lever	https://jobs.lever.co/oso	1	2026-09-28T08:34:44.359Z
lever	https://jobs.lever.co/osomprivacy	1	2026-09-28T08:34:44.362Z
lever	https://jobs.lever.co/ouster	1	2026-09-28T08:34:44.780Z
lever	https://jobs.lever.co/outrider	1	2026-09-28T08:34:45.200Z
lever	https://jobs.lever.co/outschool	1	2026-09-28T08:34:45.434Z
lever	https://jobs.lever.co/overbit	1	2026-09-28T08:34:46.046Z
lever	https://jobs.lever.co/overbond	1	2026-09-28T08:34:47.143Z
lever	https://jobs.lever.co/overmoon	1	2026-09-28T08:34:46.684Z
lever	https://jobs.lever.co/owner	1	2026-09-28T08:34:46.882Z
lever	https://jobs.lever.co/oxeonpartners	1	2026-09-28T08:34:46.993Z
lever	https://jobs.lever.co/oxio	1	2026-09-28T08:34:46.922Z
lever	https://jobs.lever.co/oxman	1	2026-09-28T08:34:47.134Z
lever	https://jobs.lever.co/p-1ai	1	2026-09-28T08:34:47.272Z
lever	https://jobs.lever.co/pachyderm	1	2026-09-28T08:34:47.528Z
lever	https://jobs.lever.co/packmatic	1	2026-09-28T08:34:48.065Z
lever	https://jobs.lever.co/pagerduty	1	2026-09-28T08:34:48.609Z
lever	https://jobs.lever.co/pamu	1	2026-09-28T08:34:48.633Z
lever	https://jobs.lever.co/panapartners	1	2026-09-28T08:34:48.917Z
lever	https://jobs.lever.co/panda	1	2026-09-28T08:34:48.919Z
lever	https://jobs.lever.co/panderasystems	1	2026-09-28T08:34:48.983Z
lever	https://jobs.lever.co/pano	1	2026-09-28T08:34:49.379Z
lever	https://jobs.lever.co/panteracapital	1	2026-09-28T08:34:50.206Z
lever	https://jobs.lever.co/panum	1	2026-09-28T08:34:50.217Z
lever	https://jobs.lever.co/papara	1	2026-09-28T08:34:50.505Z
lever	https://jobs.lever.co/papercut	1	2026-09-28T08:34:50.509Z
lever	https://jobs.lever.co/paradoxum-gg	1	2026-09-28T08:34:50.512Z
lever	https://jobs.lever.co/parcellab	1	2026-09-28T08:34:56.629Z
lever	https://jobs.lever.co/pardon	1	2026-09-28T08:34:57.648Z
lever	https://jobs.lever.co/parkplace	1	2026-09-28T08:34:57.905Z
lever	https://jobs.lever.co/parrotsa	1	2026-09-28T08:35:16.038Z
lever	https://jobs.lever.co/parsleyhealth	1	2026-09-28T08:35:18.121Z
lever	https://jobs.lever.co/parspec	1	2026-09-28T08:35:17.521Z
lever	https://jobs.lever.co/participantmedia	1	2026-09-28T08:35:21.087Z
lever	https://jobs.lever.co/partiful	1	2026-09-28T08:35:18.569Z
lever	https://jobs.lever.co/partoo	1	2026-09-28T08:35:18.995Z
lever	https://jobs.lever.co/partyslate	1	2026-09-28T08:35:19.474Z
lever	https://jobs.lever.co/passport	1	2026-09-28T08:35:19.890Z
lever	https://jobs.lever.co/passportshipping	1	2026-09-28T08:35:19.893Z
lever	https://jobs.lever.co/pathrise	1	2026-09-28T08:35:20.917Z
lever	https://jobs.lever.co/patientcolife	1	2026-09-28T08:35:21.151Z
lever	https://jobs.lever.co/pax8	1	2026-09-28T08:35:21.688Z
lever	https://jobs.lever.co/payfit	1	2026-09-28T08:35:22.103Z
lever	https://jobs.lever.co/paymongo	1	2026-09-28T08:35:23.475Z
lever	https://jobs.lever.co/paystack	1	2026-09-28T08:35:22.612Z
lever	https://jobs.lever.co/paytmbank	1	2026-09-28T08:35:24.754Z
lever	https://jobs.lever.co/payzen	1	2026-09-28T08:35:28.416Z
lever	https://jobs.lever.co/pdq	1	2026-09-28T08:35:28.812Z
lever	https://jobs.lever.co/peachfinance	1	2026-09-28T08:35:29.566Z
lever	https://jobs.lever.co/peakdentalservices	1	2026-09-28T08:35:29.547Z
lever	https://jobs.lever.co/peakdesign	1	2026-09-28T08:35:30.000Z
lever	https://jobs.lever.co/peakmetrics	1	2026-09-28T08:35:30.435Z
lever	https://jobs.lever.co/peddie	1	2026-09-28T08:35:31.068Z
lever	https://jobs.lever.co/pelago	1	2026-09-28T08:35:30.946Z
lever	https://jobs.lever.co/pennylane	1	2026-09-28T08:35:31.397Z
lever	https://jobs.lever.co/pento	1	2026-09-28T08:35:32.066Z
lever	https://jobs.lever.co/peoplefun	1	2026-09-28T08:35:33.454Z
lever	https://jobs.lever.co/percipient	1	2026-09-28T08:35:35.761Z
lever	https://jobs.lever.co/percona	1	2026-09-28T08:35:36.003Z
lever	https://jobs.lever.co/persistiq	1	2026-09-28T08:35:37.034Z
lever	https://jobs.lever.co/persona	1	2026-09-28T08:35:38.055Z
lever	https://jobs.lever.co/pestotech	1	2026-09-28T08:35:37.764Z
lever	https://jobs.lever.co/petalcard	1	2026-09-28T08:35:38.076Z
lever	https://jobs.lever.co/petcircle	1	2026-09-28T08:35:38.252Z
lever	https://jobs.lever.co/peteforamerica	1	2026-09-28T08:35:38.300Z
lever	https://jobs.lever.co/petfriendly	1	2026-09-28T08:35:38.318Z
lever	https://jobs.lever.co/petvisor	1	2026-09-28T08:35:38.499Z
lever	https://jobs.lever.co/pex	1	2026-09-28T08:35:38.543Z
lever	https://jobs.lever.co/phaze-technologies	1	2026-09-28T08:35:38.738Z
lever	https://jobs.lever.co/phiatech	1	2026-09-28T08:35:38.794Z
lever	https://jobs.lever.co/phoenixtailings	1	2026-09-28T08:35:38.988Z
lever	https://jobs.lever.co/photoroom	1	2026-09-28T08:35:39.043Z
lever	https://jobs.lever.co/phrasee	1	2026-09-28T08:35:39.248Z
lever	https://jobs.lever.co/pickethomes	1	2026-09-28T08:35:39.563Z
lever	https://jobs.lever.co/picsart	1	2026-09-28T08:35:39.757Z
lever	https://jobs.lever.co/pieinsurance	1	2026-09-28T08:35:39.857Z
lever	https://jobs.lever.co/piepacker	1	2026-09-28T08:35:40.011Z
lever	https://jobs.lever.co/pillow	1	2026-09-28T08:35:40.258Z
lever	https://jobs.lever.co/pinata	1	2026-09-28T08:35:40.288Z
lever	https://jobs.lever.co/pineparkhealth	1	2026-09-28T08:35:40.809Z
lever	https://jobs.lever.co/pingcap	1	2026-09-28T08:35:40.534Z
lever	https://jobs.lever.co/pirouettemedical	1	2026-09-28T08:35:42.397Z
lever	https://jobs.lever.co/pjp	1	2026-09-28T08:35:43.165Z
lever	https://jobs.lever.co/placemeter	1	2026-09-28T08:35:45.147Z
lever	https://jobs.lever.co/placepass	1	2026-09-28T08:35:45.505Z
lever	https://jobs.lever.co/plaid	1	2026-09-28T08:35:45.773Z
lever	https://jobs.lever.co/plailabsinc	1	2026-09-28T08:35:46.029Z
lever	https://jobs.lever.co/planetinnovation	1	2026-09-28T08:35:46.274Z
lever	https://jobs.lever.co/plangrid	1	2026-09-28T08:35:49.219Z
lever	https://jobs.lever.co/planned-2	1	2026-09-28T08:35:49.459Z
lever	https://jobs.lever.co/plastiq	1	2026-09-28T08:35:49.783Z
lever	https://jobs.lever.co/platform-stud	1	2026-09-28T08:35:50.053Z
lever	https://jobs.lever.co/playvs	1	2026-09-28T08:35:50.278Z
lever	https://jobs.lever.co/plazahomemortgage	1	2026-09-28T08:35:50.295Z
lever	https://jobs.lever.co/plooto	1	2026-09-28T08:35:50.603Z
lever	https://jobs.lever.co/plum	1	2026-09-28T08:35:50.818Z
lever	https://jobs.lever.co/pockethealth	1	2026-09-28T08:35:51.446Z
lever	https://jobs.lever.co/pocketworlds	1	2026-09-28T08:35:51.663Z
lever	https://jobs.lever.co/pointonenav	1	2026-09-28T08:35:51.947Z
lever	https://jobs.lever.co/polarsteps	1	2026-09-28T08:35:52.194Z
lever	https://jobs.lever.co/policyfly	1	2026-09-28T08:35:52.231Z
lever	https://jobs.lever.co/pollyex	1	2026-09-28T08:35:52.735Z
lever	https://jobs.lever.co/polygon	1	2026-09-28T08:35:52.773Z
lever	https://jobs.lever.co/polymerlabs	1	2026-09-28T08:35:53.063Z
lever	https://jobs.lever.co/pond5	1	2026-09-28T08:35:53.263Z
lever	https://jobs.lever.co/poplarhomes	1	2026-09-28T08:35:53.318Z
lever	https://jobs.lever.co/popmenu	1	2026-09-28T08:35:53.513Z
lever	https://jobs.lever.co/popsa	1	2026-09-28T08:36:02.430Z
lever	https://jobs.lever.co/portoro	1	2026-09-28T08:35:56.837Z
lever	https://jobs.lever.co/poshtech	1	2026-09-28T08:35:57.382Z
lever	https://jobs.lever.co/possiblefinance	1	2026-09-28T08:35:57.596Z
lever	https://jobs.lever.co/potentialmotors	1	2026-09-28T08:35:57.924Z
lever	https://jobs.lever.co/potloc	1	2026-09-28T08:35:58.072Z
lever	https://jobs.lever.co/ppgt	1	2026-09-28T08:36:00.235Z
lever	https://jobs.lever.co/pplwise	1	2026-09-28T08:36:05.131Z
lever	https://jobs.lever.co/ppnyc	1	2026-09-28T08:36:03.728Z
lever	https://jobs.lever.co/ppslrswmo	1	2026-09-28T08:36:04.898Z
lever	https://jobs.lever.co/practicebetter	1	2026-09-28T08:36:06.442Z
lever	https://jobs.lever.co/preligens	1	2026-09-28T08:36:06.487Z
lever	https://jobs.lever.co/premia	1	2026-09-28T08:36:06.735Z
lever	https://jobs.lever.co/prescriptivedata	1	2026-09-28T08:36:06.978Z
lever	https://jobs.lever.co/prestashop	1	2026-09-28T08:36:07.220Z
lever	https://jobs.lever.co/prestigedevelopment	1	2026-09-28T08:36:07.465Z
lever	https://jobs.lever.co/presto	1	2026-09-28T08:36:14.081Z
lever	https://jobs.lever.co/pretto	1	2026-09-28T08:36:08.223Z
lever	https://jobs.lever.co/prevail	1	2026-09-28T08:36:08.669Z
lever	https://jobs.lever.co/pricebenowitz	1	2026-09-28T08:36:08.931Z
lever	https://jobs.lever.co/pricemoov	1	2026-09-28T08:36:18.471Z
lever	https://jobs.lever.co/primary-2	1	2026-09-28T08:36:10.635Z
lever	https://jobs.lever.co/primaryvc	1	2026-09-28T08:36:11.035Z
lever	https://jobs.lever.co/primechiefofstaff	1	2026-09-28T08:36:11.258Z
lever	https://jobs.lever.co/primemoverslab	1	2026-09-28T08:36:12.381Z
lever	https://jobs.lever.co/printavo	1	2026-09-28T08:36:13.397Z
lever	https://jobs.lever.co/printify	1	2026-09-28T08:36:13.645Z
lever	https://jobs.lever.co/priorities	1	2026-09-28T08:36:13.927Z
lever	https://jobs.lever.co/privacy	1	2026-09-28T08:36:20.213Z
lever	https://jobs.lever.co/processunity	1	2026-09-28T08:36:14.611Z
lever	https://jobs.lever.co/proconconsulting	1	2026-09-28T08:36:14.858Z
lever	https://jobs.lever.co/prodigyeducation	1	2026-09-28T08:36:17.904Z
lever	https://jobs.lever.co/prodigygame	1	2026-09-28T08:36:15.634Z
lever	https://jobs.lever.co/productiv	1	2026-09-28T08:36:17.024Z
lever	https://jobs.lever.co/progressive-design	1	2026-09-28T08:36:18.348Z
lever	https://jobs.lever.co/projectcallisto	1	2026-09-28T08:36:18.725Z
lever	https://jobs.lever.co/projector-2	1	2026-09-28T08:36:18.970Z
lever	https://jobs.lever.co/projectyx	1	2026-09-28T08:36:19.223Z
lever	https://jobs.lever.co/promaxo	1	2026-09-28T08:36:19.637Z
lever	https://jobs.lever.co/pronto-ai	1	2026-09-28T08:36:22.334Z
lever	https://jobs.lever.co/propelplm	1	2026-09-28T08:36:21.925Z
lever	https://jobs.lever.co/protegrity	1	2026-09-28T08:36:22.575Z
lever	https://jobs.lever.co/protocol	1	2026-09-28T08:36:22.828Z
lever	https://jobs.lever.co/pspdfkit	1	2026-09-28T08:36:25.992Z
lever	https://jobs.lever.co/publiccloudgroup-2	1	2026-09-28T08:36:26.240Z
lever	https://jobs.lever.co/publicprep	1	2026-09-28T08:36:26.492Z
lever	https://jobs.lever.co/pubstack	1	2026-09-28T08:36:26.499Z
lever	https://jobs.lever.co/pulsedata	1	2026-09-28T08:36:26.742Z
lever	https://jobs.lever.co/pulsemedianl	1	2026-09-28T08:36:26.829Z
lever	https://jobs.lever.co/pumpkin	1	2026-09-28T08:36:27.794Z
lever	https://jobs.lever.co/puritanmedproducts	1	2026-09-28T08:36:27.081Z
lever	https://jobs.lever.co/pyramidci	1	2026-09-28T08:36:28.111Z
lever	https://jobs.lever.co/pythian	1	2026-09-28T08:36:29.573Z
lever	https://jobs.lever.co/q-centrix	1	2026-09-28T08:36:28.368Z
lever	https://jobs.lever.co/q4inc	1	2026-09-28T08:36:28.754Z
lever	https://jobs.lever.co/qarik	1	2026-09-28T08:36:28.817Z
lever	https://jobs.lever.co/qashier	1	2026-09-28T08:36:28.997Z
lever	https://jobs.lever.co/qcells	1	2026-09-28T08:36:29.127Z
lever	https://jobs.lever.co/qcells-2	1	2026-09-28T08:36:29.130Z
lever	https://jobs.lever.co/qogita	1	2026-09-28T08:36:29.445Z
lever	https://jobs.lever.co/qover	1	2026-09-28T08:36:29.374Z
lever	https://jobs.lever.co/qredo	1	2026-09-28T08:36:29.618Z
lever	https://jobs.lever.co/qualified	1	2026-09-28T08:36:29.872Z
lever	https://jobs.lever.co/qualtekservices	1	2026-09-28T08:36:30.187Z
lever	https://jobs.lever.co/quantgene	1	2026-09-28T08:36:31.779Z
lever	https://jobs.lever.co/quantlabs	1	2026-09-28T08:36:31.800Z
lever	https://jobs.lever.co/quantumcircuits	1	2026-09-28T08:36:31.866Z
lever	https://jobs.lever.co/quantumworkplace	1	2026-09-28T08:36:32.043Z
lever	https://jobs.lever.co/quartet	1	2026-09-28T08:36:32.116Z
lever	https://jobs.lever.co/quartethealth	1	2026-09-28T08:36:32.258Z
lever	https://jobs.lever.co/quicknode	1	2026-09-28T08:36:32.611Z
lever	https://jobs.lever.co/quidd	1	2026-09-28T08:36:32.977Z
lever	https://jobs.lever.co/quidel	1	2026-09-28T08:36:33.202Z
lever	https://jobs.lever.co/quilt	1	2026-09-28T08:36:33.223Z
lever	https://jobs.lever.co/quince	1	2026-09-28T08:36:34.171Z
lever	https://jobs.lever.co/quitgenius	1	2026-09-28T08:36:33.812Z
lever	https://jobs.lever.co/quizizz	1	2026-09-28T08:36:33.813Z
lever	https://jobs.lever.co/quizlet-2	1	2026-09-28T08:36:34.070Z
lever	https://jobs.lever.co/quokka	1	2026-09-28T08:36:34.192Z
lever	https://jobs.lever.co/quora	1	2026-09-28T08:36:34.166Z
lever	https://jobs.lever.co/quotapath	1	2026-09-28T08:36:34.474Z
lever	https://jobs.lever.co/quotevelocity	1	2026-09-28T08:36:34.331Z
lever	https://jobs.lever.co/quotient	1	2026-09-28T08:36:34.405Z
lever	https://jobs.lever.co/quri	1	2026-09-28T08:36:34.418Z
lever	https://jobs.lever.co/r4d	1	2026-09-28T08:36:34.434Z
lever	https://jobs.lever.co/rabbitholestudios	1	2026-09-28T08:36:34.583Z
lever	https://jobs.lever.co/radai	1	2026-09-28T08:36:34.711Z
lever	https://jobs.lever.co/radicalai	1	2026-09-28T08:36:34.833Z
lever	https://jobs.lever.co/radix	1	2026-09-28T08:36:34.834Z
lever	https://jobs.lever.co/radpowerbikes-2	1	2026-09-28T08:36:34.914Z
lever	https://jobs.lever.co/rainforest	1	2026-09-28T08:36:35.293Z
lever	https://jobs.lever.co/rainmaking	1	2026-09-28T08:36:35.341Z
lever	https://jobs.lever.co/raise	1	2026-09-28T08:36:35.562Z
lever	https://jobs.lever.co/ranitherapeutics	1	2026-09-28T08:36:35.972Z
lever	https://jobs.lever.co/rapidapi	1	2026-09-28T08:36:36.226Z
lever	https://jobs.lever.co/rappi	1	2026-09-28T08:36:36.513Z
lever	https://jobs.lever.co/raptormaps	1	2026-09-28T08:36:36.605Z
lever	https://jobs.lever.co/raptstudio	1	2026-09-28T08:36:36.608Z
lever	https://jobs.lever.co/rarible	1	2026-09-28T08:36:36.885Z
lever	https://jobs.lever.co/ratemyagent	1	2026-09-28T08:36:36.879Z
lever	https://jobs.lever.co/raven	1	2026-09-28T08:36:37.076Z
lever	https://jobs.lever.co/reali	1	2026-09-28T08:36:37.327Z
lever	https://jobs.lever.co/realscout	1	2026-09-28T08:36:37.395Z
lever	https://jobs.lever.co/realvision	1	2026-09-28T08:36:37.396Z
lever	https://jobs.lever.co/recormedical	1	2026-09-28T08:36:38.222Z
lever	https://jobs.lever.co/recur	1	2026-09-28T08:36:38.527Z
lever	https://jobs.lever.co/recurly	1	2026-09-28T08:36:38.696Z
lever	https://jobs.lever.co/recurve	1	2026-09-28T08:36:38.844Z
lever	https://jobs.lever.co/redaptiveinc	1	2026-09-28T08:36:38.944Z
lever	https://jobs.lever.co/redcanary	1	2026-09-28T08:36:39.103Z
lever	https://jobs.lever.co/reddit	1	2026-09-28T08:36:39.348Z
lever	https://jobs.lever.co/redwoodresearch	1	2026-09-28T08:36:41.472Z
lever	https://jobs.lever.co/reebelo	1	2026-09-28T08:36:41.733Z
lever	https://jobs.lever.co/reflectorentertainment	1	2026-09-28T08:36:42.668Z
lever	https://jobs.lever.co/refuel	1	2026-09-28T08:36:42.348Z
lever	https://jobs.lever.co/regalvoice	1	2026-09-28T08:36:42.467Z
lever	https://jobs.lever.co/regard	1	2026-09-28T08:36:42.566Z
lever	https://jobs.lever.co/regentcraft	1	2026-09-28T08:36:42.605Z
lever	https://jobs.lever.co/reggora	1	2026-09-28T08:36:42.723Z
lever	https://jobs.lever.co/regrello	1	2026-09-28T08:36:42.882Z
lever	https://jobs.lever.co/reibus	1	2026-09-28T08:36:43.001Z
lever	https://jobs.lever.co/reifyhealth	1	2026-09-28T08:36:42.925Z
lever	https://jobs.lever.co/relativity	1	2026-09-28T08:36:42.963Z
lever	https://jobs.lever.co/relayfi	1	2026-09-28T08:36:43.261Z
lever	https://jobs.lever.co/relayr	1	2026-09-28T08:36:43.213Z
lever	https://jobs.lever.co/relaytx	1	2026-09-28T08:36:43.237Z
lever	https://jobs.lever.co/reli-sh	1	2026-09-28T08:36:43.381Z
lever	https://jobs.lever.co/remedyentertainment	1	2026-09-28T08:36:43.401Z
lever	https://jobs.lever.co/remine	1	2026-09-28T08:36:43.481Z
lever	https://jobs.lever.co/remix	1	2026-09-28T08:36:43.499Z
lever	https://jobs.lever.co/repairsmith	1	2026-09-28T08:36:43.755Z
lever	https://jobs.lever.co/replicant	1	2026-09-28T08:36:43.768Z
lever	https://jobs.lever.co/repreach	1	2026-09-28T08:36:43.951Z
lever	https://jobs.lever.co/republic	1	2026-09-28T08:36:44.010Z
lever	https://jobs.lever.co/reputation	1	2026-09-28T08:36:44.559Z
lever	https://jobs.lever.co/request	1	2026-09-28T08:36:44.206Z
lever	https://jobs.lever.co/rescale	1	2026-09-28T08:36:44.256Z
lever	https://jobs.lever.co/residenthome	1	2026-09-28T08:36:44.456Z
lever	https://jobs.lever.co/resilience	1	2026-09-28T08:36:44.506Z
lever	https://jobs.lever.co/resonanceglobal	1	2026-09-28T08:36:44.810Z
lever	https://jobs.lever.co/respawn	1	2026-09-28T08:36:44.900Z
lever	https://jobs.lever.co/respondent	1	2026-09-28T08:36:45.062Z
lever	https://jobs.lever.co/resultadosdigitais	1	2026-09-28T08:36:45.312Z
lever	https://jobs.lever.co/retailmenot	1	2026-09-28T08:36:45.473Z
lever	https://jobs.lever.co/retailreinvented	1	2026-09-28T08:36:45.524Z
lever	https://jobs.lever.co/retentionscience	1	2026-09-28T08:36:45.648Z
lever	https://jobs.lever.co/retool	1	2026-09-28T08:36:45.728Z
lever	https://jobs.lever.co/returnly	1	2026-09-28T08:36:45.887Z
lever	https://jobs.lever.co/returntocorp	1	2026-09-28T08:36:45.970Z
lever	https://jobs.lever.co/revenuecat	1	2026-09-28T08:36:46.711Z
lever	https://jobs.lever.co/revenuemanage	1	2026-09-28T08:36:46.282Z
lever	https://jobs.lever.co/reverielabs	1	2026-09-28T08:36:46.346Z
lever	https://jobs.lever.co/revero	1	2026-09-28T08:36:46.397Z
lever	https://jobs.lever.co/review	1	2026-09-28T08:36:46.839Z
lever	https://jobs.lever.co/reviewtrackers	1	2026-09-28T08:36:46.591Z
lever	https://jobs.lever.co/revolut	1	2026-09-28T08:36:46.853Z
lever	https://jobs.lever.co/revolutionparts	1	2026-09-28T08:36:46.907Z
lever	https://jobs.lever.co/revzilla	1	2026-09-28T08:36:47.212Z
lever	https://jobs.lever.co/rewatch	1	2026-09-28T08:36:47.096Z
lever	https://jobs.lever.co/rideos	1	2026-09-28T08:36:47.717Z
lever	https://jobs.lever.co/ridereport	1	2026-09-28T08:36:47.819Z
lever	https://jobs.lever.co/ridwell	1	2026-09-28T08:36:47.975Z
lever	https://jobs.lever.co/riftfinance	1	2026-09-28T08:36:48.072Z
lever	https://jobs.lever.co/riley	1	2026-09-28T08:36:48.338Z
lever	https://jobs.lever.co/rilldata	1	2026-09-28T08:36:48.639Z
lever	https://jobs.lever.co/rillet	1	2026-09-28T08:36:49.031Z
lever	https://jobs.lever.co/rimsys	1	2026-09-28T08:36:48.958Z
lever	https://jobs.lever.co/ring	1	2026-09-28T08:36:48.992Z
lever	https://jobs.lever.co/riptidetech	1	2026-09-28T08:36:49.336Z
lever	https://jobs.lever.co/risklabs	1	2026-09-28T08:36:49.276Z
lever	https://jobs.lever.co/ritual	1	2026-09-28T08:36:49.572Z
lever	https://jobs.lever.co/ritual-technologies	1	2026-09-28T08:36:49.835Z
lever	https://jobs.lever.co/riveron	1	2026-09-28T08:36:50.004Z
lever	https://jobs.lever.co/rivosinc	1	2026-09-28T08:36:50.328Z
lever	https://jobs.lever.co/roadio-ai	1	2026-09-28T08:36:50.392Z
lever	https://jobs.lever.co/roadrunnerwm	1	2026-09-28T08:36:50.648Z
lever	https://jobs.lever.co/robinpowered	1	2026-09-28T08:36:50.979Z
lever	https://jobs.lever.co/roboflow	1	2026-09-28T08:36:51.076Z
lever	https://jobs.lever.co/roboticassistancedevices	1	2026-09-28T08:36:51.315Z
lever	https://jobs.lever.co/robustintelligence	1	2026-09-28T08:36:51.446Z
lever	https://jobs.lever.co/rockcontent	1	2026-09-28T08:36:51.529Z
lever	https://jobs.lever.co/rocketlawyer	1	2026-09-28T08:36:53.061Z
lever	https://jobs.lever.co/rocketpharma	1	2026-09-28T08:36:51.691Z
lever	https://jobs.lever.co/rocketrip	1	2026-09-28T08:36:51.837Z
lever	https://jobs.lever.co/rockset	1	2026-09-28T08:36:51.868Z
lever	https://jobs.lever.co/rockymountainprep	1	2026-09-28T08:36:52.178Z
lever	https://jobs.lever.co/roger	1	2026-09-28T08:36:52.135Z
lever	https://jobs.lever.co/roh	1	2026-09-28T08:36:52.177Z
lever	https://jobs.lever.co/rollbar	1	2026-09-28T08:36:52.435Z
lever	https://jobs.lever.co/roo	1	2026-09-28T08:36:52.566Z
lever	https://jobs.lever.co/roofr	1	2026-09-28T08:36:52.688Z
lever	https://jobs.lever.co/roofstock	1	2026-09-28T08:36:53.210Z
lever	https://jobs.lever.co/roosterteeth	1	2026-09-28T08:36:52.942Z
lever	https://jobs.lever.co/roserocket	1	2026-09-28T08:36:53.317Z
lever	https://jobs.lever.co/roundglass	1	2026-09-28T08:36:53.479Z
lever	https://jobs.lever.co/routethis	1	2026-09-28T08:36:53.574Z
lever	https://jobs.lever.co/royal	1	2026-09-28T08:36:54.237Z
lever	https://jobs.lever.co/rqteam	1	2026-09-28T08:36:54.502Z
lever	https://jobs.lever.co/rsandf-2	1	2026-09-28T08:36:54.580Z
lever	https://jobs.lever.co/ruangguru	1	2026-09-28T08:36:54.758Z
lever	https://jobs.lever.co/rubylabs	1	2026-09-28T08:36:54.865Z
lever	https://jobs.lever.co/run-alloy	1	2026-09-28T08:36:55.226Z
lever	https://jobs.lever.co/runforsomething	1	2026-09-28T08:36:55.183Z
lever	https://jobs.lever.co/runkeeper	1	2026-09-28T08:36:56.882Z
lever	https://jobs.lever.co/runningtide	1	2026-09-28T08:36:55.412Z
lever	https://jobs.lever.co/rushdownstudio	1	2026-09-28T08:36:55.464Z
lever	https://jobs.lever.co/rw1	1	2026-09-28T08:36:55.662Z
lever	https://jobs.lever.co/rxsavingssolutions-2	1	2026-09-28T08:36:55.813Z
lever	https://jobs.lever.co/ryzlabs	1	2026-09-28T08:36:56.101Z
lever	https://jobs.lever.co/saagie	1	2026-09-28T08:36:56.123Z
lever	https://jobs.lever.co/safeai	1	2026-09-28T08:36:56.454Z
lever	https://jobs.lever.co/safelease	1	2026-09-28T08:36:56.455Z
lever	https://jobs.lever.co/sagana	1	2026-09-28T08:36:57.225Z
lever	https://jobs.lever.co/sagesure	1	2026-09-28T08:36:57.549Z
lever	https://jobs.lever.co/saiglobal	1	2026-09-28T08:36:57.562Z
lever	https://jobs.lever.co/sakuu	1	2026-09-28T08:36:57.863Z
lever	https://jobs.lever.co/saleor	1	2026-09-28T08:36:58.247Z
lever	https://jobs.lever.co/saleswhale	1	2026-09-28T08:36:58.502Z
lever	https://jobs.lever.co/salo-sciences	1	2026-09-28T08:36:58.669Z
lever	https://jobs.lever.co/samacare	1	2026-09-28T08:36:58.923Z
lever	https://jobs.lever.co/sanctuary	1	2026-09-28T08:36:59.960Z
lever	https://jobs.lever.co/sarwa	1	2026-09-28T08:37:01.121Z
lever	https://jobs.lever.co/sauce	1	2026-09-28T08:37:01.438Z
lever	https://jobs.lever.co/savage-interactive	1	2026-09-28T08:37:01.440Z
lever	https://jobs.lever.co/savii-2	1	2026-09-28T08:37:01.452Z
lever	https://jobs.lever.co/sayari	1	2026-09-28T08:37:01.702Z
lever	https://jobs.lever.co/sayurbox	1	2026-09-28T08:37:01.701Z
lever	https://jobs.lever.co/scalablepress	1	2026-09-28T08:37:01.703Z
lever	https://jobs.lever.co/scalac	1	2026-09-28T08:37:01.964Z
lever	https://jobs.lever.co/scaleai	1	2026-09-28T08:37:01.998Z
lever	https://jobs.lever.co/scalebio	1	2026-09-28T08:37:02.173Z
lever	https://jobs.lever.co/scalemicrogridsolutions	1	2026-09-28T08:37:02.219Z
lever	https://jobs.lever.co/scanlinevfx	1	2026-09-28T08:37:02.494Z
lever	https://jobs.lever.co/schibsted	1	2026-09-28T08:37:02.512Z
lever	https://jobs.lever.co/schoolhouseworld	1	2026-09-28T08:37:03.088Z
lever	https://jobs.lever.co/scienceexchange	1	2026-09-28T08:37:03.329Z
lever	https://jobs.lever.co/scio	1	2026-09-28T08:37:03.576Z
lever	https://jobs.lever.co/scoopforwork	1	2026-09-28T08:37:03.904Z
lever	https://jobs.lever.co/scopear	1	2026-09-28T08:37:04.147Z
lever	https://jobs.lever.co/scoperecruiting	1	2026-09-28T08:37:04.172Z
lever	https://jobs.lever.co/scorpion	1	2026-09-28T08:37:04.406Z
lever	https://jobs.lever.co/scottscheapflights	1	2026-09-28T08:37:04.584Z
lever	https://jobs.lever.co/scrapinghub	1	2026-09-28T08:37:04.731Z
lever	https://jobs.lever.co/scribd	1	2026-09-28T08:37:04.889Z
lever	https://jobs.lever.co/scrollfoundation	1	2026-09-28T08:37:04.977Z
lever	https://jobs.lever.co/seaoil	1	2026-09-28T08:37:05.232Z
lever	https://jobs.lever.co/secondfrontsystems	1	2026-09-28T08:37:05.496Z
lever	https://jobs.lever.co/section	1	2026-09-28T08:37:05.761Z
lever	https://jobs.lever.co/securityinnovation	1	2026-09-28T08:37:06.011Z
lever	https://jobs.lever.co/seekai	1	2026-09-28T08:37:06.274Z
lever	https://jobs.lever.co/seesaw	1	2026-09-28T08:37:06.632Z
lever	https://jobs.lever.co/seifdn	1	2026-09-28T08:37:06.873Z
lever	https://jobs.lever.co/seilabs	1	2026-09-28T08:37:07.130Z
lever	https://jobs.lever.co/selfbook	1	2026-09-28T08:37:07.268Z
lever	https://jobs.lever.co/selfmade	1	2026-09-28T08:37:07.515Z
lever	https://jobs.lever.co/semanticbits	1	2026-09-28T08:37:07.476Z
lever	https://jobs.lever.co/semaphoresolutions	1	2026-09-28T08:37:07.518Z
lever	https://jobs.lever.co/semgrep	1	2026-09-28T08:37:07.529Z
lever	https://jobs.lever.co/sendoso	1	2026-09-28T08:37:07.922Z
lever	https://jobs.lever.co/sensible	1	2026-09-28T08:37:07.759Z
lever	https://jobs.lever.co/sensortower	1	2026-09-28T08:37:07.780Z
lever	https://jobs.lever.co/seoulrobotics	1	2026-09-28T08:37:08.447Z
lever	https://jobs.lever.co/septerna	1	2026-09-28T08:37:08.023Z
lever	https://jobs.lever.co/seqera	1	2026-09-28T08:37:08.035Z
lever	https://jobs.lever.co/sevenbridges	1	2026-09-28T08:37:08.801Z
lever	https://jobs.lever.co/sewerai	1	2026-09-28T08:37:08.941Z
lever	https://jobs.lever.co/sfcg	1	2026-09-28T08:37:09.052Z
lever	https://jobs.lever.co/shakepay	1	2026-09-28T08:37:10.277Z
lever	https://jobs.lever.co/shapertools	1	2026-09-28T08:37:10.589Z
lever	https://jobs.lever.co/sharethrough	1	2026-09-28T08:37:10.918Z
lever	https://jobs.lever.co/sheerid	1	2026-09-28T08:37:10.948Z
lever	https://jobs.lever.co/sheertex	1	2026-09-28T08:37:11.168Z
lever	https://jobs.lever.co/shef	1	2026-09-28T08:37:11.173Z
lever	https://jobs.lever.co/shelfengine	1	2026-09-28T08:37:11.204Z
lever	https://jobs.lever.co/shippit	1	2026-09-28T08:37:11.457Z
lever	https://jobs.lever.co/shippo	1	2026-09-28T08:37:12.419Z
lever	https://jobs.lever.co/shop-canal	1	2026-09-28T08:37:11.840Z
lever	https://jobs.lever.co/shopify	1	2026-09-28T08:37:12.144Z
lever	https://jobs.lever.co/sidebench	1	2026-09-28T08:37:12.983Z
lever	https://jobs.lever.co/sidequest	1	2026-09-28T08:37:15.594Z
lever	https://jobs.lever.co/sigfig-2	1	2026-09-28T08:37:15.709Z
lever	https://jobs.lever.co/sightviewsoftware	1	2026-09-28T08:37:15.846Z
lever	https://jobs.lever.co/signalfx	1	2026-09-28T08:37:15.950Z
lever	https://jobs.lever.co/silo	1	2026-09-28T08:37:16.657Z
lever	https://jobs.lever.co/silvercar	1	2026-09-28T08:37:16.926Z
lever	https://jobs.lever.co/silviaterra	1	2026-09-28T08:37:17.255Z
lever	https://jobs.lever.co/silvustechnologies	1	2026-09-28T08:37:17.335Z
lever	https://jobs.lever.co/simberobotics	1	2026-09-28T08:37:21.079Z
lever	https://jobs.lever.co/simplebet	1	2026-09-28T08:37:17.590Z
lever	https://jobs.lever.co/simplehabit	1	2026-09-28T08:37:17.670Z
lever	https://jobs.lever.co/simpli-2	1	2026-09-28T08:37:17.840Z
lever	https://jobs.lever.co/simplybusiness	1	2026-09-28T08:37:17.918Z
lever	https://jobs.lever.co/siren-bio	1	2026-09-28T08:37:18.196Z
lever	https://jobs.lever.co/sirnaomics	1	2026-09-28T08:37:18.539Z
lever	https://jobs.lever.co/siteminder	1	2026-09-28T08:37:18.881Z
lever	https://jobs.lever.co/sitka	1	2026-09-28T08:37:24.308Z
lever	https://jobs.lever.co/sixfoldbioscience	1	2026-09-28T08:37:20.916Z
lever	https://jobs.lever.co/sixspeed	1	2026-09-28T08:37:21.212Z
lever	https://jobs.lever.co/skava	1	2026-09-28T08:37:21.193Z
lever	https://jobs.lever.co/sketch	1	2026-09-28T08:37:21.464Z
lever	https://jobs.lever.co/skill-lync	1	2026-09-28T08:37:21.462Z
lever	https://jobs.lever.co/skilljar	1	2026-09-28T08:37:21.722Z
lever	https://jobs.lever.co/skillshare	1	2026-09-28T08:37:21.727Z
lever	https://jobs.lever.co/skims	1	2026-09-28T08:37:21.960Z
lever	https://jobs.lever.co/skulabs	1	2026-09-28T08:37:22.252Z
lever	https://jobs.lever.co/skypointcloud	1	2026-09-28T08:37:24.547Z
lever	https://jobs.lever.co/slab	1	2026-09-28T08:37:26.913Z
lever	https://jobs.lever.co/slang	1	2026-09-28T08:37:27.343Z
lever	https://jobs.lever.co/sleuth	1	2026-09-28T08:37:27.586Z
lever	https://jobs.lever.co/smarking	1	2026-09-28T08:37:27.710Z
lever	https://jobs.lever.co/smartadserver	1	2026-09-28T08:37:27.994Z
lever	https://jobs.lever.co/smartbugoperatingllc	1	2026-09-28T08:37:28.242Z
lever	https://jobs.lever.co/smartcar	1	2026-09-28T08:37:28.236Z
lever	https://jobs.lever.co/smartthings	1	2026-09-28T08:37:28.489Z
lever	https://jobs.lever.co/snacknation	1	2026-09-28T08:37:28.741Z
lever	https://jobs.lever.co/snackpass	1	2026-09-28T08:37:28.989Z
lever	https://jobs.lever.co/snapcommerce	1	2026-09-28T08:37:29.245Z
lever	https://jobs.lever.co/snapdocs	1	2026-09-28T08:37:30.614Z
lever	https://jobs.lever.co/snif	1	2026-09-28T08:37:29.749Z
lever	https://jobs.lever.co/snowfork	1	2026-09-28T08:37:30.095Z
lever	https://jobs.lever.co/snowplow	1	2026-09-28T08:37:30.105Z
lever	https://jobs.lever.co/snowplowanalytics	1	2026-09-28T08:37:30.195Z
lever	https://jobs.lever.co/socialchorus	1	2026-09-28T08:37:30.361Z
lever	https://jobs.lever.co/socialtables	1	2026-09-28T08:37:30.377Z
lever	https://jobs.lever.co/softrams	1	2026-09-28T08:37:32.993Z
lever	https://jobs.lever.co/soloavt	1	2026-09-28T08:37:32.616Z
lever	https://jobs.lever.co/solvd	1	2026-09-28T08:37:35.647Z
lever	https://jobs.lever.co/sonar	1	2026-09-28T08:37:35.889Z
lever	https://jobs.lever.co/sonatus	1	2026-09-28T08:37:36.321Z
lever	https://jobs.lever.co/soundcommerce	1	2026-09-28T08:37:37.845Z
lever	https://jobs.lever.co/soundstack	1	2026-09-28T08:37:38.095Z
lever	https://jobs.lever.co/sourcegraph	1	2026-09-28T08:37:38.658Z
lever	https://jobs.lever.co/southwestwater	1	2026-09-28T08:37:38.970Z
lever	https://jobs.lever.co/soylent	1	2026-09-28T08:37:38.978Z
lever	https://jobs.lever.co/spaceback	1	2026-09-28T08:37:39.218Z
lever	https://jobs.lever.co/spacemaker	1	2026-09-28T08:37:39.239Z
lever	https://jobs.lever.co/spacetecpartners	1	2026-09-28T08:37:39.286Z
lever	https://jobs.lever.co/sparkclimatesolutions	1	2026-09-28T08:37:39.488Z
lever	https://jobs.lever.co/sparkfund	1	2026-09-28T08:37:39.489Z
lever	https://jobs.lever.co/spectral	1	2026-09-28T08:37:41.477Z
lever	https://jobs.lever.co/spekit	1	2026-09-28T08:37:41.729Z
lever	https://jobs.lever.co/spendesk	1	2026-09-28T08:37:41.969Z
lever	https://jobs.lever.co/sphinxdefense	1	2026-09-28T08:37:42.223Z
lever	https://jobs.lever.co/spinwheel	1	2026-09-28T08:37:44.272Z
lever	https://jobs.lever.co/splash-music	1	2026-09-28T08:37:44.510Z
lever	https://jobs.lever.co/splashfinancial	1	2026-09-28T08:37:44.756Z
lever	https://jobs.lever.co/sporty	1	2026-09-28T08:37:45.207Z
lever	https://jobs.lever.co/springboard	1	2026-09-28T08:37:46.844Z
lever	https://jobs.lever.co/springfreeev	1	2026-09-28T08:37:46.845Z
lever	https://jobs.lever.co/springhealth	1	2026-09-28T08:37:47.135Z
lever	https://jobs.lever.co/sprinterhealth	1	2026-09-28T08:37:47.112Z
lever	https://jobs.lever.co/sprintfwd	1	2026-09-28T08:37:47.383Z
lever	https://jobs.lever.co/sprinto	1	2026-09-28T08:37:48.404Z
lever	https://jobs.lever.co/spruce	1	2026-09-28T08:37:47.630Z
lever	https://jobs.lever.co/sprucestreetcompinternships	1	2026-09-28T08:37:48.151Z
lever	https://jobs.lever.co/sprucesystems	1	2026-09-28T08:37:48.407Z
lever	https://jobs.lever.co/sqreen-2	1	2026-09-28T08:37:49.777Z
lever	https://jobs.lever.co/stable	1	2026-09-28T08:37:52.520Z
lever	https://jobs.lever.co/stackadapt	1	2026-09-28T08:37:50.839Z
lever	https://jobs.lever.co/stackblitz	1	2026-09-28T08:37:51.091Z
lever	https://jobs.lever.co/stacksfoundation	1	2026-09-28T08:37:51.626Z
lever	https://jobs.lever.co/starburstdata	1	2026-09-28T08:37:51.881Z
lever	https://jobs.lever.co/starknet	1	2026-09-28T08:37:52.721Z
lever	https://jobs.lever.co/starship	1	2026-09-28T08:37:52.770Z
lever	https://jobs.lever.co/statesproject	1	2026-09-28T08:37:53.199Z
lever	https://jobs.lever.co/statflo	1	2026-09-28T08:37:53.224Z
lever	https://jobs.lever.co/statuspageio	1	2026-09-28T08:37:53.288Z
lever	https://jobs.lever.co/statuspro	1	2026-09-28T08:37:53.454Z
lever	https://jobs.lever.co/stavvy	1	2026-09-28T08:37:53.476Z
lever	https://jobs.lever.co/stedi	1	2026-09-28T08:37:53.554Z
lever	https://jobs.lever.co/steemit	1	2026-09-28T08:37:53.621Z
lever	https://jobs.lever.co/stellar	1	2026-09-28T08:37:53.696Z
lever	https://jobs.lever.co/stellarfinance	1	2026-09-28T08:37:53.724Z
lever	https://jobs.lever.co/stem	1	2026-09-28T08:37:54.087Z
lever	https://jobs.lever.co/stemprepacademy	1	2026-09-28T08:37:53.878Z
lever	https://jobs.lever.co/stickermule	1	2026-09-28T08:37:53.969Z
lever	https://jobs.lever.co/stoic	1	2026-09-28T08:37:54.262Z
lever	https://jobs.lever.co/stormforge	1	2026-09-28T08:37:54.497Z
lever	https://jobs.lever.co/storygrounds	1	2026-09-28T08:37:54.534Z
lever	https://jobs.lever.co/storyprotocol	1	2026-09-28T08:37:54.727Z
lever	https://jobs.lever.co/strapi	1	2026-09-28T08:37:55.025Z
lever	https://jobs.lever.co/streetcontext	1	2026-09-28T08:37:55.017Z
lever	https://jobs.lever.co/streetlightdata	1	2026-09-28T08:37:55.038Z
lever	https://jobs.lever.co/streetsmartsvr	1	2026-09-28T08:37:55.265Z
lever	https://jobs.lever.co/stridefunding	1	2026-09-28T08:37:55.282Z
lever	https://jobs.lever.co/strongdm	1	2026-09-28T08:37:55.459Z
lever	https://jobs.lever.co/stronghold	1	2026-09-28T08:37:55.527Z
lever	https://jobs.lever.co/structionsite	1	2026-09-28T08:37:55.535Z
lever	https://jobs.lever.co/strydefurther	1	2026-09-28T08:37:55.539Z
lever	https://jobs.lever.co/stuart	1	2026-09-28T08:37:55.652Z
lever	https://jobs.lever.co/stubhub	1	2026-09-28T08:37:55.701Z
lever	https://jobs.lever.co/studiothree	1	2026-09-28T08:37:55.781Z
lever	https://jobs.lever.co/stxnft	1	2026-09-28T08:37:55.783Z
lever	https://jobs.lever.co/sublimesystems	1	2026-09-28T08:37:55.895Z
lever	https://jobs.lever.co/subspacelabs	1	2026-09-28T08:37:56.013Z
lever	https://jobs.lever.co/substackinc	1	2026-09-28T08:37:56.023Z
lever	https://jobs.lever.co/sukut	1	2026-09-28T08:37:56.151Z
lever	https://jobs.lever.co/summersalt	1	2026-09-28T08:37:56.254Z
lever	https://jobs.lever.co/sumo-digital	1	2026-09-28T08:37:56.262Z
lever	https://jobs.lever.co/sundaysfordogs	1	2026-09-28T08:37:56.291Z
lever	https://jobs.lever.co/sunnova	1	2026-09-28T08:37:57.595Z
lever	https://jobs.lever.co/sunpower	1	2026-09-28T08:37:56.589Z
lever	https://jobs.lever.co/suntribegroup	1	2026-09-28T08:37:57.108Z
lever	https://jobs.lever.co/super-com	1	2026-09-28T08:37:57.481Z
lever	https://jobs.lever.co/supernovacompanies	1	2026-09-28T08:37:57.810Z
lever	https://jobs.lever.co/supernoya-logistics	1	2026-09-28T08:37:58.417Z
lever	https://jobs.lever.co/supportninja	1	2026-09-28T08:37:58.769Z
lever	https://jobs.lever.co/sustain-cert	1	2026-09-28T08:37:58.864Z
lever	https://jobs.lever.co/swaniti	1	2026-09-28T08:37:58.981Z
lever	https://jobs.lever.co/swappie	1	2026-09-28T08:37:59.051Z
lever	https://jobs.lever.co/sweedpos	1	2026-09-28T08:37:59.135Z
lever	https://jobs.lever.co/swiftlysystems	1	2026-09-28T08:37:59.312Z
lever	https://jobs.lever.co/swiftmedical	1	2026-09-28T08:37:59.308Z
lever	https://jobs.lever.co/swiggy	1	2026-09-28T08:37:59.393Z
lever	https://jobs.lever.co/swimply	1	2026-09-28T08:37:59.604Z
lever	https://jobs.lever.co/swingvision	1	2026-09-28T08:37:59.619Z
lever	https://jobs.lever.co/swiss-mile	1	2026-09-28T08:37:59.688Z
lever	https://jobs.lever.co/switchboardsoftware	1	2026-09-28T08:37:59.959Z
lever	https://jobs.lever.co/swoopapp	1	2026-09-28T08:37:59.962Z
lever	https://jobs.lever.co/swyftx	1	2026-09-28T08:38:00.287Z
lever	https://jobs.lever.co/sygnaturediscovery	1	2026-09-28T08:38:01.596Z
lever	https://jobs.lever.co/sylvera	1	2026-09-28T08:38:00.582Z
lever	https://jobs.lever.co/symmetrysystems	1	2026-09-28T08:38:00.542Z
lever	https://jobs.lever.co/synapseint	1	2026-09-28T08:38:00.795Z
lever	https://jobs.lever.co/synthetaic	1	2026-09-28T08:38:01.720Z
lever	https://jobs.lever.co/t1	1	2026-09-28T08:38:02.173Z
lever	https://jobs.lever.co/t6talentpartners	1	2026-09-28T08:38:02.429Z
lever	https://jobs.lever.co/tachyus	1	2026-09-28T08:38:02.812Z
lever	https://jobs.lever.co/tackle	1	2026-09-28T08:38:03.073Z
lever	https://jobs.lever.co/tactical	1	2026-09-28T08:38:03.336Z
lever	https://jobs.lever.co/tactilegames	1	2026-09-28T08:38:03.583Z
lever	https://jobs.lever.co/tajir-app	1	2026-09-28T08:38:07.480Z
lever	https://jobs.lever.co/takescoop	1	2026-09-28T08:38:03.843Z
lever	https://jobs.lever.co/talend	1	2026-09-28T08:38:04.085Z
lever	https://jobs.lever.co/talent2win	1	2026-09-28T08:38:04.187Z
lever	https://jobs.lever.co/talentkompass-deutschland	1	2026-09-28T08:38:04.221Z
lever	https://jobs.lever.co/talentneuron	1	2026-09-28T08:38:06.927Z
lever	https://jobs.lever.co/talentus	1	2026-09-28T08:38:04.484Z
lever	https://jobs.lever.co/talkiatry	1	2026-09-28T08:38:05.149Z
lever	https://jobs.lever.co/tamara	1	2026-09-28T08:38:05.240Z
lever	https://jobs.lever.co/tamr	1	2026-09-28T08:38:05.401Z
lever	https://jobs.lever.co/tandemcare	1	2026-09-28T08:38:05.520Z
lever	https://jobs.lever.co/tangibleplay	1	2026-09-28T08:38:06.314Z
lever	https://jobs.lever.co/tapasmedia	1	2026-09-28T08:38:06.340Z
lever	https://jobs.lever.co/tapcart	1	2026-09-28T08:38:06.576Z
lever	https://jobs.lever.co/taplytics	1	2026-09-28T08:38:06.589Z
lever	https://jobs.lever.co/taptapsend	1	2026-09-28T08:38:07.090Z
lever	https://jobs.lever.co/tari	1	2026-09-28T08:38:06.833Z
lever	https://jobs.lever.co/tataunistore	1	2026-09-28T08:38:07.084Z
lever	https://jobs.lever.co/tavernresearch	1	2026-09-28T08:38:07.169Z
lever	https://jobs.lever.co/taxfyle	1	2026-09-28T08:38:07.340Z
lever	https://jobs.lever.co/teachable	1	2026-09-28T08:38:07.583Z
lever	https://jobs.lever.co/teachinglab	1	2026-09-28T08:38:08.275Z
lever	https://jobs.lever.co/tealium	1	2026-09-28T08:38:07.754Z
lever	https://jobs.lever.co/teameven	1	2026-09-28T08:38:07.975Z
lever	https://jobs.lever.co/teampilot	1	2026-09-28T08:38:08.543Z
lever	https://jobs.lever.co/techflow	1	2026-09-28T08:38:08.561Z
lever	https://jobs.lever.co/techmatters	1	2026-09-28T08:38:18.330Z
lever	https://jobs.lever.co/techruiter	1	2026-09-28T08:38:09.016Z
lever	https://jobs.lever.co/techtrust-inc	1	2026-09-28T08:38:09.110Z
lever	https://jobs.lever.co/tecla	1	2026-09-28T08:38:09.260Z
lever	https://jobs.lever.co/tegus	1	2026-09-28T08:38:09.357Z
lever	https://jobs.lever.co/tempest	1	2026-09-28T08:38:09.777Z
lever	https://jobs.lever.co/temporal	1	2026-09-28T08:38:09.811Z
lever	https://jobs.lever.co/tenderly	1	2026-09-28T08:38:10.001Z
lever	https://jobs.lever.co/tendermint	1	2026-09-28T08:38:10.199Z
lever	https://jobs.lever.co/tensorwave	1	2026-09-28T08:38:18.379Z
lever	https://jobs.lever.co/tenstorrent	1	2026-09-28T08:38:10.340Z
lever	https://jobs.lever.co/terazo	1	2026-09-28T08:38:10.752Z
lever	https://jobs.lever.co/termius	1	2026-09-28T08:38:11.011Z
lever	https://jobs.lever.co/terms	1	2026-09-28T08:38:11.169Z
lever	https://jobs.lever.co/terra	1	2026-09-28T08:38:11.271Z
lever	https://jobs.lever.co/terraformation	1	2026-09-28T08:38:11.502Z
lever	https://jobs.lever.co/tessian	1	2026-09-28T08:38:12.084Z
lever	https://jobs.lever.co/textio	1	2026-09-28T08:38:12.694Z
lever	https://jobs.lever.co/the-street	1	2026-09-28T08:38:14.024Z
lever	https://jobs.lever.co/the-wing	1	2026-09-28T08:38:14.336Z
lever	https://jobs.lever.co/theambrgroup	1	2026-09-28T08:38:14.587Z
lever	https://jobs.lever.co/thebabyboxco	1	2026-09-28T08:38:15.246Z
lever	https://jobs.lever.co/thecitizenry	1	2026-09-28T08:38:15.658Z
lever	https://jobs.lever.co/thecontigroup	1	2026-09-28T08:38:26.264Z
lever	https://jobs.lever.co/theexteriorcompany	1	2026-09-28T08:38:24.260Z
lever	https://jobs.lever.co/theflexcompany	1	2026-09-28T08:38:16.273Z
lever	https://jobs.lever.co/theguarantors	1	2026-09-28T08:38:16.828Z
lever	https://jobs.lever.co/thejuggernaut	1	2026-09-28T08:38:18.632Z
lever	https://jobs.lever.co/thekey	1	2026-09-28T08:38:18.840Z
lever	https://jobs.lever.co/thekrazycouponlady	1	2026-09-28T08:38:18.855Z
lever	https://jobs.lever.co/themuse	1	2026-09-28T08:38:18.887Z
lever	https://jobs.lever.co/thenotcompany	1	2026-09-28T08:38:19.141Z
lever	https://jobs.lever.co/thentwrk	1	2026-09-28T08:38:19.175Z
lever	https://jobs.lever.co/thenudge	1	2026-09-28T08:38:19.142Z
lever	https://jobs.lever.co/theorem	1	2026-09-28T08:38:20.432Z
lever	https://jobs.lever.co/theoremonellc	1	2026-09-28T08:38:26.265Z
lever	https://jobs.lever.co/thepillclub	1	2026-09-28T08:38:23.238Z
lever	https://jobs.lever.co/therabodycorp	1	2026-09-28T08:38:26.266Z
lever	https://jobs.lever.co/therecount	1	2026-09-28T08:38:24.261Z
lever	https://jobs.lever.co/therounds	1	2026-09-28T08:38:24.515Z
lever	https://jobs.lever.co/thesleepreset	1	2026-09-28T08:38:24.774Z
lever	https://jobs.lever.co/thespringhillco	1	2026-09-28T08:38:25.079Z
lever	https://jobs.lever.co/thestudio	1	2026-09-28T08:38:25.334Z
lever	https://jobs.lever.co/thetrainline	1	2026-09-28T08:38:25.594Z
lever	https://jobs.lever.co/thewanderlustgroup	1	2026-09-28T08:38:26.266Z
lever	https://jobs.lever.co/thewire-media	1	2026-09-28T08:38:26.527Z
lever	https://jobs.lever.co/thezebra	1	2026-09-28T08:38:26.526Z
lever	https://jobs.lever.co/thinair	1	2026-09-28T08:38:26.828Z
lever	https://jobs.lever.co/thinkcyte	1	2026-09-28T08:38:27.152Z
lever	https://jobs.lever.co/thinkful	1	2026-09-28T08:38:27.585Z
lever	https://jobs.lever.co/thinkhr	1	2026-09-28T08:38:29.082Z
lever	https://jobs.lever.co/thinkon	1	2026-09-28T08:38:28.156Z
lever	https://jobs.lever.co/third-city-christian-church	1	2026-09-28T08:38:28.471Z
lever	https://jobs.lever.co/thirdlove	1	2026-09-28T08:38:28.481Z
lever	https://jobs.lever.co/thirdwavelabs	1	2026-09-28T08:38:28.770Z
lever	https://jobs.lever.co/thortech-solutions	1	2026-09-28T08:38:28.776Z
lever	https://jobs.lever.co/thoughtexchange	1	2026-09-28T08:38:28.777Z
lever	https://jobs.lever.co/thrasio	1	2026-09-28T08:38:28.778Z
lever	https://jobs.lever.co/threatconnect	1	2026-09-28T08:38:29.048Z
lever	https://jobs.lever.co/thredup	1	2026-09-28T08:38:29.050Z
lever	https://jobs.lever.co/thrillworks	1	2026-09-28T08:38:31.376Z
lever	https://jobs.lever.co/thrivemarket	1	2026-09-28T08:38:29.333Z
lever	https://jobs.lever.co/thundertoken	1	2026-09-28T08:38:29.596Z
lever	https://jobs.lever.co/thycotic	1	2026-09-28T08:38:29.948Z
lever	https://jobs.lever.co/tiff	1	2026-09-28T08:38:30.248Z
lever	https://jobs.lever.co/tiket	1	2026-09-28T08:38:30.194Z
lever	https://jobs.lever.co/tilda-research	1	2026-09-28T08:38:30.511Z
lever	https://jobs.lever.co/tileapp	1	2026-09-28T08:38:30.513Z
lever	https://jobs.lever.co/timely-md	1	2026-09-28T08:38:30.819Z
lever	https://jobs.lever.co/timelycare	1	2026-09-28T08:38:30.818Z
lever	https://jobs.lever.co/tiplink	1	2026-09-28T08:38:32.720Z
lever	https://jobs.lever.co/titan	1	2026-09-28T08:38:31.147Z
lever	https://jobs.lever.co/titanx	1	2026-09-28T08:38:31.394Z
lever	https://jobs.lever.co/titmouse	1	2026-09-28T08:38:31.645Z
lever	https://jobs.lever.co/tivix	1	2026-09-28T08:38:31.649Z
lever	https://jobs.lever.co/token	1	2026-09-28T08:38:33.497Z
lever	https://jobs.lever.co/tokenmetrics	1	2026-09-28T08:38:33.756Z
lever	https://jobs.lever.co/tokenwin	1	2026-09-28T08:38:34.008Z
lever	https://jobs.lever.co/tombras	1	2026-09-28T08:38:34.922Z
lever	https://jobs.lever.co/tomonetworks	1	2026-09-28T08:38:35.589Z
lever	https://jobs.lever.co/tonal	1	2026-09-28T08:38:35.827Z
lever	https://jobs.lever.co/tophat	1	2026-09-28T08:38:36.388Z
lever	https://jobs.lever.co/tophatter	1	2026-09-28T08:38:36.804Z
lever	https://jobs.lever.co/topl	1	2026-09-28T08:38:36.751Z
lever	https://jobs.lever.co/toplinepro	1	2026-09-28T08:38:36.928Z
lever	https://jobs.lever.co/torch	1	2026-09-28T08:38:37.008Z
lever	https://jobs.lever.co/toruslabs	1	2026-09-28T08:38:37.184Z
lever	https://jobs.lever.co/traba	1	2026-09-28T08:38:38.108Z
lever	https://jobs.lever.co/trace3	1	2026-09-28T08:38:38.187Z
lever	https://jobs.lever.co/trade-lanes	1	2026-09-28T08:38:38.720Z
lever	https://jobs.lever.co/tradecentriccareers	1	2026-09-28T08:38:38.969Z
lever	https://jobs.lever.co/trader	1	2026-09-28T08:38:39.223Z
lever	https://jobs.lever.co/tradeshift	1	2026-09-28T08:38:39.473Z
lever	https://jobs.lever.co/tradesy	1	2026-09-28T08:38:39.628Z
lever	https://jobs.lever.co/trailofbits	1	2026-09-28T08:38:39.882Z
lever	https://jobs.lever.co/trainual	1	2026-09-28T08:38:41.835Z
lever	https://jobs.lever.co/transfrvr	1	2026-09-28T08:38:40.759Z
lever	https://jobs.lever.co/transitscreen	1	2026-09-28T08:38:41.018Z
lever	https://jobs.lever.co/transwest	1	2026-09-28T08:38:41.537Z
lever	https://jobs.lever.co/travala	1	2026-09-28T08:38:41.560Z
lever	https://jobs.lever.co/treasure-data	1	2026-09-28T08:38:41.818Z
lever	https://jobs.lever.co/treecard	1	2026-09-28T08:38:42.077Z
lever	https://jobs.lever.co/trella	1	2026-09-28T08:38:42.366Z
lever	https://jobs.lever.co/trengobv	1	2026-09-28T08:38:42.891Z
lever	https://jobs.lever.co/trilogyfederal	1	2026-09-28T08:38:43.602Z
lever	https://jobs.lever.co/trip-ninja	1	2026-09-28T08:38:43.850Z
lever	https://jobs.lever.co/tripleblind	1	2026-09-28T08:38:44.032Z
lever	https://jobs.lever.co/triplebyte	1	2026-09-28T08:38:44.091Z
lever	https://jobs.lever.co/triplewhale	1	2026-09-28T08:38:44.311Z
lever	https://jobs.lever.co/trolley	1	2026-09-28T08:38:44.483Z
lever	https://jobs.lever.co/trueaccord	1	2026-09-28T08:38:44.876Z
lever	https://jobs.lever.co/truenorth	1	2026-09-28T08:38:44.908Z
lever	https://jobs.lever.co/truepill	1	2026-09-28T08:38:44.738Z
lever	https://jobs.lever.co/truevault	1	2026-09-28T08:38:45.161Z
lever	https://jobs.lever.co/truora	1	2026-09-28T08:38:45.693Z
lever	https://jobs.lever.co/trussworks	1	2026-09-28T08:38:45.952Z
lever	https://jobs.lever.co/trustandwill	1	2026-09-28T08:38:45.953Z
lever	https://jobs.lever.co/trustedhealth	1	2026-09-28T08:38:46.233Z
lever	https://jobs.lever.co/trustlab	1	2026-09-28T08:38:46.417Z
lever	https://jobs.lever.co/trusttoken	1	2026-09-28T08:38:46.608Z
lever	https://jobs.lever.co/truveris	1	2026-09-28T08:38:46.768Z
lever	https://jobs.lever.co/trycourier	1	2026-09-28T08:38:46.756Z
lever	https://jobs.lever.co/tubularlabs	1	2026-09-28T08:38:47.257Z
lever	https://jobs.lever.co/tuftandneedle	1	2026-09-28T08:38:47.520Z
lever	https://jobs.lever.co/tul	1	2026-09-28T08:38:47.910Z
lever	https://jobs.lever.co/tune	1	2026-09-28T08:38:48.254Z
lever	https://jobs.lever.co/tunein	1	2026-09-28T08:38:48.163Z
lever	https://jobs.lever.co/tunnl-data	1	2026-09-28T08:38:48.463Z
lever	https://jobs.lever.co/turing-labs	1	2026-09-28T08:38:48.506Z
lever	https://jobs.lever.co/tuskventures	1	2026-09-28T08:38:48.723Z
lever	https://jobs.lever.co/tweeq	1	2026-09-28T08:38:49.021Z
lever	https://jobs.lever.co/twelvelabs	1	2026-09-28T08:38:49.276Z
lever	https://jobs.lever.co/twentyfirstcenturybrand	1	2026-09-28T08:38:49.530Z
lever	https://jobs.lever.co/twisp	1	2026-09-28T08:38:49.791Z
lever	https://jobs.lever.co/twitch	1	2026-09-28T08:38:49.945Z
lever	https://jobs.lever.co/typology	1	2026-09-28T08:38:50.363Z
lever	https://jobs.lever.co/ubiminds	1	2026-09-28T08:38:50.884Z
lever	https://jobs.lever.co/udacity	1	2026-09-28T08:38:51.028Z
lever	https://jobs.lever.co/udemy	1	2026-09-28T08:38:51.179Z
lever	https://jobs.lever.co/ueno	1	2026-09-28T08:38:51.441Z
lever	https://jobs.lever.co/ufonia	1	2026-09-28T08:38:51.702Z
lever	https://jobs.lever.co/uipath	1	2026-09-28T08:38:52.341Z
lever	https://jobs.lever.co/ultra	1	2026-09-28T08:38:53.153Z
lever	https://jobs.lever.co/umaproject	1	2026-09-28T08:38:52.600Z
lever	https://jobs.lever.co/umbragestudios	1	2026-09-28T08:38:52.857Z
lever	https://jobs.lever.co/umpqua-health	1	2026-09-28T08:38:53.089Z
lever	https://jobs.lever.co/uncountable	1	2026-09-28T08:38:53.196Z
lever	https://jobs.lever.co/unico	1	2026-09-28T08:38:53.098Z
lever	https://jobs.lever.co/uniphore	1	2026-09-28T08:38:53.392Z
lever	https://jobs.lever.co/universalengineeringsciences	1	2026-09-28T08:38:53.857Z
lever	https://jobs.lever.co/unknownworlds	1	2026-09-28T08:38:53.976Z
lever	https://jobs.lever.co/unlearnai	1	2026-09-28T08:38:54.116Z
lever	https://jobs.lever.co/unlikely	1	2026-09-28T08:38:54.123Z
lever	https://jobs.lever.co/unraveldata	1	2026-09-28T08:38:54.225Z
lever	https://jobs.lever.co/unstoppabledomains	1	2026-09-28T08:38:54.291Z
lever	https://jobs.lever.co/unstructuredtechnologies	1	2026-09-28T08:38:54.369Z
lever	https://jobs.lever.co/untether	1	2026-09-28T08:38:54.654Z
lever	https://jobs.lever.co/unu	1	2026-09-28T08:38:54.476Z
lever	https://jobs.lever.co/upgrade	1	2026-09-28T08:38:54.616Z
lever	https://jobs.lever.co/uplift	1	2026-09-28T08:38:54.855Z
lever	https://jobs.lever.co/upmetrics	1	2026-09-28T08:38:54.896Z
lever	https://jobs.lever.co/upside	1	2026-09-28T08:38:55.068Z
lever	https://jobs.lever.co/upstox	1	2026-09-28T08:38:55.102Z
lever	https://jobs.lever.co/upwork	1	2026-09-28T08:38:55.135Z
lever	https://jobs.lever.co/usecipher	1	2026-09-28T08:38:55.359Z
lever	https://jobs.lever.co/useinsider	1	2026-09-28T08:38:55.383Z
lever	https://jobs.lever.co/useloom	1	2026-09-28T08:38:55.665Z
lever	https://jobs.lever.co/userinterviews	1	2026-09-28T08:38:55.648Z
lever	https://jobs.lever.co/userlane	1	2026-09-28T08:38:55.805Z
lever	https://jobs.lever.co/ushur	1	2026-09-28T08:38:56.024Z
lever	https://jobs.lever.co/usmobile	1	2026-09-28T08:38:56.038Z
lever	https://jobs.lever.co/utopialabs	1	2026-09-28T08:38:56.059Z
lever	https://jobs.lever.co/utvate	1	2026-09-28T08:38:56.271Z
lever	https://jobs.lever.co/valinor	1	2026-09-28T08:39:03.781Z
lever	https://jobs.lever.co/valoremreply	1	2026-09-28T08:39:01.671Z
lever	https://jobs.lever.co/vannevarlabs-2	1	2026-09-28T08:39:03.044Z
lever	https://jobs.lever.co/vantagepointlogistics	1	2026-09-28T08:39:03.286Z
lever	https://jobs.lever.co/varicent	1	2026-09-28T08:39:03.537Z
lever	https://jobs.lever.co/varni-labs	1	2026-09-28T08:39:03.552Z
lever	https://jobs.lever.co/varomoney	1	2026-09-28T08:39:03.803Z
lever	https://jobs.lever.co/vauld	1	2026-09-28T08:39:03.812Z
lever	https://jobs.lever.co/vaxcyte	1	2026-09-28T08:39:04.024Z
lever	https://jobs.lever.co/vclab	1	2026-09-28T08:39:04.061Z
lever	https://jobs.lever.co/vectara	1	2026-09-28T08:39:04.075Z
lever	https://jobs.lever.co/vedadata	1	2026-09-28T08:39:04.289Z
lever	https://jobs.lever.co/veefriends	1	2026-09-28T08:39:04.312Z
lever	https://jobs.lever.co/veho	1	2026-09-28T08:39:04.555Z
lever	https://jobs.lever.co/veir	1	2026-09-28T08:39:04.726Z
lever	https://jobs.lever.co/verafin	1	2026-09-28T08:39:07.436Z
lever	https://jobs.lever.co/vericred	1	2026-09-28T08:39:09.086Z
lever	https://jobs.lever.co/verisart	1	2026-09-28T08:39:09.983Z
lever	https://jobs.lever.co/verkada	1	2026-09-28T08:39:10.627Z
lever	https://jobs.lever.co/vero	1	2026-09-28T08:39:10.853Z
lever	https://jobs.lever.co/versana	1	2026-09-28T08:39:10.882Z
lever	https://jobs.lever.co/verse	1	2026-09-28T08:39:23.364Z
lever	https://jobs.lever.co/verse-medical	1	2026-09-28T08:39:12.815Z
lever	https://jobs.lever.co/verticalscope	1	2026-09-28T08:39:13.373Z
lever	https://jobs.lever.co/verypossible	1	2026-09-28T08:39:14.888Z
lever	https://jobs.lever.co/verytechnology	1	2026-09-28T08:39:15.128Z
lever	https://jobs.lever.co/vesta-tech	1	2026-09-28T08:39:15.373Z
lever	https://jobs.lever.co/vestahousing	1	2026-09-28T08:39:15.618Z
lever	https://jobs.lever.co/vetcove	1	2026-09-28T08:39:18.916Z
lever	https://jobs.lever.co/veteransadvantage	1	2026-09-28T08:39:19.172Z
lever	https://jobs.lever.co/vevo-ai	1	2026-09-28T08:39:19.729Z
lever	https://jobs.lever.co/vhslab	1	2026-09-28T08:39:19.985Z
lever	https://jobs.lever.co/vhx	1	2026-09-28T08:39:20.235Z
lever	https://jobs.lever.co/viacom18	1	2026-09-28T08:39:20.744Z
lever	https://jobs.lever.co/vial	1	2026-09-28T08:39:20.772Z
lever	https://jobs.lever.co/viantinc	1	2026-09-28T08:39:21.019Z
lever	https://jobs.lever.co/vibrenthealth	1	2026-09-28T08:39:21.521Z
lever	https://jobs.lever.co/victoryhrg	1	2026-09-28T08:39:21.772Z
lever	https://jobs.lever.co/videahealth	1	2026-09-28T08:39:22.522Z
lever	https://jobs.lever.co/vimpelcom	1	2026-09-28T08:39:23.147Z
lever	https://jobs.lever.co/vinted	1	2026-09-28T08:39:23.281Z
lever	https://jobs.lever.co/vippetcare	1	2026-09-28T08:39:23.644Z
lever	https://jobs.lever.co/vir	1	2026-09-28T08:39:24.018Z
lever	https://jobs.lever.co/virtuous	1	2026-09-28T08:39:23.783Z
lever	https://jobs.lever.co/virtus	1	2026-09-28T08:39:24.946Z
lever	https://jobs.lever.co/visier	1	2026-09-28T08:39:24.540Z
lever	https://jobs.lever.co/visioncritical	1	2026-09-28T08:39:26.251Z
lever	https://jobs.lever.co/vistarmedia-2	1	2026-09-28T08:39:26.751Z
lever	https://jobs.lever.co/vitalbio	1	2026-09-28T08:39:27.140Z
lever	https://jobs.lever.co/vitalfarms	1	2026-09-28T08:39:27.259Z
lever	https://jobs.lever.co/vivsoft	1	2026-09-28T08:39:27.900Z
lever	https://jobs.lever.co/vivun	1	2026-09-28T08:39:28.176Z
lever	https://jobs.lever.co/vizion	1	2026-09-28T08:39:28.427Z
lever	https://jobs.lever.co/vngrs	1	2026-09-28T08:39:28.686Z
lever	https://jobs.lever.co/volka	1	2026-09-28T08:39:29.184Z
lever	https://jobs.lever.co/voltacharging	1	2026-09-28T08:39:29.464Z
lever	https://jobs.lever.co/volume-finance	1	2026-09-28T08:39:31.289Z
lever	https://jobs.lever.co/voodoo	1	2026-09-28T08:39:31.533Z
lever	https://jobs.lever.co/voterformationproject	1	2026-09-28T08:39:31.839Z
lever	https://jobs.lever.co/vowel	1	2026-09-28T08:39:32.164Z
lever	https://jobs.lever.co/voxel	1	2026-09-28T08:39:32.301Z
lever	https://jobs.lever.co/voxy	1	2026-09-28T08:39:32.414Z
lever	https://jobs.lever.co/vrsystems	1	2026-09-28T08:39:32.667Z
lever	https://jobs.lever.co/vtex	1	2026-09-28T08:39:32.915Z
lever	https://jobs.lever.co/vts	1	2026-09-28T08:39:33.199Z
lever	https://jobs.lever.co/vvt	1	2026-09-28T08:39:33.394Z
lever	https://jobs.lever.co/waitrapp	1	2026-09-28T08:39:47.282Z
lever	https://jobs.lever.co/walnut	1	2026-09-28T08:39:49.181Z
lever	https://jobs.lever.co/walser	1	2026-09-28T08:39:49.492Z
lever	https://jobs.lever.co/wandb	1	2026-09-28T08:39:49.752Z
lever	https://jobs.lever.co/warblerlabs	1	2026-09-28T08:39:50.639Z
lever	https://jobs.lever.co/wasabi	1	2026-09-28T08:39:50.881Z
lever	https://jobs.lever.co/washburn	1	2026-09-28T08:39:51.147Z
lever	https://jobs.lever.co/washmen	1	2026-09-28T08:39:51.402Z
lever	https://jobs.lever.co/way	1	2026-09-28T08:39:56.919Z
lever	https://jobs.lever.co/wayflyer	1	2026-09-28T08:39:57.925Z
lever	https://jobs.lever.co/wealthfinancialtechnologies	1	2026-09-28T08:39:57.830Z
lever	https://jobs.lever.co/wearatoms	1	2026-09-28T08:39:58.184Z
lever	https://jobs.lever.co/weekender-hotels	1	2026-09-28T08:40:01.010Z
lever	https://jobs.lever.co/weel	1	2026-09-28T08:40:02.974Z
lever	https://jobs.lever.co/weinfuse	1	2026-09-28T08:40:01.262Z
lever	https://jobs.lever.co/welocalize	1	2026-09-28T08:40:02.101Z
lever	https://jobs.lever.co/wemaintain	1	2026-09-28T08:40:02.345Z
lever	https://jobs.lever.co/wepay	1	2026-09-28T08:40:02.419Z
lever	https://jobs.lever.co/wesalute	1	2026-09-28T08:40:03.310Z
lever	https://jobs.lever.co/windsormanagement	1	2026-09-28T08:40:06.197Z
lever	https://jobs.lever.co/wingedrecruitment	1	2026-09-28T08:40:06.449Z
lever	https://jobs.lever.co/wish	1	2026-09-28T08:40:09.853Z
lever	https://jobs.lever.co/wisk	1	2026-09-28T08:40:09.901Z
lever	https://jobs.lever.co/wisprai	1	2026-09-28T08:40:10.105Z
lever	https://jobs.lever.co/with-foundation	1	2026-09-28T08:40:10.328Z
lever	https://jobs.lever.co/withclutch	1	2026-09-28T08:40:10.349Z
lever	https://jobs.lever.co/withdouble	1	2026-09-28T08:40:10.581Z
lever	https://jobs.lever.co/wiz	1	2026-09-28T08:40:12.035Z
lever	https://jobs.lever.co/wolt	1	2026-09-28T08:40:11.726Z
lever	https://jobs.lever.co/wolve	1	2026-09-28T08:40:11.992Z
lever	https://jobs.lever.co/wonderbly	1	2026-09-28T08:40:12.305Z
lever	https://jobs.lever.co/work-life	1	2026-09-28T08:40:12.553Z
lever	https://jobs.lever.co/workbravely	1	2026-09-28T08:40:12.645Z
lever	https://jobs.lever.co/workos	1	2026-09-28T08:40:13.446Z
lever	https://jobs.lever.co/workramp	1	2026-09-28T08:40:13.448Z
lever	https://jobs.lever.co/wristcheck	1	2026-09-28T08:40:26.284Z
lever	https://jobs.lever.co/wyld	1	2026-09-28T08:40:27.594Z
lever	https://jobs.lever.co/wyze	1	2026-09-28T08:40:27.844Z
lever	https://jobs.lever.co/x1creditcard	1	2026-09-28T08:40:28.090Z
lever	https://jobs.lever.co/xagroup	1	2026-09-28T08:40:40.801Z
lever	https://jobs.lever.co/xero	1	2026-09-28T08:40:31.760Z
lever	https://jobs.lever.co/xfers	1	2026-09-28T08:40:32.008Z
lever	https://jobs.lever.co/xmodesocial	1	2026-09-28T08:40:33.879Z
lever	https://jobs.lever.co/xometry	1	2026-09-28T08:40:34.136Z
lever	https://jobs.lever.co/xxartists	1	2026-09-28T08:40:34.801Z
lever	https://jobs.lever.co/yassir	1	2026-09-28T08:40:40.498Z
lever	https://jobs.lever.co/yellowai	1	2026-09-28T08:40:40.746Z
lever	https://jobs.lever.co/yelp	1	2026-09-28T08:40:41.020Z
lever	https://jobs.lever.co/yieldstreet	1	2026-09-28T08:40:41.086Z
lever	https://jobs.lever.co/yottaa	1	2026-09-28T08:40:41.301Z
lever	https://jobs.lever.co/you	1	2026-09-28T08:40:41.349Z
lever	https://jobs.lever.co/yourmechanic	1	2026-09-28T08:40:41.600Z
lever	https://jobs.lever.co/yubico	1	2026-09-28T08:40:41.861Z
lever	https://jobs.lever.co/yubo	1	2026-09-28T08:40:42.100Z
lever	https://jobs.lever.co/zadara	1	2026-09-28T08:40:45.682Z
lever	https://jobs.lever.co/zanskar	1	2026-09-28T08:40:46.754Z
lever	https://jobs.lever.co/zayzoon	1	2026-09-28T08:40:48.914Z
lever	https://jobs.lever.co/zededa	1	2026-09-28T08:40:48.148Z
lever	https://jobs.lever.co/zeitgold	1	2026-09-28T08:40:48.400Z
lever	https://jobs.lever.co/zeller	1	2026-09-28T08:40:48.675Z
lever	https://jobs.lever.co/zendesk	1	2026-09-28T08:40:49.165Z
lever	https://jobs.lever.co/zendrive	1	2026-09-28T08:40:49.438Z
lever	https://jobs.lever.co/zenogroup	1	2026-09-28T08:40:52.950Z
lever	https://jobs.lever.co/zentail	1	2026-09-28T08:40:53.198Z
lever	https://jobs.lever.co/zenysis	1	2026-09-28T08:40:53.452Z
lever	https://jobs.lever.co/zeotap	1	2026-09-28T08:40:53.483Z
lever	https://jobs.lever.co/zeplin	1	2026-09-28T08:40:53.522Z
lever	https://jobs.lever.co/zerocater	1	2026-09-28T08:40:53.721Z
lever	https://jobs.lever.co/zerofox	1	2026-09-28T08:40:53.749Z
lever	https://jobs.lever.co/zesty	1	2026-09-28T08:40:54.066Z
lever	https://jobs.lever.co/zeus	1	2026-09-28T08:40:54.921Z
lever	https://jobs.lever.co/zignallabs	1	2026-09-28T08:40:55.173Z
lever	https://jobs.lever.co/ziing	1	2026-09-28T08:40:55.748Z
lever	https://jobs.lever.co/zinccollective	1	2026-09-28T08:40:56.004Z
lever	https://jobs.lever.co/zip	1	2026-09-28T08:40:56.585Z
lever	https://jobs.lever.co/zipari	1	2026-09-28T08:40:56.951Z
lever	https://jobs.lever.co/zipongo	1	2026-09-28T08:40:56.832Z
lever	https://jobs.lever.co/zivaro	1	2026-09-28T08:40:57.101Z
lever	https://jobs.lever.co/zoomer	1	2026-09-28T08:40:57.773Z
lever	https://jobs.lever.co/zoomprop	1	2026-09-28T08:40:57.914Z
lever	https://jobs.lever.co/zotecpartners	1	2026-09-28T08:40:58.160Z
lever	https://jobs.lever.co/zowie	1	2026-09-28T08:40:58.407Z
lever	https://jobs.lever.co/zumper	1	2026-09-28T08:41:02.402Z
lever	https://jobs.lever.co/zurigroup	1	2026-09-28T08:41:02.670Z
lever	https://jobs.lever.co/zuru	1	2026-09-28T08:41:02.925Z
lever	https://jobs.lever.co/zuva	1	2026-09-28T08:41:03.648Z
workday	https://21cf.wd1.myworkdayjobs.com/domestic	1	2026-09-28T08:45:06.411Z
workday	https://4flow.wd3.myworkdayjobs.com/4flow_campus	1	2026-09-28T08:45:05.693Z
workday	https://8451llc.wd1.myworkdayjobs.com/external8451	1	2026-09-28T08:45:06.817Z
workday	https://abcsupply.wd1.myworkdayjobs.com/lwsupplycareers	1	2026-09-28T08:45:10.572Z
workday	https://abcsupply.wd1.myworkdayjobs.com/tcicareers	1	2026-09-28T08:45:11.014Z
workday	https://abeilleassurances.wd3.myworkdayjobs.com/aema_groupe	1	2026-09-28T08:45:11.241Z
workday	https://abeilleassurances.wd3.myworkdayjobs.com/external	1	2026-09-28T08:45:11.248Z
workday	https://academicpartnerships.wd5.myworkdayjobs.com/academicpartnerships	1	2026-09-28T08:45:12.888Z
workday	https://academicpartnerships.wd5.myworkdayjobs.com/risepoint	1	2026-09-28T08:45:12.403Z
workday	https://accenture.wd3.myworkdayjobs.com/accenturecareers	1	2026-09-28T08:45:15.013Z
workday	https://acquirebpo.wd3.myworkdayjobs.com/acquire	1	2026-09-28T08:45:18.095Z
workday	https://acquirebpo.wd3.myworkdayjobs.com/shore	1	2026-09-28T08:45:18.379Z
workday	https://acronis.wd3.myworkdayjobs.com/acronis_careers	1	2026-09-28T08:45:19.228Z
workday	https://activision.wd1.myworkdayjobs.com/abm_external_careers	1	2026-09-28T08:45:20.095Z
workday	https://activision.wd1.myworkdayjobs.com/blizzard_external_careers	1	2026-09-28T08:45:20.389Z
workday	https://activision.wd1.myworkdayjobs.com/centraltech	1	2026-09-28T08:45:20.581Z
workday	https://activision.wd1.myworkdayjobs.com/dl_external	1	2026-09-28T08:45:20.860Z
workday	https://activision.wd1.myworkdayjobs.com/external	1	2026-09-28T08:45:21.039Z
workday	https://activision.wd1.myworkdayjobs.com/king_external_careers	1	2026-09-28T08:45:21.121Z
workday	https://activision.wd1.myworkdayjobs.com/ss_external	1	2026-09-28T08:45:21.029Z
workday	https://adfinc.wd1.myworkdayjobs.com/external_idf	1	2026-09-28T08:45:23.340Z
workday	https://adobe.wd5.myworkdayjobs.com/adobe_careers	1	2026-09-28T08:45:24.137Z
workday	https://adobe.wd5.myworkdayjobs.com/external_university	1	2026-09-28T08:45:26.054Z
workday	https://adva.wd3.myworkdayjobs.com/ans	1	2026-09-28T08:45:25.619Z
workday	https://aegion.wd5.myworkdayjobs.com/aegion_careers	1	2026-09-28T08:45:27.689Z
workday	https://aegion.wd501.myworkdayjobs.com/aegion_careers	1	2026-09-28T08:45:27.869Z
workday	https://aero.wd5.myworkdayjobs.com/urr	1	2026-09-28T08:45:29.671Z
workday	https://aett.wd3.myworkdayjobs.com/stax	1	2026-09-28T08:45:32.693Z
workday	https://ag.wd3.myworkdayjobs.com/external	1	2026-09-28T08:45:38.260Z
workday	https://agilitas.wd5.myworkdayjobs.com/lmc	1	2026-09-28T08:45:33.797Z
workday	https://aimcodevco.wd5.myworkdayjobs.com/aimco	1	2026-09-28T08:45:42.026Z
workday	https://aimia.wd3.myworkdayjobs.com/aimia_career_site	1	2026-09-28T08:45:41.088Z
workday	https://akamerica.wd5.myworkdayjobs.com/aka	1	2026-09-28T08:45:44.675Z
workday	https://akamerica.wd5.myworkdayjobs.com/broadbean_external	1	2026-09-28T08:45:44.350Z
workday	https://alation.wd5.myworkdayjobs.com/externalsite	1	2026-09-28T08:45:46.595Z
workday	https://albemarle.wd5.myworkdayjobs.com/albcollegerecruiting	1	2026-09-28T08:45:48.459Z
workday	https://alcon.wd5.myworkdayjobs.com/job	1	2026-09-28T08:45:48.790Z
workday	https://alcority.wd1.myworkdayjobs.com/alcority	1	2026-09-28T08:45:49.139Z
workday	https://alcority.wd1.myworkdayjobs.com/nms	1	2026-09-28T08:45:50.432Z
workday	https://alcority.wd1.myworkdayjobs.com/salamander	1	2026-09-28T08:45:50.284Z
workday	https://alcority.wd1.myworkdayjobs.com/westlawn	1	2026-09-28T08:45:51.526Z
workday	https://alcority.wd1.myworkdayjobs.com/williamsracing	1	2026-09-28T08:45:51.251Z
workday	https://alight.wd5.myworkdayjobs.com/careers	1	2026-09-28T08:45:53.948Z
workday	https://aligneddc.wd12.myworkdayjobs.com/job	1	2026-09-28T08:45:53.757Z
workday	https://allcatclaims.wd1.myworkdayjobs.com/careersatcas	1	2026-09-28T08:45:55.106Z
workday	https://allegion.wd5.myworkdayjobs.com/careers_interflex	1	2026-09-28T08:45:57.201Z
workday	https://allegion.wd5.myworkdayjobs.com/careers_interflex_english	1	2026-09-28T08:45:56.617Z
workday	https://allegion.wd5.myworkdayjobs.com/careers_interflex_netherlands	1	2026-09-28T08:45:57.098Z
workday	https://allegion.wd5.myworkdayjobs.com/interflex_belgium	1	2026-09-28T08:45:57.927Z
workday	https://alteryx.wd5.myworkdayjobs.com/alteryxcareers	1	2026-09-28T08:46:09.395Z
workday	https://altron.wd3.myworkdayjobs.com/altron_careers	1	2026-09-28T08:46:09.060Z
workday	https://altru.wd1.myworkdayjobs.com/careers	1	2026-09-28T08:46:09.174Z
workday	https://amadeus.wd3.myworkdayjobs.com/jobs	1	2026-09-28T08:46:09.943Z
workday	https://ambgroup.wd1.myworkdayjobs.com/ranch_msgr	1	2026-09-28T08:46:12.797Z
workday	https://ambgroup.wd1.myworkdayjobs.com/ranch_westcreek	1	2026-09-28T08:46:12.791Z
workday	https://amfam.wd1.myworkdayjobs.com/american_family_insurance_claims_services	1	2026-09-28T08:46:19.113Z
workday	https://amfam.wd1.myworkdayjobs.com/americanfamilyconnectpropertycasualtyinsurancecompany	1	2026-09-28T08:46:20.129Z
workday	https://amfam.wd1.myworkdayjobs.com/careers-private	1	2026-09-28T08:46:21.290Z
workday	https://amfam.wd1.myworkdayjobs.com/homesitecareers	1	2026-09-28T08:46:21.254Z
workday	https://amfam.wd1.myworkdayjobs.com/homesitecareers_private	1	2026-09-28T08:46:22.266Z
workday	https://amfam.wd1.myworkdayjobs.com/msagroup_careers	1	2026-09-28T08:46:22.405Z
workday	https://amfam.wd1.myworkdayjobs.com/thegeneral	1	2026-09-28T08:46:20.850Z
workday	https://amfam.wd1.myworkdayjobs.com/thegeneralprivate	1	2026-09-28T08:46:21.613Z
workday	https://ampath.wd3.myworkdayjobs.com/ampathcareers	1	2026-09-28T08:46:23.774Z
workday	https://amplify.wd1.myworkdayjobs.com/amplify_careers	1	2026-09-28T08:46:25.613Z
workday	https://ancestry.wd5.myworkdayjobs.com/careers	1	2026-09-28T08:46:26.171Z
workday	https://angc.wd5.myworkdayjobs.com/paine_consessions	1	2026-09-28T08:46:30.280Z
workday	https://anglicare.wd105.myworkdayjobs.com/food_and_financial_assistance_volunteers	1	2026-09-28T08:46:31.373Z
workday	https://anglicare.wd105.myworkdayjobs.com/op_shops_volunteers	1	2026-09-28T08:46:31.311Z
workday	https://anglicare.wd105.myworkdayjobs.com/residential_care_volunteers	1	2026-09-28T08:46:31.508Z
workday	https://anglicare.wd105.myworkdayjobs.com/seniors_living_volunteer	1	2026-09-28T08:46:32.390Z
workday	https://anglicare.wd105.myworkdayjobs.com/volunteers_careers	1	2026-09-28T08:46:32.518Z
workday	https://aoncology.wd1.myworkdayjobs.com/aoncology_careers	1	2026-09-28T08:46:35.120Z
workday	https://apttus.wd5.myworkdayjobs.com/conga-external	1	2026-09-28T08:46:38.240Z
workday	https://apttus.wd5.myworkdayjobs.com/external	1	2026-09-28T08:46:38.109Z
workday	https://arcis.wd1.myworkdayjobs.com/extna	1	2026-09-28T08:46:40.140Z
workday	https://armaninollp.wd1.myworkdayjobs.com/amf	1	2026-09-28T08:46:44.131Z
workday	https://ascenaretail.wd5.myworkdayjobs.com/us_corporate_jobs	1	2026-09-28T08:46:45.544Z
workday	https://ascenaretail.wd5.myworkdayjobs.com/us_retail_jobs	1	2026-09-28T08:46:45.844Z
workday	https://ascential.wd3.myworkdayjobs.com/asc	1	2026-09-28T08:46:46.280Z
workday	https://ascentsolutions.wd1.myworkdayjobs.com/external	1	2026-09-28T08:46:47.614Z
workday	https://ashealthnet.wd1.myworkdayjobs.com/theohiostateuniversitywexnermedicalcenterhomecare	1	2026-09-28T08:46:48.831Z
workday	https://ashland.wd1.myworkdayjobs.com/ashlandcareers1	1	2026-09-28T08:46:49.322Z
workday	https://askbio.wd1.myworkdayjobs.com/askbio	1	2026-09-28T08:46:49.345Z
workday	https://asos.wd3.myworkdayjobs.com/externalcareers	1	2026-09-28T08:46:50.341Z
workday	https://asuprep.wd5.myworkdayjobs.com/asup	1	2026-09-28T08:46:56.562Z
workday	https://atheneum.wd103.myworkdayjobs.com/atheneum	1	2026-09-28T08:46:58.288Z
workday	https://atmosenergy.wd5.myworkdayjobs.com/external_career_site	1	2026-09-28T08:47:00.036Z
workday	https://audubon.wd5.myworkdayjobs.com/audubon	1	2026-09-28T08:47:02.092Z
workday	https://autodoc.wd3.myworkdayjobs.com/autodoc_group	1	2026-09-28T08:47:05.392Z
workday	https://avant.wd1.myworkdayjobs.com/external_careers	1	2026-09-28T08:47:05.401Z
workday	https://avon.wd5.myworkdayjobs.com/naturaandcocareers	1	2026-09-28T08:47:09.965Z
workday	https://avon.wd5.myworkdayjobs.com/naturacareers	1	2026-09-28T08:47:10.896Z
workday	https://azenta.wd1.myworkdayjobs.com/azenta_external_site	1	2026-09-28T08:47:14.568Z
workday	https://baldwin.wd1.myworkdayjobs.com/rogers-gray	1	2026-09-28T08:47:22.031Z
workday	https://baldwinriskpartners.wd1.myworkdayjobs.com/brp	1	2026-09-28T08:47:18.744Z
workday	https://baldwinriskpartners.wd1.myworkdayjobs.com/burnham	1	2026-09-28T08:47:18.741Z
workday	https://baldwinriskpartners.wd1.myworkdayjobs.com/burnham-wgb	1	2026-09-28T08:47:18.856Z
workday	https://baldwinriskpartners.wd1.myworkdayjobs.com/foundation-insurance	1	2026-09-28T08:47:18.613Z
workday	https://baldwinriskpartners.wd1.myworkdayjobs.com/guided-insurance-solutions	1	2026-09-28T08:47:19.256Z
workday	https://baldwinriskpartners.wd1.myworkdayjobs.com/guided-medicare-solutions	1	2026-09-28T08:47:19.335Z
workday	https://baldwinriskpartners.wd1.myworkdayjobs.com/jgs-insurance	1	2026-09-28T08:47:19.579Z
workday	https://baldwinriskpartners.wd1.myworkdayjobs.com/k-and-s-insurance	1	2026-09-28T08:47:19.841Z
workday	https://baldwinriskpartners.wd1.myworkdayjobs.com/millennial-specialty-insurance	1	2026-09-28T08:47:19.406Z
workday	https://baldwinriskpartners.wd1.myworkdayjobs.com/msi	1	2026-09-28T08:47:20.030Z
workday	https://baldwinriskpartners.wd1.myworkdayjobs.com/national-health-plans-and-benefits-agency	1	2026-09-28T08:47:19.570Z
workday	https://baldwinriskpartners.wd1.myworkdayjobs.com/rogers-gray	1	2026-09-28T08:47:19.703Z
workday	https://baldwinriskpartners.wd1.myworkdayjobs.com/the-villages-insurance-partners	1	2026-09-28T08:47:19.893Z
workday	https://baldwinriskpartners.wd1.myworkdayjobs.com/westwood-insurance-agency	1	2026-09-28T08:47:19.931Z
workday	https://bamfhealth.wd5.myworkdayjobs.com/external	1	2026-09-28T08:47:22.086Z
workday	https://bamfunds.wd1.myworkdayjobs.com/external	1	2026-09-28T08:47:23.295Z
workday	https://bannerhealth.wd5.myworkdayjobs.com/careers	1	2026-09-28T08:47:22.721Z
workday	https://bannerhealth.wd5.myworkdayjobs.com/sonoraquestcareers	1	2026-09-28T08:47:23.068Z
workday	https://bardmaterials.wd5.myworkdayjobs.com/bardmaterials_careers	1	2026-09-28T08:47:23.572Z
workday	https://barnhillcontracting.wd5.myworkdayjobs.com/barnhill_opportunities	1	2026-09-28T08:47:26.005Z
workday	https://barnhillcontracting.wd5.myworkdayjobs.com/barnhill_trade_opportunities	1	2026-09-28T08:47:25.700Z
workday	https://barnhillcontracting.wd5.myworkdayjobs.com/cdl	1	2026-09-28T08:47:25.974Z
workday	https://baxter.wd1.myworkdayjobs.com/vantive	1	2026-09-28T08:47:31.944Z
workday	https://baystatehealth.wd5.myworkdayjobs.com/external_careers	1	2026-09-28T08:47:29.711Z
workday	https://bb.wd3.myworkdayjobs.com/cylance	1	2026-09-28T08:47:36.362Z
workday	https://bbby.wd5.myworkdayjobs.com/bed_bath_beyond_distribution_jobs	1	2026-09-28T08:47:30.587Z
workday	https://bbby.wd5.myworkdayjobs.com/bed_bath_beyond_jobs	1	2026-09-28T08:47:31.108Z
workday	https://bcfs.wd5.myworkdayjobs.com/bcfscareers	1	2026-09-28T08:47:40.880Z
workday	https://bcfs.wd5.myworkdayjobs.com/bcfscareersrobots	1	2026-09-28T08:47:41.440Z
workday	https://bcfs.wd5.myworkdayjobs.com/bvtcareers	1	2026-09-28T08:47:41.880Z
workday	https://bcfs.wd5.myworkdayjobs.com/cc_careers	1	2026-09-28T08:47:41.920Z
workday	https://bcfs.wd5.myworkdayjobs.com/fdfcareers	1	2026-09-28T08:47:42.038Z
workday	https://bcfs.wd5.myworkdayjobs.com/hhscareers	1	2026-09-28T08:47:42.171Z
workday	https://bcfs.wd5.myworkdayjobs.com/inkcareers	1	2026-09-28T08:47:42.074Z
workday	https://bcfs.wd5.myworkdayjobs.com/nemrcareers	1	2026-09-28T08:47:42.620Z
workday	https://bdx.wd1.myworkdayjobs.com/external_career_site_china	1	2026-09-28T08:47:47.228Z
workday	https://beachbody.wd1.myworkdayjobs.com/careers	1	2026-09-28T08:47:52.466Z
workday	https://beckgroup.wd1.myworkdayjobs.com/beckgroupexternal	1	2026-09-28T08:47:53.038Z
workday	https://bellhowell.wd5.myworkdayjobs.com/bh_external	1	2026-09-28T08:47:55.057Z
workday	https://benchmark.wd1.myworkdayjobs.com/benchmark_careers	1	2026-09-28T08:47:57.097Z
workday	https://bentley.wd1.myworkdayjobs.com/faculty	1	2026-09-28T08:47:58.229Z
workday	https://bentley.wd1.myworkdayjobs.com/staff	1	2026-09-28T08:47:58.232Z
workday	https://bgea.wd1.myworkdayjobs.com/bgea_careers	1	2026-09-28T08:48:00.544Z
workday	https://bigcommerce.wd12.myworkdayjobs.com/bigcommerce	1	2026-09-28T08:48:01.994Z
workday	https://biltmore.wd1.myworkdayjobs.com/biltmorecareers	1	2026-09-28T08:48:03.342Z
workday	https://binus.wd3.myworkdayjobs.com/lifeatbinusrobots	1	2026-09-28T08:48:03.430Z
workday	https://binus.wd3.myworkdayjobs.com/lifeatbinussearch_job	1	2026-09-28T08:48:03.632Z
workday	https://bioclinica.wd1.myworkdayjobs.com/bioclinica_careers	1	2026-09-28T08:48:04.105Z
workday	https://biocodex.wd3.myworkdayjobs.com/biocodex_careers	1	2026-09-28T08:48:03.902Z
workday	https://blackknight.wd1.myworkdayjobs.com/bkc	1	2026-09-28T08:48:08.255Z
workday	https://blackknight.wd1.myworkdayjobs.com/ics	1	2026-09-28T08:48:08.264Z
workday	https://blankfactor.wd12.myworkdayjobs.com/blankfactor_external	1	2026-09-28T08:48:08.094Z
workday	https://blockone.wd3.myworkdayjobs.com/blockone	1	2026-09-28T08:48:08.791Z
workday	https://blucora.wd1.myworkdayjobs.com/careers	1	2026-09-28T08:48:09.338Z
workday	https://bmo.wd3.myworkdayjobs.com/en-	1	2026-09-28T08:48:10.067Z
workday	https://boarshead.wd1.myworkdayjobs.com/bhc	1	2026-09-28T08:48:14.884Z
workday	https://bonadio.wd5.myworkdayjobs.com/bonadio_careers	1	2026-09-28T08:48:15.731Z
workday	https://bonadio.wd5.myworkdayjobs.com/msc	1	2026-09-28T08:48:15.835Z
workday	https://borrdrilling.wd3.myworkdayjobs.com/borr_career_site	1	2026-09-28T08:48:17.639Z
workday	https://boseallaboutme.wd1.myworkdayjobs.com/bose_careers	1	2026-09-28T08:48:18.308Z
workday	https://bozemanhealth.wd1.myworkdayjobs.com/bozemanhealthcareers	1	2026-09-28T08:48:19.770Z
workday	https://braunability.wd1.myworkdayjobs.com/arch_retail_careers	1	2026-09-28T08:48:22.981Z
workday	https://breakthrought1d.wd1.myworkdayjobs.com/breakthrought1d	1	2026-09-28T08:48:24.030Z
workday	https://bridgeigp.wd1.myworkdayjobs.com/bpm	1	2026-09-28T08:48:27.761Z
workday	https://broadinstitute.wd1.myworkdayjobs.com/broad_institute	1	2026-09-28T08:48:34.918Z
workday	https://brown.wd5.myworkdayjobs.com/job	1	2026-09-28T08:48:41.245Z
workday	https://brown.wd5.myworkdayjobs.com/staff-careersbrown	1	2026-09-28T08:48:41.675Z
workday	https://brunswick.wd1.myworkdayjobs.com/searchemea	1	2026-09-28T08:48:44.932Z
workday	https://bumble.wd3.myworkdayjobs.com/bumble_careers	1	2026-09-28T08:48:47.163Z
workday	https://bumble.wd3.myworkdayjobs.com/fruitz	1	2026-09-28T08:48:47.432Z
workday	https://burkert.wd3.myworkdayjobs.com/burkert-career	1	2026-09-28T08:48:48.207Z
workday	https://burrellcenter.wd5.myworkdayjobs.com/bbh	1	2026-09-28T08:48:48.860Z
workday	https://busey.wd5.myworkdayjobs.com/busey	1	2026-09-28T08:48:49.106Z
workday	https://busey.wd5.myworkdayjobs.com/firstech	1	2026-09-28T08:48:48.918Z
workday	https://byu.wd1.myworkdayjobs.com/efy-employment	1	2026-09-28T08:48:49.838Z
workday	https://byuhi.wd1.myworkdayjobs.com/byu_h	1	2026-09-28T08:48:51.387Z
workday	https://byuhi.wd1.myworkdayjobs.com/byu_h_s	1	2026-09-28T08:48:51.468Z
workday	https://caci.wd1.myworkdayjobs.com/referral	1	2026-09-28T08:48:53.770Z
workday	https://cae.wd3.myworkdayjobs.com/presagis	1	2026-09-28T08:48:53.818Z
workday	https://calabrio.wd5.myworkdayjobs.com/calabriohq	1	2026-09-28T08:48:56.356Z
workday	https://cambiahealth.wd1.myworkdayjobs.com/external	1	2026-09-28T08:48:58.638Z
workday	https://campbellsville.wd1.myworkdayjobs.com/cu_workstudy	1	2026-09-28T08:49:02.141Z
workday	https://capfed.wd1.myworkdayjobs.com/capfed_careers	1	2026-09-28T08:49:03.423Z
workday	https://capitalauto.wd3.myworkdayjobs.com/cornerstone	1	2026-09-28T08:49:04.265Z
workday	https://capitalone.wd1.myworkdayjobs.com/capital_one	1	2026-09-28T08:49:06.533Z
workday	https://capitalone.wd12.myworkdayjobs.com/discover_capitalone	1	2026-09-28T08:49:06.424Z
workday	https://caprisun.wd3.myworkdayjobs.com/jobs	1	2026-09-28T08:49:05.922Z
workday	https://carbonhealth.wd1.myworkdayjobs.com/careers	1	2026-09-28T08:49:08.920Z
workday	https://cardno.wd3.myworkdayjobs.com/cardno_careers	1	2026-09-28T08:49:08.738Z
workday	https://castandcrew.wd5.myworkdayjobs.com/backstage	1	2026-09-28T08:49:13.959Z
workday	https://castandcrew.wd5.myworkdayjobs.com/castandcrew	1	2026-09-28T08:49:13.934Z
workday	https://catalent.wd1.myworkdayjobs.com/external_bloomington	1	2026-09-28T08:49:16.284Z
workday	https://catalyte.wd1.myworkdayjobs.com/catalyte	1	2026-09-28T08:49:15.431Z
workday	https://celltrionhealthcare.wd3.myworkdayjobs.com/celltrionjapan	1	2026-09-28T08:49:26.205Z
workday	https://centier.wd1.myworkdayjobs.com/centierbankcareers	1	2026-09-28T08:49:29.316Z
workday	https://centific.wd1.myworkdayjobs.com/centific_ecs_usa	1	2026-09-28T08:49:29.715Z
workday	https://centrify.wd1.myworkdayjobs.com/external	1	2026-09-28T08:49:32.233Z
workday	https://centrotecgroup.wd3.myworkdayjobs.com/centrotec	1	2026-09-28T08:49:30.989Z
workday	https://cesco.wd5.myworkdayjobs.com/cescocareers	1	2026-09-28T08:49:33.818Z
workday	https://cfbhfg.wd12.myworkdayjobs.com/externalcareers	1	2026-09-28T08:49:35.144Z
workday	https://cff.wd1.myworkdayjobs.com/explore-career-opportunities	1	2026-09-28T08:49:35.968Z
workday	https://cgg.wd103.myworkdayjobs.com/careers	1	2026-09-28T08:49:36.660Z
workday	https://cgm.wd3.myworkdayjobs.com/job	1	2026-09-28T08:49:37.833Z
workday	https://checkout.wd3.myworkdayjobs.com/checkoutcareers	1	2026-09-28T08:49:42.696Z
workday	https://chemours.wd5.myworkdayjobs.com/chemours	1	2026-09-28T08:49:42.009Z
workday	https://chess.wd1.myworkdayjobs.com/chess	1	2026-09-28T08:49:43.336Z
workday	https://choc.wd5.myworkdayjobs.com/careers	1	2026-09-28T08:49:46.338Z
workday	https://chop.wd5.myworkdayjobs.com/chopexternalcareers	1	2026-09-28T08:49:47.688Z
workday	https://chukchansigold.wd1.myworkdayjobs.com/cgrccareers	1	2026-09-28T08:49:49.128Z
workday	https://clark.wd5.myworkdayjobs.com/altura	1	2026-09-28T08:50:04.459Z
workday	https://clark.wd5.myworkdayjobs.com/clarkexternal	1	2026-09-28T08:50:04.594Z
workday	https://clark.wd5.myworkdayjobs.com/edgemoor	1	2026-09-28T08:50:04.933Z
workday	https://clark.wd5.myworkdayjobs.com/shirleyexternal	1	2026-09-28T08:50:05.146Z
workday	https://clayutility.wd5.myworkdayjobs.com/careers	1	2026-09-28T08:50:07.371Z
workday	https://cliftonlarsonallen.wd1.myworkdayjobs.com/cla	1	2026-09-28T08:50:08.695Z
workday	https://cloudimperiumgames.wd1.myworkdayjobs.com/broadbean_external	1	2026-09-28T08:50:09.394Z
workday	https://cloudimperiumgames.wd1.myworkdayjobs.com/cig_global_careers	1	2026-09-28T08:50:09.135Z
workday	https://cloughgroup.wd3.myworkdayjobs.com/clough_wood	1	2026-09-28T08:50:09.358Z
workday	https://cmu.wd5.myworkdayjobs.com/cmu	1	2026-09-28T08:50:11.187Z
workday	https://cmu.wd5.myworkdayjobs.com/sei	1	2026-09-28T08:50:11.201Z
workday	https://cni.wd1.myworkdayjobs.com/cni	1	2026-09-28T08:50:12.093Z
workday	https://coalliance.wd5.myworkdayjobs.com/co-alliance	1	2026-09-28T08:50:14.195Z
workday	https://comcast.wd5.myworkdayjobs.com/comcast_careers	1	2026-09-28T08:50:19.466Z
workday	https://communityhospice.wd1.myworkdayjobs.com/alivia_care	1	2026-09-28T08:50:22.163Z
workday	https://communityhospice.wd1.myworkdayjobs.com/golden_isles	1	2026-09-28T08:50:21.890Z
workday	https://communityhospice.wd1.myworkdayjobs.com/hospice_satilla	1	2026-09-28T08:50:22.563Z
workday	https://communityhospice.wd1.myworkdayjobs.com/pace	1	2026-09-28T08:50:23.113Z
workday	https://compass.wd5.myworkdayjobs.com/radian_external_career_site	1	2026-09-28T08:50:23.345Z
workday	https://condenast.wd5.myworkdayjobs.com/condecareers	1	2026-09-28T08:50:24.709Z
workday	https://condenast.wd5.myworkdayjobs.com/pubworx_external_career_site	1	2026-09-28T08:50:25.199Z
workday	https://confluentmedical.wd5.myworkdayjobs.com/confluent_medical	1	2026-09-28T08:50:24.912Z
workday	https://connect.wd1.myworkdayjobs.com/vsei_careers	1	2026-09-28T08:50:26.428Z
workday	https://coopfs.wd1.myworkdayjobs.com/external	1	2026-09-28T08:50:27.422Z
workday	https://corelogic.wd5.myworkdayjobs.com/acq	1	2026-09-28T08:50:28.858Z
workday	https://corelogic.wd5.myworkdayjobs.com/aus	1	2026-09-28T08:50:28.644Z
workday	https://corelogic.wd5.myworkdayjobs.com/global	1	2026-09-28T08:50:29.210Z
workday	https://corelogic.wd5.myworkdayjobs.com/nzcareers	1	2026-09-28T08:50:29.617Z
workday	https://corelogic.wd5.myworkdayjobs.com/uscan	1	2026-09-28T08:50:29.494Z
workday	https://corpay.wd3.myworkdayjobs.com/ext_001	1	2026-09-28T08:50:31.151Z
workday	https://costjohnsfl.wd12.myworkdayjobs.com/sjcboardofcountycommisionners	1	2026-09-28T08:50:32.702Z
workday	https://cotality.wd5.myworkdayjobs.com/acq	1	2026-09-28T08:50:33.307Z
workday	https://cotality.wd5.myworkdayjobs.com/global	1	2026-09-28T08:50:33.380Z
workday	https://cotality.wd5.myworkdayjobs.com/nzcareers	1	2026-09-28T08:50:33.760Z
workday	https://covantaenergy.wd5.myworkdayjobs.com/external	1	2026-09-28T08:50:34.134Z
workday	https://cpk.wd1.myworkdayjobs.com/cpk_field	1	2026-09-28T08:50:35.858Z
workday	https://cree.wd5.myworkdayjobs.com/ext	1	2026-09-28T08:50:37.788Z
workday	https://crescentpoint.wd3.myworkdayjobs.com/cpe_careers	1	2026-09-28T08:50:37.355Z
workday	https://crowe.wd5.myworkdayjobs.com/external_careers	1	2026-09-28T08:50:40.152Z
workday	https://cryoport.wd1.myworkdayjobs.com/external	1	2026-09-28T08:50:40.423Z
workday	https://cuna.wd1.myworkdayjobs.com/cunamutualgroup	1	2026-09-28T08:50:42.901Z
workday	https://customercontactchannels.wd1.myworkdayjobs.com/c3careers	1	2026-09-28T08:50:42.939Z
workday	https://customercontactchannels.wd1.myworkdayjobs.com/trusourcecareers	1	2026-09-28T08:50:43.644Z
workday	https://cwb.wd3.myworkdayjobs.com/external	1	2026-09-28T08:50:44.429Z
workday	https://cyient.wd3.myworkdayjobs.com/careers	1	2026-09-28T08:50:46.998Z
workday	https://cyient.wd3.myworkdayjobs.com/external	1	2026-09-28T08:50:46.841Z
workday	https://cyrusone.wd1.myworkdayjobs.com/cyrusone	1	2026-09-28T08:50:46.393Z
workday	https://daiichisankyo.wd1.myworkdayjobs.com/dsi	1	2026-09-28T08:50:48.699Z
workday	https://danaher.wd1.myworkdayjobs.com/beckmancoulterdiagnosticsjobs	1	2026-09-28T08:50:50.314Z
workday	https://danaher.wd1.myworkdayjobs.com/beckmancoulterlifesciencesjobs	1	2026-09-28T08:50:50.380Z
workday	https://danaher.wd1.myworkdayjobs.com/cepheidjobs	1	2026-09-28T08:50:51.082Z
workday	https://danaher.wd1.myworkdayjobs.com/cytivajobspp	1	2026-09-28T08:50:51.258Z
workday	https://danaher.wd1.myworkdayjobs.com/danahercorporatejobs	1	2026-09-28T08:50:51.475Z
workday	https://danaher.wd1.myworkdayjobs.com/danaherlifesciencesjobs	1	2026-09-28T08:50:51.683Z
workday	https://danaher.wd1.myworkdayjobs.com/idtjobs	1	2026-09-28T08:50:52.159Z
workday	https://danaher.wd1.myworkdayjobs.com/leicamicrosystemsjobs	1	2026-09-28T08:50:51.845Z
workday	https://danaher.wd1.myworkdayjobs.com/palljobs	1	2026-09-28T08:50:52.582Z
workday	https://danaher.wd1.myworkdayjobs.com/radiometerjobs	1	2026-09-28T08:50:52.784Z
workday	https://danaher.wd1.myworkdayjobs.com/sciexjobs	1	2026-09-28T08:50:52.186Z
workday	https://daymoninteractions.wd5.myworkdayjobs.com/cds-careers	1	2026-09-28T08:50:55.082Z
workday	https://delfingen.wd3.myworkdayjobs.com/delfingen-careers	1	2026-09-28T08:50:59.819Z
workday	https://deliveryhero.wd3.myworkdayjobs.com/efood	1	2026-09-28T08:51:00.889Z
workday	https://deliveryhero.wd3.myworkdayjobs.com/pedidosya	1	2026-09-28T08:51:00.679Z
workday	https://deliveryhero.wd3.myworkdayjobs.com/talabat	1	2026-09-28T08:51:00.325Z
workday	https://dell.wd1.myworkdayjobs.com/external	1	2026-09-28T08:51:00.766Z
workday	https://dell.wd1.myworkdayjobs.com/externalnonpublic	1	2026-09-28T08:51:00.918Z
workday	https://dell.wd1.myworkdayjobs.com/rsa	1	2026-09-28T08:51:00.939Z
workday	https://dennemeyer.wd3.myworkdayjobs.com/dennemeyer_eudatajobs	1	2026-09-28T08:51:01.662Z
workday	https://dinebrands.wd1.myworkdayjobs.com/dinecareers	1	2026-09-28T08:51:09.081Z
workday	https://directsupply.wd5.myworkdayjobs.com/direct-supply-careers	1	2026-09-28T08:51:11.215Z
workday	https://discover.wd5.myworkdayjobs.com/discover	1	2026-09-28T08:51:12.528Z
workday	https://diversey.wd5.myworkdayjobs.com/diversey	1	2026-09-28T08:51:12.375Z
workday	https://dnb.wd1.myworkdayjobs.com/careers	1	2026-09-28T08:51:15.065Z
workday	https://donaanacounty.wd5.myworkdayjobs.com/dac	1	2026-09-28T08:51:14.997Z
workday	https://donaldson.wd5.myworkdayjobs.com/donaldsoncareers	1	2026-09-28T08:51:15.545Z
workday	https://dorilton.wd1.myworkdayjobs.com/dorilton	1	2026-09-28T08:51:15.818Z
workday	https://dowjones.wd1.myworkdayjobs.com/sky_news_australia_careers	1	2026-09-28T08:51:17.333Z
workday	https://dssmith.wd3.myworkdayjobs.com/ip_dss	1	2026-09-28T08:51:23.764Z
workday	https://dsstpublicschools.wd5.myworkdayjobs.com/dsst_careers	1	2026-09-28T08:51:23.425Z
workday	https://dtna.wd5.myworkdayjobs.com/dtna_externalrobots	1	2026-09-28T08:51:23.555Z
workday	https://dxpe.wd5.myworkdayjobs.com/dxp_external	1	2026-09-28T08:51:25.819Z
workday	https://dynata.wd1.myworkdayjobs.com/callcenter	1	2026-09-28T08:51:27.950Z
workday	https://dynata.wd1.myworkdayjobs.com/careers	1	2026-09-28T08:51:28.202Z
workday	https://ecentria.wd1.myworkdayjobs.com/careers	1	2026-09-28T08:51:35.497Z
workday	https://echostar.wd5.myworkdayjobs.com/echostar	1	2026-09-28T08:51:37.049Z
workday	https://edison.wd3.myworkdayjobs.com/edison	1	2026-09-28T08:51:37.924Z
workday	https://elementfleet.wd3.myworkdayjobs.com/cei_external_career_site	1	2026-09-28T08:51:43.202Z
workday	https://elobau.wd3.myworkdayjobs.com/elobau	1	2026-09-28T08:51:47.590Z
workday	https://emerysapp.wd5.myworkdayjobs.com/ess	1	2026-09-28T08:51:53.239Z
workday	https://emerysapp.wd5.myworkdayjobs.com/rum	1	2026-09-28T08:51:53.137Z
workday	https://employeeownedbrands.wd1.myworkdayjobs.com/apache_stainless	1	2026-09-28T08:51:53.604Z
workday	https://employeeownedbrands.wd1.myworkdayjobs.com/crystal	1	2026-09-28T08:51:53.563Z
workday	https://employeeownedbrands.wd1.myworkdayjobs.com/dexter_laundry	1	2026-09-28T08:51:53.954Z
workday	https://employeeownedbrands.wd1.myworkdayjobs.com/dexter_services	1	2026-09-28T08:51:54.206Z
workday	https://employeeownedbrands.wd1.myworkdayjobs.com/employee_owned_brands	1	2026-09-28T08:51:54.530Z
workday	https://employeeownedbrands.wd1.myworkdayjobs.com/laundry_one	1	2026-09-28T08:51:54.509Z
workday	https://empower.wd5.myworkdayjobs.com/empower	1	2026-09-28T08:51:56.707Z
workday	https://empower.wd5.myworkdayjobs.com/panagora	1	2026-09-28T08:51:56.667Z
workday	https://emspmg.wd1.myworkdayjobs.com/9dot_careers	1	2026-09-28T08:51:56.720Z
workday	https://emspmg.wd1.myworkdayjobs.com/bbf_careers	1	2026-09-28T08:51:56.783Z
workday	https://emspmg.wd1.myworkdayjobs.com/edi_careers	1	2026-09-28T08:51:56.684Z
workday	https://emspmg.wd1.myworkdayjobs.com/lupine_careers	1	2026-09-28T08:51:56.812Z
workday	https://emspmg.wd1.myworkdayjobs.com/ofl_careers	1	2026-09-28T08:51:57.861Z
workday	https://emspmg.wd1.myworkdayjobs.com/ofy_careers	1	2026-09-28T08:51:57.950Z
workday	https://emspmg.wd1.myworkdayjobs.com/pie_careers	1	2026-09-28T08:51:57.567Z
workday	https://emspmg.wd1.myworkdayjobs.com/pie_programs	1	2026-09-28T08:51:57.973Z
workday	https://emspmg.wd1.myworkdayjobs.com/pie-az_careers	1	2026-09-28T08:51:57.349Z
workday	https://emspmg.wd1.myworkdayjobs.com/pie-id_careers	1	2026-09-28T08:51:57.962Z
workday	https://emspmg.wd1.myworkdayjobs.com/pie-il_careers	1	2026-09-28T08:51:57.462Z
workday	https://emspmg.wd1.myworkdayjobs.com/pie-la_careers	1	2026-09-28T08:51:57.988Z
workday	https://emspmg.wd1.myworkdayjobs.com/pmg_careers	1	2026-09-28T08:51:58.093Z
workday	https://emspmg.wd1.myworkdayjobs.com/pse	1	2026-09-28T08:51:58.202Z
workday	https://emspmg.wd1.myworkdayjobs.com/rmpr_careers	1	2026-09-28T08:51:58.608Z
workday	https://emspmg.wd1.myworkdayjobs.com/skyrocket	1	2026-09-28T08:51:58.594Z
workday	https://endurance.wd1.myworkdayjobs.com/agrisompo	1	2026-09-28T08:51:59.690Z
workday	https://endurance.wd1.myworkdayjobs.com/sompointernational	1	2026-09-28T08:52:00.618Z
workday	https://enhsa.wd5.myworkdayjobs.com/alphaschoolv1	1	2026-09-28T08:52:02.036Z
workday	https://enhsa.wd5.myworkdayjobs.com/duet1	1	2026-09-28T08:52:02.524Z
workday	https://enhsa.wd5.myworkdayjobs.com/enoav1	1	2026-09-28T08:52:02.369Z
workday	https://enovis.wd5.myworkdayjobs.com/enovis_surgical_careers	1	2026-09-28T08:52:04.476Z
workday	https://ensign.wd1.myworkdayjobs.com/ramonacareersite	1	2026-09-28T08:52:16.446Z
workday	https://envestnet.wd5.myworkdayjobs.com/env	1	2026-09-28T08:52:23.787Z
workday	https://epicgames.wd5.myworkdayjobs.com/epic_design	1	2026-09-28T08:52:23.395Z
workday	https://epicgames.wd5.myworkdayjobs.com/epicinternships	1	2026-09-28T08:52:24.132Z
workday	https://epicstaffinggroup.wd1.myworkdayjobs.com/epic_careers	1	2026-09-28T08:52:22.992Z
workday	https://epiqsystems.wd5.myworkdayjobs.com/epiq_careers	1	2026-09-28T08:52:23.706Z
workday	https://eppendorf.wd3.myworkdayjobs.com/eppendorf	1	2026-09-28T08:52:23.584Z
workday	https://equinix.wd1.myworkdayjobs.com/equest	1	2026-09-28T08:52:25.648Z
workday	https://erickson.wd5.myworkdayjobs.com/external	1	2026-09-28T08:52:25.792Z
workday	https://essity.wd3.myworkdayjobs.com/job_opportunities_digital	1	2026-09-28T08:52:32.216Z
workday	https://esswd.wd5.myworkdayjobs.com/external	1	2026-09-28T08:52:30.801Z
workday	https://eulen.wd5.myworkdayjobs.com/eulen	1	2026-09-28T08:52:33.031Z
workday	https://euroapi.wd3.myworkdayjobs.com/euroapi_careers	1	2026-09-28T08:52:32.885Z
workday	https://eversidehealth.wd1.myworkdayjobs.com/everside_health_careers	1	2026-09-28T08:52:34.491Z
workday	https://eversidehealth.wd1.myworkdayjobs.com/marathon-health-careers	1	2026-09-28T08:52:34.460Z
workday	https://eversidehealth.wd501.myworkdayjobs.com/marathon-health-careers	1	2026-09-28T08:52:35.600Z
workday	https://evrazna.wd5.myworkdayjobs.com/evraz	1	2026-09-28T08:52:36.817Z
workday	https://exactcare.wd1.myworkdayjobs.com/carepathrx_career_site	1	2026-09-28T08:52:38.331Z
workday	https://excelfitness.wd5.myworkdayjobs.com/excel_fitness	1	2026-09-28T08:52:37.526Z
workday	https://exos.wd5.myworkdayjobs.com/exoscareers	1	2026-09-28T08:52:38.942Z
workday	https://factset.wd1.myworkdayjobs.com/factsetcareers	1	2026-09-28T08:52:40.024Z
workday	https://fastretailing.wd3.myworkdayjobs.com/corporate_us_helmutlang	1	2026-09-28T08:52:44.332Z
workday	https://fastretailing.wd3.myworkdayjobs.com/gmp2025	1	2026-09-28T08:52:43.367Z
workday	https://ferguson.wd1.myworkdayjobs.com/ped_careers	1	2026-09-28T08:52:51.664Z
workday	https://ferro.wd1.myworkdayjobs.com/ferrocareers	1	2026-09-28T08:52:51.630Z
workday	https://ferro.wd1.myworkdayjobs.com/vibrantzcareers	1	2026-09-28T08:52:52.039Z
workday	https://ffive.wd5.myworkdayjobs.com/nginx	1	2026-09-28T08:52:53.716Z
workday	https://fhlbpgh.wd5.myworkdayjobs.com/fhlb-pgh	1	2026-09-28T08:52:54.953Z
workday	https://fhsu.wd1.myworkdayjobs.com/careers	1	2026-09-28T08:52:55.382Z
workday	https://fibrogen.wd5.myworkdayjobs.com/fibrogen	1	2026-09-28T08:52:56.185Z
workday	https://fina.wd3.myworkdayjobs.com/deloitterecrute	1	2026-09-28T08:52:58.209Z
workday	https://fina.wd3.myworkdayjobs.com/dnrecrutement	1	2026-09-28T08:52:58.377Z
workday	https://finastra.wd3.myworkdayjobs.com/teciem	1	2026-09-28T08:52:58.989Z
workday	https://finishline.wd1.myworkdayjobs.com/cc_dc_careers	1	2026-09-28T08:52:58.423Z
workday	https://finishline.wd1.myworkdayjobs.com/corporate_careers	1	2026-09-28T08:52:58.806Z
workday	https://finishline.wd1.myworkdayjobs.com/dtlr_career_site	1	2026-09-28T08:52:59.230Z
workday	https://finishline.wd1.myworkdayjobs.com/jd_careers	1	2026-09-28T08:52:59.354Z
workday	https://finishline.wd1.myworkdayjobs.com/store_careers	1	2026-09-28T08:52:59.529Z
workday	https://firstacceptance.wd5.myworkdayjobs.com/firstacceptance	1	2026-09-28T08:53:00.716Z
workday	https://firstnational.wd5.myworkdayjobs.com/fnbocareers	1	2026-09-28T08:53:01.836Z
workday	https://firstnational.wd5.myworkdayjobs.com/fntscareers	1	2026-09-28T08:53:02.093Z
workday	https://fisker.wd1.myworkdayjobs.com/fisker_careers	1	2026-09-28T08:53:03.480Z
workday	https://fkusa.wd1.myworkdayjobs.com/fk_careers	1	2026-09-28T08:53:04.002Z
workday	https://fleetcor.wd3.myworkdayjobs.com/ext_001	1	2026-09-28T08:53:04.838Z
workday	https://flexential.wd5.myworkdayjobs.com/flexential_career	1	2026-09-28T08:53:06.085Z
workday	https://flextronics.wd1.myworkdayjobs.com/nextracker_careers	1	2026-09-28T08:53:08.570Z
workday	https://flowable.wd3.myworkdayjobs.com/flowable	1	2026-09-28T08:53:09.251Z
workday	https://flowable.wd3.myworkdayjobs.com/mimacom	1	2026-09-28T08:53:08.992Z
workday	https://flyscoot.wd3.myworkdayjobs.com/nokscootexternalcareersite	1	2026-09-28T08:53:11.035Z
workday	https://flyswoop.wd3.myworkdayjobs.com/flyswoop	1	2026-09-28T08:53:11.473Z
workday	https://fnbcorp.wd1.myworkdayjobs.com/fnbcorp	1	2026-09-28T08:53:11.884Z
workday	https://forestlawn.wd1.myworkdayjobs.com/forest_lawn	1	2026-09-28T08:53:13.987Z
workday	https://forrester.wd1.myworkdayjobs.com/careers	1	2026-09-28T08:53:14.717Z
workday	https://fragomen.wd1.myworkdayjobs.com/fragomencareers	1	2026-09-28T08:53:18.466Z
workday	https://francescas.wd1.myworkdayjobs.com/distribution_center_opportunities	1	2026-09-28T08:53:18.286Z
workday	https://francescas.wd1.myworkdayjobs.com/field_leadership	1	2026-09-28T08:53:18.408Z
workday	https://francescas.wd1.myworkdayjobs.com/field_opportunities	1	2026-09-28T08:53:18.120Z
workday	https://francescas.wd1.myworkdayjobs.com/home_office_opportunities	1	2026-09-28T08:53:18.475Z
workday	https://franklintempleton.wd5.myworkdayjobs.com/jobs-brandywine	1	2026-09-28T08:53:20.192Z
workday	https://franklintempleton.wd5.myworkdayjobs.com/jobs-clearbridge	1	2026-09-28T08:53:20.892Z
workday	https://freshly.wd5.myworkdayjobs.com/freshly_careers	1	2026-09-28T08:53:21.410Z
workday	https://ft.wd3.myworkdayjobs.com/ft_external_careers	1	2026-09-28T08:53:23.788Z
workday	https://furman.wd5.myworkdayjobs.com/furman_careers	1	2026-09-28T08:53:24.064Z
workday	https://g6hospitality.wd5.myworkdayjobs.com/corporate-team	1	2026-09-28T08:53:25.071Z
workday	https://g6hospitality.wd5.myworkdayjobs.com/g6_job_openings	1	2026-09-28T08:53:25.267Z
workday	https://g6hospitality.wd5.myworkdayjobs.com/operations-leadership	1	2026-09-28T08:53:24.863Z
workday	https://g6hospitality.wd5.myworkdayjobs.com/property-team	1	2026-09-28T08:53:25.217Z
workday	https://gafsgi.wd5.myworkdayjobs.com/gafenergy_career	1	2026-09-28T08:53:27.120Z
workday	https://gainsight.wd5.myworkdayjobs.com/gainsight_external_careers	1	2026-09-28T08:53:28.902Z
workday	https://galvestoncountytx.wd5.myworkdayjobs.com/countyofgalvestoncareers	1	2026-09-28T08:53:29.711Z
workday	https://gamestop.wd5.myworkdayjobs.com/careers	1	2026-09-28T08:53:30.606Z
workday	https://gapinc.wd1.myworkdayjobs.com/gapconfidential	1	2026-09-28T08:53:30.377Z
workday	https://ge.wd5.myworkdayjobs.com/aerospace_externalsite	1	2026-09-28T08:53:40.378Z
workday	https://ge.wd5.myworkdayjobs.com/ge_externalsite	1	2026-09-28T08:53:41.210Z
workday	https://ge.wd5.myworkdayjobs.com/vernova_externalsite	1	2026-09-28T08:53:40.885Z
workday	https://gfk.wd3.myworkdayjobs.com/corporate_careers	1	2026-09-28T08:53:41.139Z
workday	https://ghc.wd1.myworkdayjobs.com/kaplan_professional_careers	1	2026-09-28T08:53:45.458Z
workday	https://ghc.wd1.myworkdayjobs.com/ktp_careers	1	2026-09-28T08:53:46.778Z
workday	https://globalblue.wd3.myworkdayjobs.com/external	1	2026-09-28T08:53:50.842Z
workday	https://glwater.wd1.myworkdayjobs.com/careers	1	2026-09-28T08:53:54.448Z
workday	https://gogo.wd1.myworkdayjobs.com/careers	1	2026-09-28T08:53:58.689Z
workday	https://google.wd5.myworkdayjobs.com/gocjobs	1	2026-09-28T08:54:03.820Z
workday	https://goosehead.wd5.myworkdayjobs.com/careers	1	2026-09-28T08:54:05.292Z
workday	https://gorbel.wd1.myworkdayjobs.com/gorbelcareers	1	2026-09-28T08:54:04.896Z
workday	https://gorbel.wd1.myworkdayjobs.com/ravenwoodgccareers	1	2026-09-28T08:54:07.895Z
workday	https://gormanusa.wd501.myworkdayjobs.com/brewhouse	1	2026-09-28T08:54:06.864Z
workday	https://gormanusa.wd501.myworkdayjobs.com/stella	1	2026-09-28T08:54:08.219Z
workday	https://graco.wd5.myworkdayjobs.com/graco_careers	1	2026-09-28T08:54:07.556Z
workday	https://granite.wd1.myworkdayjobs.com/campus_careers	1	2026-09-28T08:54:09.112Z
workday	https://granite.wd1.myworkdayjobs.com/professional_careers	1	2026-09-28T08:54:09.391Z
workday	https://greenhill.wd5.myworkdayjobs.com/searchjobs	1	2026-09-28T08:54:10.529Z
workday	https://gresearch.wd3.myworkdayjobs.com/g-research	1	2026-09-28T08:54:11.353Z
workday	https://groupefdj.wd103.myworkdayjobs.com/fdj	1	2026-09-28T08:54:14.927Z
workday	https://grubhub.wd1.myworkdayjobs.com/external	1	2026-09-28T08:54:15.867Z
workday	https://gtsgbu.wd3.myworkdayjobs.com/careers	1	2026-09-28T08:54:18.112Z
workday	https://guggenheim.wd1.myworkdayjobs.com/guggenheim_diversity_and_inclusion_programs	1	2026-09-28T08:54:20.266Z
workday	https://haier.wd3.myworkdayjobs.com/geappliances_professional_careers	1	2026-09-28T08:54:24.875Z
workday	https://halozyme.wd1.myworkdayjobs.com/halozymecareers	1	2026-09-28T08:54:26.320Z
workday	https://hansoninc.wd5.myworkdayjobs.com/hps	1	2026-09-28T08:54:27.875Z
workday	https://hansoninc.wd5.myworkdayjobs.com/hps_student_careers	1	2026-09-28T08:54:28.053Z
workday	https://harfordcountymd.wd5.myworkdayjobs.com/harford_county_external_career_site	1	2026-09-28T08:54:28.167Z
workday	https://harry.wd3.myworkdayjobs.com/hri	1	2026-09-28T08:54:32.145Z
workday	https://hastingsdirect.wd3.myworkdayjobs.com/broadbean_external	1	2026-09-28T08:54:32.099Z
workday	https://haynesboone.wd5.myworkdayjobs.com/haynesandboone	1	2026-09-28T08:54:33.155Z
workday	https://hccfl.wd1.myworkdayjobs.com/hccjobs	1	2026-09-28T08:54:35.479Z
workday	https://hcsoftwareservices.wd1.myworkdayjobs.com/dedalusjobs	1	2026-09-28T08:54:36.203Z
workday	https://healthnowny.wd1.myworkdayjobs.com/bluecross_blueshield_of_wny_neny	1	2026-09-28T08:54:38.313Z
workday	https://heequipment.wd5.myworkdayjobs.com/careers	1	2026-09-28T08:54:43.151Z
workday	https://heidelberg.wd3.myworkdayjobs.com/careersheidelberg	1	2026-09-28T08:54:44.224Z
workday	https://heidelbergmaterials.wd3.myworkdayjobs.com/traino_group_careers	1	2026-09-28T08:54:44.851Z
workday	https://helenoftroy.wd1.myworkdayjobs.com/main_hot	1	2026-09-28T08:54:45.974Z
workday	https://helios.wd5.myworkdayjobs.com/external	1	2026-09-28T08:54:46.368Z
workday	https://hengeler.wd3.myworkdayjobs.com/hm-careers-business-services	1	2026-09-28T08:54:47.986Z
workday	https://hengeler.wd3.myworkdayjobs.com/hm-careers-legal	1	2026-09-28T08:54:48.037Z
workday	https://heniff.wd5.myworkdayjobs.com/heniff	1	2026-09-28T08:54:48.784Z
workday	https://hensoldt.wd3.myworkdayjobs.com/external_career_site	1	2026-09-28T08:54:49.053Z
workday	https://hfsc.wd5.myworkdayjobs.com/careers	1	2026-09-28T08:54:50.542Z
workday	https://hibbett.wd1.myworkdayjobs.com/hsp	1	2026-09-28T08:54:51.451Z
workday	https://hibbett.wd1.myworkdayjobs.com/hspretail	1	2026-09-28T08:54:51.537Z
workday	https://highpoint.wd1.myworkdayjobs.com/highpoint-faculty	1	2026-09-28T08:54:52.755Z
workday	https://hitt.wd1.myworkdayjobs.com/hitt	1	2026-09-28T08:54:53.812Z
workday	https://hksinc.wd5.myworkdayjobs.com/hkscareers	1	2026-09-28T08:54:55.049Z
workday	https://hksinc.wd5.myworkdayjobs.com/hksstudent	1	2026-09-28T08:54:54.898Z
workday	https://hksinc.wd5.myworkdayjobs.com/roam	1	2026-09-28T08:54:55.519Z
workday	https://hongrp.wd1.myworkdayjobs.com/bdci	1	2026-09-28T08:54:58.992Z
workday	https://hongrp.wd1.myworkdayjobs.com/cddv	1	2026-09-28T08:54:59.744Z
workday	https://hongrp.wd1.myworkdayjobs.com/cdp	1	2026-09-28T08:55:00.073Z
workday	https://hongrp.wd1.myworkdayjobs.com/pcny	1	2026-09-28T08:55:00.289Z
workday	https://hongrp.wd1.myworkdayjobs.com/pnb	1	2026-09-28T08:54:59.583Z
workday	https://hoopp.wd3.myworkdayjobs.com/hoopp	1	2026-09-28T08:55:00.508Z
workday	https://hoopp.wd3.myworkdayjobs.com/hooppstudent	1	2026-09-28T08:55:00.435Z
workday	https://horizon.wd1.myworkdayjobs.com/horizon	1	2026-09-28T08:55:01.319Z
workday	https://hospicecom.wd5.myworkdayjobs.com/ascensionathometogetherwithcompassus	1	2026-09-28T08:55:03.239Z
workday	https://houzz.wd5.myworkdayjobs.com/external	1	2026-09-28T08:55:03.024Z
workday	https://howden.wd3.myworkdayjobs.com/external	1	2026-09-28T08:55:02.798Z
workday	https://hq.wd12.myworkdayjobs.com/allied_external	1	2026-09-28T08:55:04.494Z
workday	https://hq.wd5.myworkdayjobs.com/allied_external	1	2026-09-28T08:55:04.664Z
workday	https://hq.wd5.myworkdayjobs.com/securian_external	1	2026-09-28T08:55:04.462Z
workday	https://hq.wd5.myworkdayjobs.com/securian_externalrobots	1	2026-09-28T08:55:05.702Z
workday	https://hr.wd3.myworkdayjobs.com/avanticeexternal	1	2026-09-28T08:55:08.348Z
workday	https://hrispayroll.wd5.myworkdayjobs.com/homestreetcareers	1	2026-09-28T08:55:06.878Z
workday	https://hti.wd5.myworkdayjobs.com/hti	1	2026-09-28T08:55:09.568Z
workday	https://hti.wd501.myworkdayjobs.com/hti	1	2026-09-28T08:55:10.106Z
workday	https://htlf.wd1.myworkdayjobs.com/arizona-bank-careers	1	2026-09-28T08:55:09.492Z
workday	https://htlf.wd1.myworkdayjobs.com/citywide-banks	1	2026-09-28T08:55:09.653Z
workday	https://huhtamaki.wd3.myworkdayjobs.com/directsexternal	1	2026-09-28T08:55:10.924Z
workday	https://huhtamaki.wd3.myworkdayjobs.com/external	1	2026-09-28T08:55:10.781Z
workday	https://huntington.wd5.myworkdayjobs.com/hnbcareers	1	2026-09-28T08:55:13.331Z
workday	https://husqvarnagroup.wd3.myworkdayjobs.com/job	1	2026-09-28T08:55:14.198Z
workday	https://hypertherm.wd5.myworkdayjobs.com/hypertherm-careers	1	2026-09-28T08:55:15.881Z
workday	https://hysteryale.wd1.myworkdayjobs.com/nuveracareers	1	2026-09-28T08:55:18.390Z
workday	https://hyvee.wd1.myworkdayjobs.com/hy-veehealth	1	2026-09-28T08:55:20.812Z
workday	https://hyvee.wd1.myworkdayjobs.com/hyveecareersq	1	2026-09-28T08:55:19.658Z
workday	https://hyvee.wd1.myworkdayjobs.com/walltowallcareers	1	2026-09-28T08:55:22.278Z
workday	https://ich.wd1.myworkdayjobs.com/ofp_careers	1	2026-09-28T08:55:24.989Z
workday	https://idexx.wd1.myworkdayjobs.com/idexx	1	2026-09-28T08:55:31.601Z
workday	https://iegt.wd3.myworkdayjobs.com/gti_external_careers_advisory	1	2026-09-28T08:55:32.328Z
workday	https://iegt.wd3.myworkdayjobs.com/gti_external_careers_audit_and_assurance	1	2026-09-28T08:55:32.344Z
workday	https://iegt.wd3.myworkdayjobs.com/gti_external_careers_experienced_hires_bermuda	1	2026-09-28T08:55:32.883Z
workday	https://iegt.wd3.myworkdayjobs.com/gti_external_careers_experienced_hires_gibraltar	1	2026-09-28T08:55:33.048Z
workday	https://iegt.wd3.myworkdayjobs.com/gti_external_careers_experienced_hires_roi	1	2026-09-28T08:55:32.799Z
workday	https://iegt.wd3.myworkdayjobs.com/gti_external_careers_graduates_gibraltar	1	2026-09-28T08:55:33.365Z
workday	https://iegt.wd3.myworkdayjobs.com/gti_external_careers_operations	1	2026-09-28T08:55:33.260Z
workday	https://iegt.wd3.myworkdayjobs.com/gti_external_careers_tax	1	2026-09-28T08:55:33.639Z
workday	https://iesabroad.wd5.myworkdayjobs.com/ies_abroad_careers	1	2026-09-28T08:55:34.458Z
workday	https://if.wd3.myworkdayjobs.com/careers	1	2026-09-28T08:55:34.312Z
workday	https://ihsmarkit.wd1.myworkdayjobs.com/careers	1	2026-09-28T08:55:40.485Z
workday	https://illuminateusa.wd5.myworkdayjobs.com/illuminate_careers	1	2026-09-28T08:55:45.560Z
workday	https://imh.wd5.myworkdayjobs.com/intermountaincareers	1	2026-09-28T08:55:46.928Z
workday	https://ineos.wd5.myworkdayjobs.com/ineoscareers	1	2026-09-28T08:55:50.133Z
workday	https://ineoscomposites.wd1.myworkdayjobs.com/ineoscareers	1	2026-09-28T08:55:48.976Z
workday	https://ing.wd3.myworkdayjobs.com/jvsgblcor	1	2026-09-28T08:55:55.056Z
workday	https://ingevity.wd1.myworkdayjobs.com/college	1	2026-09-28T08:55:51.964Z
workday	https://ingevity.wd1.myworkdayjobs.com/hourly	1	2026-09-28T08:55:52.243Z
workday	https://ingevity.wd1.myworkdayjobs.com/salaried	1	2026-09-28T08:55:52.533Z
workday	https://invesco.wd1.myworkdayjobs.com/intelliflo	1	2026-09-28T08:56:12.232Z
workday	https://invisors.wd5.myworkdayjobs.com/external	1	2026-09-28T08:56:12.739Z
workday	https://invitationhomes.wd1.myworkdayjobs.com/invh	1	2026-09-28T08:56:13.259Z
workday	https://ioaging.wd1.myworkdayjobs.com/ioa	1	2026-09-28T08:56:13.595Z
workday	https://ipsen.wd3.myworkdayjobs.com/ipsen_careers	1	2026-09-28T08:56:14.762Z
workday	https://irobot.wd5.myworkdayjobs.com/irobot	1	2026-09-28T08:56:15.710Z
workday	https://irvingoil.wd3.myworkdayjobs.com/iol_careers_all-positions	1	2026-09-28T08:56:15.908Z
workday	https://irvingoil.wd3.myworkdayjobs.com/iol_retailsite	1	2026-09-28T08:56:17.374Z
workday	https://irvingoil.wd3.myworkdayjobs.com/iolcareers-refining-terminals	1	2026-09-28T08:56:15.863Z
workday	https://isc.wd3.myworkdayjobs.com/isc	1	2026-09-28T08:56:17.366Z
workday	https://isg.wd3.myworkdayjobs.com/isg	1	2026-09-28T08:56:17.464Z
workday	https://jbhunt.wd5.myworkdayjobs.com/careers	1	2026-09-28T08:56:24.915Z
workday	https://jdrf.wd1.myworkdayjobs.com/jdrf	1	2026-09-28T08:56:29.361Z
workday	https://jll.wd1.myworkdayjobs.com/jlltcareers	1	2026-09-28T08:56:34.954Z
workday	https://joann.wd5.myworkdayjobs.com/careers_at_joann	1	2026-09-28T08:56:35.556Z
workday	https://jumex.wd3.myworkdayjobs.com/tu_carrera_grupo_jumex	1	2026-09-28T08:56:38.209Z
workday	https://justeat.wd3.myworkdayjobs.com/justeat_careers	1	2026-09-28T08:56:39.318Z
workday	https://justfab.wd1.myworkdayjobs.com/fabletics	1	2026-09-28T08:56:40.111Z
workday	https://justfab.wd1.myworkdayjobs.com/justfab	1	2026-09-28T08:56:40.344Z
workday	https://justfab.wd1.myworkdayjobs.com/justfabcareers	1	2026-09-28T08:56:40.118Z
workday	https://justfab.wd1.myworkdayjobs.com/savagex	1	2026-09-28T08:56:40.620Z
workday	https://kaishaservice.wd1.myworkdayjobs.com/loyaltygroupinsuranceservices	1	2026-09-28T08:56:41.920Z
workday	https://kantar.wd3.myworkdayjobs.com/kantarmedia	1	2026-09-28T08:56:46.869Z
workday	https://kar.wd1.myworkdayjobs.com/kar_careers	1	2026-09-28T08:56:46.620Z
workday	https://kar.wd1.myworkdayjobs.com/openlane_careers	1	2026-09-28T08:56:46.920Z
workday	https://kardex.wd3.myworkdayjobs.com/kardex	1	2026-09-28T08:56:46.233Z
workday	https://kavak.wd3.myworkdayjobs.com/externalcareerkunamx	1	2026-09-28T08:56:46.628Z
workday	https://kean.wd1.myworkdayjobs.com/kean	1	2026-09-28T08:56:48.444Z
workday	https://kepcorp.wd3.myworkdayjobs.com/keppelcareers	1	2026-09-28T08:56:49.232Z
workday	https://kering.wd3.myworkdayjobs.com/amq	1	2026-09-28T08:56:50.890Z
workday	https://kering.wd3.myworkdayjobs.com/balenciaga	1	2026-09-28T08:56:51.117Z
workday	https://kering.wd3.myworkdayjobs.com/bottegaveneta	1	2026-09-28T08:56:51.294Z
workday	https://kering.wd3.myworkdayjobs.com/boucheron	1	2026-09-28T08:56:51.526Z
workday	https://kering.wd3.myworkdayjobs.com/brioni	1	2026-09-28T08:56:53.138Z
workday	https://kering.wd3.myworkdayjobs.com/gucci	1	2026-09-28T08:56:51.985Z
workday	https://kering.wd3.myworkdayjobs.com/lindberg	1	2026-09-28T08:56:51.193Z
workday	https://kering.wd3.myworkdayjobs.com/pomellato	1	2026-09-28T08:56:52.360Z
workday	https://kering.wd3.myworkdayjobs.com/saintlaurent	1	2026-09-28T08:56:52.799Z
workday	https://kimberlyclark.wd1.myworkdayjobs.com/apac	1	2026-09-28T08:56:52.338Z
workday	https://kimberlyclark.wd1.myworkdayjobs.com/emea	1	2026-09-28T08:56:52.905Z
workday	https://kimberlyclark.wd1.myworkdayjobs.com/lao	1	2026-09-28T08:56:53.401Z
workday	https://kimcorealty.wd1.myworkdayjobs.com/kimcocareers	1	2026-09-28T08:56:54.192Z
workday	https://kings.wd1.myworkdayjobs.com/kingscareers	1	2026-09-28T08:56:54.471Z
workday	https://kings.wd1.myworkdayjobs.com/rivercatscareers	1	2026-09-28T08:56:54.398Z
workday	https://kiongroup.wd3.myworkdayjobs.com/kion_its_americas	1	2026-09-28T08:56:57.533Z
workday	https://kiongroup.wd3.myworkdayjobs.com/kion_its_apac	1	2026-09-28T08:56:57.435Z
workday	https://kiongroup.wd3.myworkdayjobs.com/kion_its_emea	1	2026-09-28T08:56:58.361Z
workday	https://klook.wd3.myworkdayjobs.com/klookcareers	1	2026-09-28T08:57:01.325Z
workday	https://kmkp.wd1.myworkdayjobs.com/tpganalyticscareers	1	2026-09-28T08:57:00.876Z
workday	https://koerberscsoftware.wd3.myworkdayjobs.com/koerber	1	2026-09-28T08:57:03.712Z
workday	https://kognitivinc.wd1.myworkdayjobs.com/rooster-careers	1	2026-09-28T08:57:05.207Z
workday	https://kohls.wd1.myworkdayjobs.com/kohlscareers	1	2026-09-28T08:57:04.261Z
workday	https://kompasskapital.wd1.myworkdayjobs.com/favorite_external_careers	1	2026-09-28T08:57:04.310Z
workday	https://kramp.wd3.myworkdayjobs.com/krampcareers	1	2026-09-28T08:57:05.295Z
workday	https://krauseholdings.wd5.myworkdayjobs.com/external	1	2026-09-28T08:57:06.679Z
workday	https://kwm.wd105.myworkdayjobs.com/careers_kwm	1	2026-09-28T08:57:09.041Z
workday	https://labcorp.wd1.myworkdayjobs.com/fortrea	1	2026-09-28T08:57:11.988Z
workday	https://lakewood.wd1.myworkdayjobs.com/careers	1	2026-09-28T08:57:10.642Z
workday	https://lambwestonmeijer.wd3.myworkdayjobs.com/external_vacancies	1	2026-09-28T08:57:11.902Z
workday	https://landolakes.wd1.myworkdayjobs.com/members	1	2026-09-28T08:57:15.701Z
workday	https://lego.wd3.myworkdayjobs.com/lego_external	1	2026-09-28T08:57:24.569Z
workday	https://lesley.wd1.myworkdayjobs.com/lesley_university_careers	1	2026-09-28T08:57:29.295Z
workday	https://lghealth.wd1.myworkdayjobs.com/college_career	1	2026-09-28T08:57:34.274Z
workday	https://lghealth.wd1.myworkdayjobs.com/lghealth_career	1	2026-09-28T08:57:34.964Z
workday	https://lgtcp.wd3.myworkdayjobs.com/lgtcpcurrentvacancies	1	2026-09-28T08:57:36.143Z
workday	https://lilly.wd5.myworkdayjobs.com/cmp	1	2026-09-28T08:57:40.797Z
workday	https://lilly.wd5.myworkdayjobs.com/lly	1	2026-09-28T08:57:41.426Z
workday	https://lithia.wd5.myworkdayjobs.com/driveway	1	2026-09-28T08:57:42.990Z
workday	https://lithia.wd5.myworkdayjobs.com/lithiacareers	1	2026-09-28T08:57:43.656Z
workday	https://lithia.wd5.myworkdayjobs.com/pfaffcareers	1	2026-09-28T08:57:44.190Z
workday	https://livenation.wd1.myworkdayjobs.com/insomniacexternalsite	1	2026-09-28T08:57:45.951Z
workday	https://livenation.wd1.myworkdayjobs.com/lnexternalsite	1	2026-09-28T08:57:46.479Z
workday	https://livenation.wd1.myworkdayjobs.com/rnexternalsite	1	2026-09-28T08:57:46.518Z
workday	https://livenation.wd1.myworkdayjobs.com/tmexternalsite	1	2026-09-28T08:57:46.425Z
workday	https://lmiaerospace.wd1.myworkdayjobs.com/lmi_careers	1	2026-09-28T08:57:50.695Z
workday	https://lmiaerospace.wd103.myworkdayjobs.com/lmi_careers	1	2026-09-28T08:57:49.776Z
workday	https://lnw.wd5.myworkdayjobs.com/lightwonderexternalcareershttp	1	2026-09-28T08:57:51.705Z
workday	https://logmein.wd5.myworkdayjobs.com/logmeincareers	1	2026-09-28T08:57:54.583Z
workday	https://lplfinancial.wd1.myworkdayjobs.com/atria	1	2026-09-28T08:57:59.634Z
workday	https://lumio.wd1.myworkdayjobs.com/lumio	1	2026-09-28T08:58:06.791Z
workday	https://lyten.wd5.myworkdayjobs.com/lyten_external_career_site	1	2026-09-28T08:58:09.730Z
workday	https://madisoncollege.wd5.myworkdayjobs.com/jobsatmadisoncollege	1	2026-09-28T08:58:10.701Z
workday	https://magnateworldwide.wd5.myworkdayjobs.com/mww	1	2026-09-28T08:58:12.538Z
workday	https://marcum.wd1.myworkdayjobs.com/marcumexperiencedcareers	1	2026-09-28T08:58:15.868Z
workday	https://marel.wd3.myworkdayjobs.com/marel	1	2026-09-28T08:58:15.725Z
workday	https://marjacpoultry.wd5.myworkdayjobs.com/marjac_poultry_careers	1	2026-09-28T08:58:19.611Z
workday	https://marmon.wd5.myworkdayjobs.com/marmon_careers	1	2026-09-28T08:58:19.532Z
workday	https://marmon.wd5.myworkdayjobs.com/marmon_internships	1	2026-09-28T08:58:19.705Z
workday	https://marshall.wd103.myworkdayjobs.com/marshall_fleet_solutions	1	2026-09-28T08:58:20.461Z
workday	https://marshall.wd3.myworkdayjobs.com/marshall_group	1	2026-09-28T08:58:21.236Z
workday	https://masonite.wd1.myworkdayjobs.com/masonite_careers	1	2026-09-28T08:58:28.080Z
workday	https://mattressfirm.wd1.myworkdayjobs.com/corporatecareers	1	2026-09-28T08:58:32.751Z
workday	https://mattressfirm.wd1.myworkdayjobs.com/operationscareers	1	2026-09-28T08:58:33.070Z
workday	https://mattressfirm.wd1.myworkdayjobs.com/salescareers	1	2026-09-28T08:58:33.117Z
workday	https://maxar.wd1.myworkdayjobs.com/maxar	1	2026-09-28T08:58:36.029Z
workday	https://maxar.wd1.myworkdayjobs.com/maxar-internship	1	2026-09-28T08:58:34.524Z
workday	https://mcafee.wd1.myworkdayjobs.com/enterprisecareers	1	2026-09-28T08:58:43.711Z
workday	https://mcrtrust.wd1.myworkdayjobs.com/mill_creek_careers	1	2026-09-28T08:58:49.471Z
workday	https://medable.wd1.myworkdayjobs.com/explore-career-opportunities	1	2026-09-28T08:58:51.034Z
workday	https://medela.wd3.myworkdayjobs.com/medela_careers	1	2026-09-28T08:58:53.814Z
workday	https://meg.wd3.myworkdayjobs.com/external	1	2026-09-28T08:58:57.036Z
workday	https://merit.wd1.myworkdayjobs.com/merit	1	2026-09-28T08:59:06.014Z
workday	https://metabo.wd3.myworkdayjobs.com/metabocareers	1	2026-09-28T08:59:08.901Z
workday	https://metsagroup.wd3.myworkdayjobs.com/metsagroup_careers	1	2026-09-28T08:59:08.862Z
workday	https://metsagroup.wd3.myworkdayjobs.com/metsagroup_summer_jobs	1	2026-09-28T08:59:08.994Z
workday	https://mgmresorts.wd5.myworkdayjobs.com/306	1	2026-09-28T08:59:10.981Z
workday	https://mgmresorts.wd5.myworkdayjobs.com/307	1	2026-09-28T08:59:11.485Z
workday	https://mgmresorts.wd5.myworkdayjobs.com/518	1	2026-09-28T08:59:11.168Z
workday	https://milestone.wd1.myworkdayjobs.com/milestone_external	1	2026-09-28T08:59:21.894Z
workday	https://minnstate.wd1.myworkdayjobs.com/minnesota_state_careers	1	2026-09-28T08:59:27.362Z
workday	https://mlp.wd5.myworkdayjobs.com/mlpreferrals	1	2026-09-28T08:59:32.936Z
workday	https://mohegan.wd1.myworkdayjobs.com/ilani	1	2026-09-28T08:59:40.012Z
workday	https://moneris.wd3.myworkdayjobs.com/ueat	1	2026-09-28T08:59:43.141Z
workday	https://monroecountyfl.wd1.myworkdayjobs.com/monroebocc	1	2026-09-28T08:59:42.606Z
workday	https://monroecountyfl.wd1.myworkdayjobs.com/monroeclerk	1	2026-09-28T08:59:42.717Z
workday	https://montrose.wd1.myworkdayjobs.com/cteh	1	2026-09-28T08:59:45.782Z
workday	https://montrose.wd1.myworkdayjobs.com/enthalpy	1	2026-09-28T08:59:45.888Z
workday	https://montrose.wd1.myworkdayjobs.com/meg	1	2026-09-28T08:59:45.566Z
workday	https://mrcglobal.wd1.myworkdayjobs.com/mrc_global_careers	1	2026-09-28T08:59:54.632Z
workday	https://mrisoftware.wd1.myworkdayjobs.com/external_careersite	1	2026-09-28T08:59:54.451Z
workday	https://msamlin.wd3.myworkdayjobs.com/msreinsurancecareers	1	2026-09-28T08:59:55.747Z
workday	https://msh.wd1.myworkdayjobs.com/enus	1	2026-09-28T08:59:55.779Z
workday	https://msh.wd1.myworkdayjobs.com/external	1	2026-09-28T08:59:56.382Z
workday	https://msk.wd1.myworkdayjobs.com/mskcc_careers_primary	1	2026-09-28T08:59:57.515Z
workday	https://mtholyoke.wd5.myworkdayjobs.com/external	1	2026-09-28T08:59:59.961Z
workday	https://mto.wd1.myworkdayjobs.com/mto_careers	1	2026-09-28T09:00:00.908Z
workday	https://mx.wd1.myworkdayjobs.com/ext-mx	1	2026-09-28T09:00:06.712Z
workday	https://mygtcmi.wd1.myworkdayjobs.com/gtc	1	2026-09-28T09:00:07.279Z
workday	https://myhcm.wd3.myworkdayjobs.com/osiris	1	2026-09-28T09:00:09.160Z
workday	https://mylan.wd5.myworkdayjobs.com/external	1	2026-09-28T09:00:10.578Z
workday	https://mypath.wd1.myworkdayjobs.com/mypathcareers	1	2026-09-28T09:00:11.716Z
workday	https://myview.wd3.myworkdayjobs.com/fortinos_careers	1	2026-09-28T09:00:13.232Z
workday	https://myview.wd3.myworkdayjobs.com/joe-fresh_careers_carrieres	1	2026-09-28T09:00:13.310Z
workday	https://myview.wd3.myworkdayjobs.com/loblaw_careers_carrieres	1	2026-09-28T09:00:13.586Z
workday	https://myview.wd3.myworkdayjobs.com/loblaw_retail	1	2026-09-28T09:00:13.611Z
workday	https://myview.wd3.myworkdayjobs.com/loblaw_vente_au_detail	1	2026-09-28T09:00:13.710Z
workday	https://myview.wd3.myworkdayjobs.com/nofrills_careers	1	2026-09-28T09:00:14.409Z
workday	https://naic.wd1.myworkdayjobs.com/naic	1	2026-09-28T09:00:17.849Z
workday	https://naic.wd1.myworkdayjobs.com/nipr	1	2026-09-28T09:00:18.513Z
workday	https://namsa.wd5.myworkdayjobs.com/namsa_careers_france	1	2026-09-28T09:00:18.413Z
workday	https://namsa.wd5.myworkdayjobs.com/namsa_careers_germany	1	2026-09-28T09:00:20.134Z
workday	https://nanfung.wd3.myworkdayjobs.com/nflire_career	1	2026-09-28T09:00:19.061Z
workday	https://nanfung.wd3.myworkdayjobs.com/nflsre_career	1	2026-09-28T09:00:19.617Z
workday	https://nanostring.wd1.myworkdayjobs.com/nanostringcareers	1	2026-09-28T09:00:20.486Z
workday	https://nant.wd5.myworkdayjobs.com/nant	1	2026-09-28T09:00:21.624Z
workday	https://nant.wd5.myworkdayjobs.com/nanthealth	1	2026-09-28T09:00:22.043Z
workday	https://nantmedia.wd5.myworkdayjobs.com/latimescareers	1	2026-09-28T09:00:20.373Z
workday	https://nationalindemnity.wd5.myworkdayjobs.com/bhdic	1	2026-09-28T09:00:23.108Z
workday	https://navcanada.wd3.myworkdayjobs.com/nav_careers	1	2026-09-28T09:00:23.910Z
workday	https://navexglobal.wd5.myworkdayjobs.com/navex	1	2026-09-28T09:00:24.565Z
workday	https://nbtbancorp.wd1.myworkdayjobs.com/nbt-b	1	2026-09-28T09:00:25.040Z
workday	https://nelnet.wd1.myworkdayjobs.com/myallocommunications	1	2026-09-28T09:00:30.882Z
workday	https://netflix.wd1.myworkdayjobs.com/netflix	1	2026-09-28T09:00:30.849Z
workday	https://neustar.wd5.myworkdayjobs.com/neustar-careers	1	2026-09-28T09:00:31.063Z
workday	https://newrez.wd1.myworkdayjobs.com/shellpoint	1	2026-09-28T09:00:34.749Z
workday	https://newsday.wd1.myworkdayjobs.com/newsday	1	2026-09-28T09:00:34.306Z
workday	https://nextracker.wd5.myworkdayjobs.com/nextracker_careers	1	2026-09-28T09:00:37.020Z
workday	https://ngc.wd1.myworkdayjobs.com/northrop_grumman_restricted_site	1	2026-09-28T09:00:36.709Z
workday	https://ngic.wd1.myworkdayjobs.com/nationalgeneral	1	2026-09-28T09:00:36.208Z
workday	https://nib.wd3.myworkdayjobs.com/careers	1	2026-09-28T09:00:38.092Z
workday	https://nio.wd3.myworkdayjobs.com/nio_careers	1	2026-09-28T09:00:38.265Z
workday	https://nlcloans.wd1.myworkdayjobs.com/nationslendingcareers	1	2026-09-28T09:00:39.905Z
workday	https://nordsonhcm.wd5.myworkdayjobs.com/nordsoncareers	1	2026-09-28T09:00:42.745Z
workday	https://nordstrom.wd5.myworkdayjobs.com/nordstrom_careers	1	2026-09-28T09:00:43.052Z
workday	https://normet.wd3.myworkdayjobs.com/normetcareers	1	2026-09-28T09:00:43.133Z
workday	https://nortonlifelock.wd1.myworkdayjobs.com/careers	1	2026-09-28T09:00:46.487Z
workday	https://nortonlifelock.wd1.myworkdayjobs.com/university	1	2026-09-28T09:00:46.438Z
workday	https://novartis.wd3.myworkdayjobs.com/swissravcareersite	1	2026-09-28T09:00:47.596Z
workday	https://novozymes.wd103.myworkdayjobs.com/novonesis_careers	1	2026-09-28T09:00:47.913Z
workday	https://novozymes.wd103.myworkdayjobs.com/novozymes_careers	1	2026-09-28T09:00:48.006Z
workday	https://nrel.wd5.myworkdayjobs.com/nrel	1	2026-09-28T09:00:49.153Z
workday	https://nrel.wd5.myworkdayjobs.com/nrel_lab_director	1	2026-09-28T09:00:49.176Z
workday	https://nshe.wd1.myworkdayjobs.com/nsc-external	1	2026-09-28T09:00:50.231Z
workday	https://nuance.wd1.myworkdayjobs.com/nuance	1	2026-09-28T09:00:56.413Z
workday	https://nustarenergy.wd1.myworkdayjobs.com/nustarcareers	1	2026-09-28T09:00:56.273Z
workday	https://nutraceutical.wd5.myworkdayjobs.com/betterbeingexternalcareersite	1	2026-09-28T09:00:57.972Z
workday	https://nvent.wd5.myworkdayjobs.com/chemelex	1	2026-09-28T09:00:58.490Z
workday	https://nvidia.wd5.myworkdayjobs.com/nvidiaexternalcareersitehardware	1	2026-09-28T09:01:00.363Z
workday	https://nyuhs.wd1.myworkdayjobs.com/nyuhscareers1	1	2026-09-28T09:01:04.078Z
workday	https://nzcris.wd3.myworkdayjobs.com/nzcris	1	2026-09-28T09:01:03.347Z
workday	https://oath.wd5.myworkdayjobs.com/careers	1	2026-09-28T09:01:05.288Z
workday	https://obviohealth.wd5.myworkdayjobs.com/obviohealthcareers	1	2026-09-28T09:01:05.687Z
workday	https://okgov.wd1.myworkdayjobs.com/okgovjobsrobots	1	2026-09-28T09:01:08.958Z
workday	https://oldmutual.wd3.myworkdayjobs.com/emple_careers	1	2026-09-28T09:01:10.326Z
workday	https://olympiawa.wd1.myworkdayjobs.com/external	1	2026-09-28T09:01:11.146Z
workday	https://onedigital.wd5.myworkdayjobs.com/centro	1	2026-09-28T09:01:12.026Z
workday	https://onedigital.wd5.myworkdayjobs.com/onedigital	1	2026-09-28T09:01:11.786Z
workday	https://onehealthineers.wd3.myworkdayjobs.com/externalonehealthineers	1	2026-09-28T09:01:11.717Z
workday	https://onehealthineers.wd3.myworkdayjobs.com/shjb	1	2026-09-28T09:01:11.884Z
workday	https://oneoncology.wd1.myworkdayjobs.com/pcsri	1	2026-09-28T09:01:17.843Z
workday	https://onepoint.wd3.myworkdayjobs.com/onepoint	1	2026-09-28T09:01:17.544Z
workday	https://ontic.wd3.myworkdayjobs.com/onticcareers	1	2026-09-28T09:01:18.478Z
workday	https://onxholdings.wd1.myworkdayjobs.com/renu_external	1	2026-09-28T09:01:18.986Z
workday	https://operosehealth.wd3.myworkdayjobs.com/operose_health	1	2026-09-28T09:01:18.894Z
workday	https://orientalbank.wd1.myworkdayjobs.com/uscareers	1	2026-09-28T09:01:22.312Z
workday	https://osp.wd3.myworkdayjobs.com/osotspacareers	1	2026-09-28T09:01:23.813Z
workday	https://ossur.wd3.myworkdayjobs.com/ossurcareersamerica	1	2026-09-28T09:01:24.200Z
workday	https://osv-a10networks.wd5.myworkdayjobs.com/a10careersite	1	2026-09-28T09:01:25.370Z
workday	https://osv-accolade.wd5.myworkdayjobs.com/external_careers	1	2026-09-28T09:01:26.784Z
workday	https://osv-bioventus.wd5.myworkdayjobs.com/external	1	2026-09-28T09:01:26.470Z
workday	https://otis.wd5.myworkdayjobs.com/rec_ext_gateway	1	2026-09-28T09:01:30.202Z
workday	https://oumedicine.wd5.myworkdayjobs.com/oumedicinecareers	1	2026-09-28T09:01:30.516Z
workday	https://ourhrconnect.wd5.myworkdayjobs.com/cds	1	2026-09-28T09:01:31.649Z
workday	https://ourhrconnect.wd5.myworkdayjobs.com/cgsadmin	1	2026-09-28T09:01:31.583Z
workday	https://ourhrconnect.wd5.myworkdayjobs.com/palmettogba	1	2026-09-28T09:01:31.889Z
workday	https://ourhrconnect.wd5.myworkdayjobs.com/pgba	1	2026-09-28T09:01:32.240Z
workday	https://ourhrconnect.wd5.myworkdayjobs.com/scblues	1	2026-09-28T09:01:32.085Z
workday	https://outrigger.wd5.myworkdayjobs.com/outriggerenterprisesgroup	1	2026-09-28T09:01:32.508Z
workday	https://outsystems.wd5.myworkdayjobs.com/outsystems	1	2026-09-28T09:01:32.645Z
workday	https://overstock.wd5.myworkdayjobs.com/overstock_careers	1	2026-09-28T09:01:32.896Z
workday	https://pacbio.wd1.myworkdayjobs.com/pacbio-	1	2026-09-28T09:01:36.455Z
workday	https://pace.wd1.myworkdayjobs.com/pace	1	2026-09-28T09:01:36.163Z
workday	https://pacs.wd1.myworkdayjobs.com/pacs	1	2026-09-28T09:01:38.527Z
workday	https://pae.wd1.myworkdayjobs.com/pae_careers	1	2026-09-28T09:01:38.390Z
workday	https://pae.wd1.myworkdayjobs.com/pae_macfaddencareers	1	2026-09-28T09:01:40.082Z
workday	https://parkhotelsandresorts.wd1.myworkdayjobs.com/careers	1	2026-09-28T09:01:41.917Z
workday	https://parsons.wd5.myworkdayjobs.com/referral	1	2026-09-28T09:01:44.237Z
workday	https://patagonia.wd5.myworkdayjobs.com/privatecareersite	1	2026-09-28T09:01:42.760Z
workday	https://patagonia.wd5.myworkdayjobs.com/pwcareers	1	2026-09-28T09:01:43.412Z
workday	https://pattern.wd1.myworkdayjobs.com/pattern_careers	1	2026-09-28T09:01:44.783Z
workday	https://pattersoncompanies.wd1.myworkdayjobs.com/pdco	1	2026-09-28T09:01:43.951Z
workday	https://pbjcal.wd5.myworkdayjobs.com/jobsquest	1	2026-09-28T09:01:45.689Z
workday	https://pbv.wd1.myworkdayjobs.com/external	1	2026-09-28T09:01:48.388Z
workday	https://pcaobus.wd1.myworkdayjobs.com/pcaob	1	2026-09-28T09:01:48.630Z
workday	https://peckham.wd5.myworkdayjobs.com/pex15	1	2026-09-28T09:01:53.716Z
workday	https://peckham.wd5.myworkdayjobs.com/team-member	1	2026-09-28T09:01:53.951Z
workday	https://pennant.wd1.myworkdayjobs.com/heritageilcareersite	1	2026-09-28T09:01:57.320Z
workday	https://pennant.wd1.myworkdayjobs.com/myhospicecareersite	1	2026-09-28T09:01:56.217Z
workday	https://performant.wd1.myworkdayjobs.com/performant	1	2026-09-28T09:02:01.783Z
workday	https://perkinelmer.wd1.myworkdayjobs.com/external	1	2026-09-28T09:02:00.710Z
workday	https://perkins.wd1.myworkdayjobs.com/prkns	1	2026-09-28T09:02:00.749Z
workday	https://perkinscoie.wd1.myworkdayjobs.com/perkinscoieexternal	1	2026-09-28T09:02:00.906Z
workday	https://petco.wd1.myworkdayjobs.com/external	1	2026-09-28T09:02:02.032Z
workday	https://petco.wd1.myworkdayjobs.com/recruiting_admin_use_only	1	2026-09-28T09:02:02.087Z
workday	https://petstock.wd105.myworkdayjobs.com/ourvet	1	2026-09-28T09:02:04.043Z
workday	https://pfizer.wd1.myworkdayjobs.com/broadbean_external	1	2026-09-28T09:02:06.801Z
workday	https://phoebehealth.wd5.myworkdayjobs.com/phoebehealth	1	2026-09-28T09:02:10.945Z
workday	https://pixar.wd5.myworkdayjobs.com/pixar_external_career_site	1	2026-09-28T09:02:18.897Z
workday	https://pixar.wd5.myworkdayjobs.com/pixar_external_internships	1	2026-09-28T09:02:18.753Z
workday	https://plainsmidstream.wd1.myworkdayjobs.com/pmc	1	2026-09-28T09:02:19.892Z
workday	https://plexus.wd5.myworkdayjobs.com/plexus_careers	1	2026-09-28T09:02:20.988Z
workday	https://polarsemi.wd5.myworkdayjobs.com/polar	1	2026-09-28T09:02:25.202Z
workday	https://pondco.wd1.myworkdayjobs.com/pond	1	2026-09-28T09:02:32.257Z
workday	https://portorange.wd5.myworkdayjobs.com/city-of-port-orange	1	2026-09-28T09:02:32.481Z
workday	https://poshmark.wd5.myworkdayjobs.com/poshmark_careers	1	2026-09-28T09:02:33.295Z
workday	https://poshmark.wd503.myworkdayjobs.com/poshmark_careers	1	2026-09-28T09:02:32.493Z
workday	https://powerdesigninc.wd5.myworkdayjobs.com/en-	1	2026-09-28T09:02:36.994Z
workday	https://powerdesigninc.wd5.myworkdayjobs.com/enus	1	2026-09-28T09:02:35.249Z
workday	https://pra.wd1.myworkdayjobs.com/pra_uk_careers	1	2026-09-28T09:02:36.658Z
workday	https://procasemanagement.wd1.myworkdayjobs.com/pcm	1	2026-09-28T09:02:46.195Z
workday	https://progleasing.wd5.myworkdayjobs.com/vivecardcareers	1	2026-09-28T09:02:47.175Z
workday	https://progressresidential.wd1.myworkdayjobs.com/deephaven	1	2026-09-28T09:02:46.271Z
workday	https://pscu.wd5.myworkdayjobs.com/pscucareers	1	2026-09-28T09:02:52.164Z
workday	https://pscu.wd5.myworkdayjobs.com/tvt_lsc_careers	1	2026-09-28T09:02:51.961Z
workday	https://psu.wd1.myworkdayjobs.com/en-	1	2026-09-28T09:02:51.884Z
workday	https://puma.wd3.myworkdayjobs.com/broadbean_external	1	2026-09-28T09:02:54.569Z
workday	https://puma.wd3.myworkdayjobs.com/jobs_at_puma	1	2026-09-28T09:02:54.545Z
workday	https://puma.wd3.myworkdayjobs.com/work_at_stichd	1	2026-09-28T09:02:54.336Z
workday	https://qiagen.wd3.myworkdayjobs.com/qiagen	1	2026-09-28T09:03:02.424Z
workday	https://qtsdatacenters.wd5.myworkdayjobs.com/job	1	2026-09-28T09:03:03.650Z
workday	https://quadreal.wd3.myworkdayjobs.com/quadreal	1	2026-09-28T09:03:04.345Z
workday	https://qualcomm.wd5.myworkdayjobs.com/external	1	2026-09-28T09:03:05.048Z
workday	https://qvc.wd5.myworkdayjobs.com/qvc-italy	1	2026-09-28T09:03:07.252Z
workday	https://radiosystemscorporation.wd5.myworkdayjobs.com/psbcareers	1	2026-09-28T09:03:08.887Z
workday	https://rappi.wd3.myworkdayjobs.com/rappi_jobs	1	2026-09-28T09:03:16.549Z
workday	https://rbfcu.wd5.myworkdayjobs.com/branchjobsaustin	1	2026-09-28T09:03:20.212Z
workday	https://rbfcu.wd5.myworkdayjobs.com/branchjobscorpuschristi	1	2026-09-28T09:03:21.308Z
workday	https://rbfcu.wd5.myworkdayjobs.com/branchjobsdallas	1	2026-09-28T09:03:21.105Z
workday	https://rbfcu.wd5.myworkdayjobs.com/branchjobssanantonio	1	2026-09-28T09:03:21.004Z
workday	https://rbfcu.wd5.myworkdayjobs.com/rbfcucareers	1	2026-09-28T09:03:21.494Z
workday	https://rbfcu.wd5.myworkdayjobs.com/regionaljobsaustin	1	2026-09-28T09:03:21.739Z
workday	https://rbfcu.wd5.myworkdayjobs.com/regionaljobscorpuschristi	1	2026-09-28T09:03:21.820Z
workday	https://rbfcu.wd5.myworkdayjobs.com/regionaljobsdallas	1	2026-09-28T09:03:22.009Z
workday	https://rbfcu.wd5.myworkdayjobs.com/regionaljobssanantonio	1	2026-09-28T09:03:22.205Z
workday	https://redbulltechnology.wd3.myworkdayjobs.com/rb_advanced	1	2026-09-28T09:03:25.234Z
workday	https://redbulltechnology.wd3.myworkdayjobs.com/rb_powertrains	1	2026-09-28T09:03:25.286Z
workday	https://redbulltechnology.wd3.myworkdayjobs.com/rb_racing	1	2026-09-28T09:03:26.172Z
workday	https://redfcu.wd1.myworkdayjobs.com/rfcu	1	2026-09-28T09:03:26.489Z
workday	https://redfin.wd1.myworkdayjobs.com/redfin_careers	1	2026-09-28T09:03:27.798Z
workday	https://redfin.wd1.myworkdayjobs.com/redfin_careers_et	1	2026-09-28T09:03:28.696Z
workday	https://redfin.wd1.myworkdayjobs.com/rent_group_careers	1	2026-09-28T09:03:28.609Z
workday	https://redwood.wd1.myworkdayjobs.com/rwcareers	1	2026-09-28T09:03:29.660Z
workday	https://reece.wd3.myworkdayjobs.com/reececareers	1	2026-09-28T09:03:28.279Z
workday	https://refinitiv.wd3.myworkdayjobs.com/careers	1	2026-09-28T09:03:29.771Z
workday	https://refinitiv.wd3.myworkdayjobs.com/graduate_careers	1	2026-09-28T09:03:29.454Z
workday	https://refinitiv.wd3.myworkdayjobs.com/microsoft_partnership	1	2026-09-28T09:03:29.820Z
workday	https://regi.wd1.myworkdayjobs.com/reg_external_career_site	1	2026-09-28T09:03:32.703Z
workday	https://regis.wd5.myworkdayjobs.com/regisuniversity	1	2026-09-28T09:03:43.702Z
workday	https://reitmr.wd5.myworkdayjobs.com/miamisouthbeachacquisition	1	2026-09-28T09:03:35.501Z
workday	https://renre.wd1.myworkdayjobs.com/renaissancere_careers	1	2026-09-28T09:03:47.224Z
workday	https://rentpath.wd5.myworkdayjobs.com/rent_group_careers	1	2026-09-28T09:03:48.446Z
workday	https://repay.wd1.myworkdayjobs.com/repaycareers	1	2026-09-28T09:03:48.248Z
workday	https://revantage.wd1.myworkdayjobs.com/livcor	1	2026-09-28T09:03:53.454Z
workday	https://revantage.wd1.myworkdayjobs.com/preferred_apartment_communities	1	2026-09-28T09:03:53.448Z
workday	https://revantage.wd1.myworkdayjobs.com/shopcore	1	2026-09-28T09:03:52.666Z
workday	https://revvity.wd1.myworkdayjobs.com/external	1	2026-09-28T09:03:54.096Z
workday	https://rignet.wd5.myworkdayjobs.com/rignet_careers	1	2026-09-28T09:03:57.139Z
workday	https://risepoint.wd5.myworkdayjobs.com/risepoint	1	2026-09-28T09:03:58.972Z
workday	https://rjet.wd5.myworkdayjobs.com/external_career_site	1	2026-09-28T09:04:00.544Z
workday	https://rmit.wd3.myworkdayjobs.com/rmit_training_careers	1	2026-09-28T09:04:01.761Z
workday	https://rockwellautomation.wd1.myworkdayjobs.com/external-kalypso	1	2026-09-28T09:04:07.786Z
workday	https://rockwellautomation.wd1.myworkdayjobs.com/external-sensia	1	2026-09-28T09:04:08.382Z
workday	https://rosettastone.wd5.myworkdayjobs.com/rosetta_stone	1	2026-09-28T09:04:15.504Z
workday	https://rsli.wd5.myworkdayjobs.com/rslijobs	1	2026-09-28T09:04:18.457Z
workday	https://ryan.wd1.myworkdayjobs.com/taxjobs	1	2026-09-28T09:04:23.690Z
workday	https://saabgroup.wd3.myworkdayjobs.com/broadbean_saab	1	2026-09-28T09:04:24.787Z
workday	https://saabgroup.wd3.myworkdayjobs.com/combitech_careers	1	2026-09-28T09:04:25.759Z
workday	https://saabgroup.wd3.myworkdayjobs.com/saab_careers	1	2026-09-28T09:04:25.745Z
workday	https://sageai.wd1.myworkdayjobs.com/jobs	1	2026-09-28T09:04:27.332Z
workday	https://saintfrancis.wd1.myworkdayjobs.com/external	1	2026-09-28T09:04:30.712Z
workday	https://saintleo.wd5.myworkdayjobs.com/slu	1	2026-09-28T09:04:29.733Z
workday	https://salesforce.wd1.myworkdayjobs.com/datorama	1	2026-09-28T09:04:33.118Z
workday	https://salesforce.wd1.myworkdayjobs.com/external_career_site	1	2026-09-28T09:04:33.774Z
workday	https://salesforce.wd1.myworkdayjobs.com/futureforce_internships	1	2026-09-28T09:04:33.857Z
workday	https://salesforce.wd1.myworkdayjobs.com/futureforce_newgradroles	1	2026-09-28T09:04:33.582Z
workday	https://salesforce.wd1.myworkdayjobs.com/slack	1	2026-09-28T09:04:34.674Z
workday	https://sanger.wd3.myworkdayjobs.com/wellcomesangerinstitute	1	2026-09-28T09:04:38.641Z
workday	https://sanofi.wd3.myworkdayjobs.com/opellacareers	1	2026-09-28T09:04:38.967Z
workday	https://sanofi.wd3.myworkdayjobs.com/studentprograms	1	2026-09-28T09:04:41.318Z
workday	https://santacruzbicycles.wd1.myworkdayjobs.com/gtbikes	1	2026-09-28T09:04:41.998Z
workday	https://sbgpeople.wd3.myworkdayjobs.com/jobs	1	2026-09-28T09:04:44.986Z
workday	https://schellman.wd1.myworkdayjobs.com/careers	1	2026-09-28T09:04:45.817Z
workday	https://schreiberfoods.wd5.myworkdayjobs.com/schreiber_careers	1	2026-09-28T09:04:47.928Z
workday	https://schreiberfoods.wd5.myworkdayjobs.com/schreiberlogistics	1	2026-09-28T09:04:48.339Z
workday	https://schwaebisch.wd103.myworkdayjobs.com/logistik_sv_gruppe	1	2026-09-28T09:04:48.028Z
workday	https://schwaebisch.wd3.myworkdayjobs.com/logistik_sv_gruppe	1	2026-09-28T09:04:48.782Z
workday	https://scientificgames.wd5.myworkdayjobs.com/lightwonderexternalcareers	1	2026-09-28T09:04:49.191Z
workday	https://scm.wd3.myworkdayjobs.com/scm	1	2026-09-28T09:04:49.878Z
workday	https://scripps.wd5.myworkdayjobs.com/ongoing_opportunities	1	2026-09-28T09:04:51.973Z
workday	https://scripps.wd5.myworkdayjobs.com/scripps_careers	1	2026-09-28T09:04:52.736Z
workday	https://seacor.wd1.myworkdayjobs.com/usocean	1	2026-09-28T09:04:54.982Z
workday	https://seacor.wd1.myworkdayjobs.com/waterman	1	2026-09-28T09:04:53.151Z
workday	https://seh.wd1.myworkdayjobs.com/southeasthealth	1	2026-09-28T09:04:55.890Z
workday	https://sekologistics.wd5.myworkdayjobs.com/seko_logistics	1	2026-09-28T09:04:56.413Z
workday	https://servicemaster.wd1.myworkdayjobs.com/terminix	1	2026-09-28T09:04:58.480Z
workday	https://shawinc.wd1.myworkdayjobs.com/shawtransport	1	2026-09-28T09:05:04.146Z
workday	https://shawinc.wd1.myworkdayjobs.com/spectracareers	1	2026-09-28T09:05:04.231Z
workday	https://shi.wd12.myworkdayjobs.com/stratascalecareers	1	2026-09-28T09:05:05.286Z
workday	https://shv.wd3.myworkdayjobs.com/careers	1	2026-09-28T09:05:06.253Z
workday	https://sibelco.wd3.myworkdayjobs.com/sibelco-careers	1	2026-09-28T09:05:06.348Z
workday	https://siemensgamesa.wd3.myworkdayjobs.com/private_ext_sgre	1	2026-09-28T09:05:09.332Z
workday	https://signetjewelers.wd1.myworkdayjobs.com/jamesallen	1	2026-09-28T09:05:12.818Z
workday	https://silfex.wd1.myworkdayjobs.com/silfex	1	2026-09-28T09:05:12.513Z
workday	https://simedarby.wd3.myworkdayjobs.com/simedarbycareersite	1	2026-09-28T09:05:12.706Z
workday	https://simmons.wd1.myworkdayjobs.com/simmons-careers	1	2026-09-28T09:05:14.061Z
workday	https://sizemoreco.wd5.myworkdayjobs.com/sizemorecareersrobots	1	2026-09-28T09:05:15.738Z
workday	https://skbosk.wd3.myworkdayjobs.com/blueoval_sk_external_career_site	1	2026-09-28T09:05:16.913Z
workday	https://skygenusa.wd5.myworkdayjobs.com/holista_careers	1	2026-09-28T09:05:18.652Z
workday	https://skygenusa.wd5.myworkdayjobs.com/skygen_careers	1	2026-09-28T09:05:18.795Z
workday	https://sluhn.wd1.myworkdayjobs.com/t_st_lukes_carbon_campus	1	2026-09-28T09:05:21.097Z
workday	https://smt.wd3.myworkdayjobs.com/external_career_site	1	2026-09-28T09:05:23.580Z
workday	https://snhu.wd5.myworkdayjobs.com/external_career_site	1	2026-09-28T09:05:27.087Z
workday	https://snhu.wd5.myworkdayjobs.com/ozone	1	2026-09-28T09:05:27.183Z
workday	https://snhu.wd5.myworkdayjobs.com/student	1	2026-09-28T09:05:27.278Z
workday	https://sni.wd5.myworkdayjobs.com/scrippsnetworksinteractivecareers	1	2026-09-28T09:05:27.870Z
workday	https://socure.wd1.myworkdayjobs.com/socurecareers	1	2026-09-28T09:05:30.035Z
workday	https://softwareag.wd3.myworkdayjobs.com/rec_sag_ext	1	2026-09-28T09:05:28.134Z
workday	https://sok.wd3.myworkdayjobs.com/s-ryhman-avoimet-tyopaikat	1	2026-09-28T09:05:28.235Z
workday	https://solera.wd5.myworkdayjobs.com/north_america_career_site	1	2026-09-28T09:05:29.282Z
workday	https://solina.wd3.myworkdayjobs.com/sol_ext_car	1	2026-09-28T09:05:29.303Z
workday	https://son.wd1.myworkdayjobs.com/nebraskastatecareers	1	2026-09-28T09:05:32.728Z
workday	https://sorren.wd12.myworkdayjobs.com/externalus	1	2026-09-28T09:05:33.107Z
workday	https://soti.wd3.myworkdayjobs.com/soti_campus_recruitment_india	1	2026-09-28T09:05:33.873Z
workday	https://southerncross.wd3.myworkdayjobs.com/schs	1	2026-09-28T09:05:34.940Z
workday	https://sp.wd1.myworkdayjobs.com/samaritanspursecareers	1	2026-09-28T09:05:45.981Z
workday	https://sp.wd1.myworkdayjobs.com/samaritanspurseworldmedicalmission	1	2026-09-28T09:05:45.378Z
workday	https://spe.wd1.myworkdayjobs.com/sonypictures	1	2026-09-28T09:05:39.431Z
workday	https://spe.wd1.myworkdayjobs.com/spe2	1	2026-09-28T09:05:39.938Z
workday	https://spw.wd3.myworkdayjobs.com/spw_careers	1	2026-09-28T09:05:44.934Z
workday	https://ssmh.wd5.myworkdayjobs.com/ssmhealth	1	2026-09-28T09:05:49.331Z
workday	https://stanfordhealthcare.wd5.myworkdayjobs.com/shc_external_career_site	1	2026-09-28T09:05:51.707Z
workday	https://stanfordhealthcare.wd5.myworkdayjobs.com/shc_tri-valley_external_careers	1	2026-09-28T09:05:51.702Z
workday	https://stelizabeth.wd5.myworkdayjobs.com/stelizabethexternalcareersite	1	2026-09-28T09:05:54.927Z
workday	https://stellahealth.wd5.myworkdayjobs.com/bluecrossmn	1	2026-09-28T09:05:54.935Z
workday	https://stellahealth.wd5.myworkdayjobs.com/coupehealth	1	2026-09-28T09:05:55.231Z
workday	https://sterling.wd5.myworkdayjobs.com/sterling	1	2026-09-28T09:05:56.078Z
workday	https://stevenstransport.wd5.myworkdayjobs.com/stevenstransportinc	1	2026-09-28T09:05:56.404Z
workday	https://stmodwen.wd3.myworkdayjobs.com/stmodwenexternal	1	2026-09-28T09:05:56.363Z
workday	https://storaenso.wd3.myworkdayjobs.com/stora_enso_site_opportunities	1	2026-09-28T09:05:57.545Z
workday	https://stord.wd5.myworkdayjobs.com/stord_external_career	1	2026-09-28T09:05:58.489Z
workday	https://sundyne.wd5.myworkdayjobs.com/sundynecareerssite	1	2026-09-28T09:06:05.761Z
workday	https://surescripts.wd1.myworkdayjobs.com/surescriptscareers	1	2026-09-28T09:06:09.045Z
workday	https://svb.wd5.myworkdayjobs.com/svbank	1	2026-09-28T09:06:09.347Z
workday	https://svsu.wd5.myworkdayjobs.com/external	1	2026-09-28T09:06:11.123Z
workday	https://symbotic.wd1.myworkdayjobs.com/symbotic	1	2026-09-28T09:06:18.080Z
workday	https://synnex.wd5.myworkdayjobs.com/dltexternal	1	2026-09-28T09:06:20.586Z
workday	https://synnex.wd5.myworkdayjobs.com/hyvedscareers	1	2026-09-28T09:06:20.491Z
workday	https://synnex.wd5.myworkdayjobs.com/hyveuk	1	2026-09-28T09:06:22.140Z
workday	https://synnex.wd5.myworkdayjobs.com/hyvewuxicareers	1	2026-09-28T09:06:22.332Z
workday	https://synnex.wd5.myworkdayjobs.com/synnexcareers	1	2026-09-28T09:06:20.863Z
workday	https://tableau.wd1.myworkdayjobs.com/external	1	2026-09-28T09:06:22.148Z
workday	https://takeda.wd3.myworkdayjobs.com/external	1	2026-09-28T09:06:23.377Z
workday	https://tal.wd3.myworkdayjobs.com/tal-current-opportunities	1	2026-09-28T09:06:34.410Z
workday	https://tamus.wd1.myworkdayjobs.com/tamuc_external	1	2026-09-28T09:06:35.253Z
workday	https://tbkbank.wd1.myworkdayjobs.com/tpay	1	2026-09-28T09:06:42.720Z
workday	https://tbkbank.wd1.myworkdayjobs.com/triumph	1	2026-09-28T09:06:42.958Z
workday	https://tcbrands.wd1.myworkdayjobs.com/topgolfcareers	1	2026-09-28T09:06:43.554Z
workday	https://tcenergy.wd3.myworkdayjobs.com/career_site_sb	1	2026-09-28T09:06:42.203Z
workday	https://teaminc.wd5.myworkdayjobs.com/teamindustrialservicescareers	1	2026-09-28T09:06:45.077Z
workday	https://teamwass.wd5.myworkdayjobs.com/cycle	1	2026-09-28T09:06:45.513Z
workday	https://teamwass.wd5.myworkdayjobs.com/laundryservice	1	2026-09-28T09:06:46.347Z
workday	https://techdata.wd1.myworkdayjobs.com/external	1	2026-09-28T09:06:46.158Z
workday	https://techem.wd3.myworkdayjobs.com/techemcareer	1	2026-09-28T09:06:47.159Z
workday	https://tedsmontanagrill.wd5.myworkdayjobs.com/tmg_external_career_site	1	2026-09-28T09:06:46.920Z
workday	https://teladoc.wd1.myworkdayjobs.com/teladochealth_is_hiring	1	2026-09-28T09:06:47.408Z
workday	https://telenorgroup.wd3.myworkdayjobs.com/cee	1	2026-09-28T09:06:47.524Z
workday	https://telenorgroup.wd3.myworkdayjobs.com/telenorgroup_careers	1	2026-09-28T09:06:47.669Z
workday	https://telstra.wd3.myworkdayjobs.com/telstra_purple_careers	1	2026-09-28T09:06:49.492Z
workday	https://telusinternational.wd3.myworkdayjobs.com/external	1	2026-09-28T09:06:49.951Z
workday	https://thejacksonlaboratory.wd1.myworkdayjobs.com/external_jax	1	2026-09-28T09:06:57.822Z
workday	https://theplanetgroup.wd1.myworkdayjobs.com/tpgcareers	1	2026-09-28T09:07:01.728Z
workday	https://thredup.wd1.myworkdayjobs.com/thredup_careers	1	2026-09-28T09:07:04.694Z
workday	https://ths.wd1.myworkdayjobs.com/mallard_creek-asc	1	2026-09-28T09:07:05.802Z
workday	https://ths.wd1.myworkdayjobs.com/orthocarolina	1	2026-09-28T09:07:05.939Z
workday	https://tigo.wd3.myworkdayjobs.com/tigocareers	1	2026-09-28T09:07:07.518Z
workday	https://tihinsurance.wd1.myworkdayjobs.com/amrisc_careers	1	2026-09-28T09:07:08.935Z
workday	https://tihinsurance.wd1.myworkdayjobs.com/mcgriff_careers	1	2026-09-28T09:07:10.067Z
workday	https://tihinsurance.wd1.myworkdayjobs.com/tih_careers	1	2026-09-28T09:07:10.119Z
workday	https://tilsontech.wd1.myworkdayjobs.com/tilson_external_careers	1	2026-09-28T09:07:11.306Z
workday	https://tmhcc.wd1.myworkdayjobs.com/external	1	2026-09-28T09:07:10.836Z
workday	https://tmhcc.wd1.myworkdayjobs.com/oncallint_external	1	2026-09-28T09:07:12.762Z
workday	https://tomtailorgroup.wd3.myworkdayjobs.com/tomtailor	1	2026-09-28T09:07:13.659Z
workday	https://tomtom.wd3.myworkdayjobs.com/tt_external_careers	1	2026-09-28T09:07:13.940Z
workday	https://topbuild.wd5.myworkdayjobs.com/cci_external	1	2026-09-28T09:07:15.536Z
workday	https://topbuild.wd5.myworkdayjobs.com/idealproducts_external	1	2026-09-28T09:07:17.019Z
workday	https://topbuild.wd5.myworkdayjobs.com/servicepartners_external	1	2026-09-28T09:07:15.720Z
workday	https://topbuild.wd5.myworkdayjobs.com/topbuild_external	1	2026-09-28T09:07:15.763Z
workday	https://topbuild.wd5.myworkdayjobs.com/truteam_external	1	2026-09-28T09:07:16.092Z
workday	https://toyota.wd5.myworkdayjobs.com/tmna	1	2026-09-28T09:07:19.569Z
workday	https://toyota.wd5.myworkdayjobs.com/toyota_ca	1	2026-09-28T09:07:19.945Z
workday	https://toyota.wd5.myworkdayjobs.com/toyota_ca_co-op_site	1	2026-09-28T09:07:20.515Z
workday	https://tp.wd3.myworkdayjobs.com/tp-icap	1	2026-09-28T09:07:21.906Z
workday	https://transamerica.wd5.myworkdayjobs.com/hongkong	1	2026-09-28T09:07:22.727Z
workday	https://transamerica.wd5.myworkdayjobs.com/singapore	1	2026-09-28T09:07:22.857Z
workday	https://travelex.wd3.myworkdayjobs.com/travelexcareers	1	2026-09-28T09:07:25.582Z
workday	https://travelhrportal.wd1.myworkdayjobs.com/egencia	1	2026-09-28T09:07:27.547Z
workday	https://traveloka.wd3.myworkdayjobs.com/traveloka	1	2026-09-28T09:07:26.125Z
workday	https://tricorbraun.wd1.myworkdayjobs.com/careers	1	2026-09-28T09:07:29.169Z
workday	https://trivago.wd3.myworkdayjobs.com/broadbean_external	1	2026-09-28T09:07:32.090Z
workday	https://tru.wd5.myworkdayjobs.com/tru-jobs	1	2026-09-28T09:07:42.241Z
workday	https://truist.wd1.myworkdayjobs.com/amrisc	1	2026-09-28T09:07:35.566Z
workday	https://truist.wd1.myworkdayjobs.com/crc	1	2026-09-28T09:07:37.816Z
workday	https://truist.wd1.myworkdayjobs.com/mis	1	2026-09-28T09:07:37.656Z
workday	https://tsys.wd1.myworkdayjobs.com/heartlandcareers	1	2026-09-28T09:07:44.427Z
workday	https://tt.wd5.myworkdayjobs.com/thorntontomasetti	1	2026-09-28T09:07:50.073Z
workday	https://tuftshealthplan.wd5.myworkdayjobs.com/thp	1	2026-09-28T09:07:53.310Z
workday	https://tvsdesign.wd1.myworkdayjobs.com/tvsdesigncareers	1	2026-09-28T09:07:59.580Z
workday	https://tysonfoods.wd5.myworkdayjobs.com/tsn2	1	2026-09-28T09:08:00.487Z
workday	https://uasys.wd5.myworkdayjobs.com/uasystem-work-study-externalcareersite	1	2026-09-28T09:08:04.522Z
workday	https://uasys.wd5.myworkdayjobs.com/uasystem-workstudy-externalcareersite	1	2026-09-28T09:08:03.624Z
workday	https://ubc.wd1.myworkdayjobs.com/ubc_staff	1	2026-09-28T09:08:07.036Z
workday	https://ubiquity.wd1.myworkdayjobs.com/ubiquity	1	2026-09-28T09:08:09.104Z
workday	https://ucf.wd1.myworkdayjobs.com/careerbuilderexternalsite	1	2026-09-28T09:08:12.019Z
workday	https://udghealthcare.wd3.myworkdayjobs.com/micromass	1	2026-09-28T09:08:08.452Z
workday	https://ufpi.wd1.myworkdayjobs.com/ufpi	1	2026-09-28T09:08:09.851Z
workday	https://ulsltu.wd1.myworkdayjobs.com/latechcareers	1	2026-09-28T09:08:13.083Z
workday	https://ulsselu.wd1.myworkdayjobs.com/slu	1	2026-09-28T09:08:13.983Z
workday	https://umiami.wd1.myworkdayjobs.com/broadbean_external	1	2026-09-28T09:08:18.471Z
workday	https://umiami.wd1.myworkdayjobs.com/umcareersite	1	2026-09-28T09:08:16.788Z
workday	https://unilever.wd3.myworkdayjobs.com/external	1	2026-09-28T09:08:23.870Z
workday	https://unilever.wd3.myworkdayjobs.com/tmicc	1	2026-09-28T09:08:24.287Z
workday	https://uniphore.wd1.myworkdayjobs.com/uniphore	1	2026-09-28T09:08:27.301Z
workday	https://unitedtalent.wd5.myworkdayjobs.com/uta	1	2026-09-28T09:08:31.187Z
workday	https://upm.wd3.myworkdayjobs.com/careers	1	2026-09-28T09:08:35.482Z
workday	https://upm.wd3.myworkdayjobs.com/seasonal_careers	1	2026-09-28T09:08:35.331Z
workday	https://uponor.wd3.myworkdayjobs.com/uponor_careers	1	2026-09-28T09:08:35.831Z
workday	https://upshersmith.wd1.myworkdayjobs.com/borapharmacareers	1	2026-09-28T09:08:36.347Z
workday	https://upshersmith.wd1.myworkdayjobs.com/upshersmith_agency	1	2026-09-28T09:08:36.582Z
workday	https://upshersmith.wd1.myworkdayjobs.com/upshersmithcareers	1	2026-09-28T09:08:36.721Z
workday	https://urban.wd1.myworkdayjobs.com/urban-careers	1	2026-09-28T09:08:38.699Z
workday	https://usecology.wd5.myworkdayjobs.com/nrc	1	2026-09-28T09:08:42.025Z
workday	https://usecology.wd5.myworkdayjobs.com/usecol	1	2026-09-28T09:08:42.336Z
workday	https://usicinc.wd5.myworkdayjobs.com/bloodhoundcareers	1	2026-09-28T09:08:44.382Z
workday	https://usicinc.wd5.myworkdayjobs.com/ontargetcareers	1	2026-09-28T09:08:43.958Z
workday	https://usicinc.wd5.myworkdayjobs.com/reconncareers	1	2026-09-28T09:08:44.062Z
workday	https://usicinc.wd5.myworkdayjobs.com/usiccareers	1	2026-09-28T09:08:44.189Z
workday	https://usyd.wd3.myworkdayjobs.com/usyd_external_career_site	1	2026-09-28T09:08:46.532Z
workday	https://utampa.wd1.myworkdayjobs.com/student	1	2026-09-28T09:08:49.079Z
workday	https://valleyhealthlink.wd5.myworkdayjobs.com/valleyhealthcareers	1	2026-09-28T09:08:53.031Z
workday	https://valmet.wd3.myworkdayjobs.com/external	1	2026-09-28T09:08:54.511Z
workday	https://valmet.wd3.myworkdayjobs.com/fieldservice	1	2026-09-28T09:08:54.926Z
workday	https://valorhospitality.wd1.myworkdayjobs.com/who-we-are	1	2026-09-28T09:08:56.374Z
workday	https://vanguard.wd5.myworkdayjobs.com/job	1	2026-09-28T09:08:57.444Z
workday	https://varian.wd5.myworkdayjobs.com/varianexternal	1	2026-09-28T09:09:00.117Z
workday	https://vca.wd1.myworkdayjobs.com/antechcareers	1	2026-09-28T09:09:01.488Z
workday	https://vca.wd1.myworkdayjobs.com/bfcareers	1	2026-09-28T09:09:01.393Z
workday	https://vca.wd1.myworkdayjobs.com/careers	1	2026-09-28T09:09:01.721Z
workday	https://vca.wd1.myworkdayjobs.com/lncareers	1	2026-09-28T09:09:02.132Z
workday	https://veeam.wd3.myworkdayjobs.com/veeam	1	2026-09-28T09:09:02.340Z
workday	https://veitusa.wd5.myworkdayjobs.com/veit	1	2026-09-28T09:09:03.695Z
workday	https://ventas.wd1.myworkdayjobs.com/lillibridge_careers	1	2026-09-28T09:09:06.096Z
workday	https://ventas.wd1.myworkdayjobs.com/ventas_careers	1	2026-09-28T09:09:06.354Z
workday	https://veoliauki.wd3.myworkdayjobs.com/vesdrivers	1	2026-09-28T09:09:08.022Z
workday	https://verabradley.wd5.myworkdayjobs.com/pvcareers	1	2026-09-28T09:09:09.341Z
workday	https://veren.wd3.myworkdayjobs.com/vrn_careers	1	2026-09-28T09:09:12.807Z
workday	https://veristat.wd1.myworkdayjobs.com/veristatcareers	1	2026-09-28T09:09:13.565Z
workday	https://veritas.wd1.myworkdayjobs.com/arctera	1	2026-09-28T09:09:14.230Z
workday	https://veritas.wd1.myworkdayjobs.com/careers	1	2026-09-28T09:09:14.274Z
workday	https://verizon.wd5.myworkdayjobs.com/verizon-careers	1	2026-09-28T09:09:15.178Z
workday	https://vermilionenergy.wd5.myworkdayjobs.com/vei_external	1	2026-09-28T09:09:16.214Z
workday	https://veteransunited.wd1.myworkdayjobs.com/paddio	1	2026-09-28T09:09:16.240Z
workday	https://vetsource.wd1.myworkdayjobs.com/vetsource_careers	1	2026-09-28T09:09:16.894Z
workday	https://vfc.wd5.myworkdayjobs.com/imagewear_usca_careers	1	2026-09-28T09:09:19.403Z
workday	https://vfc.wd5.myworkdayjobs.com/timberland_emea_careers	1	2026-09-28T09:09:18.102Z
workday	https://vhr-pbs.wd5.myworkdayjobs.com/pbscareers	1	2026-09-28T09:09:22.743Z
workday	https://vhr-wescom.wd5.myworkdayjobs.com/wescomcareers	1	2026-09-28T09:09:24.162Z
workday	https://vice.wd1.myworkdayjobs.com/vice_external_career_site	1	2026-09-28T09:09:24.770Z
workday	https://vidaa.wd12.myworkdayjobs.com/vidaa	1	2026-09-28T09:09:25.402Z
workday	https://virbac.wd3.myworkdayjobs.com/career	1	2026-09-28T09:09:25.236Z
workday	https://vistaoutdoor.wd1.myworkdayjobs.com/external	1	2026-09-28T09:09:26.780Z
workday	https://vistaoutdoor.wd1.myworkdayjobs.com/external_bell	1	2026-09-28T09:09:27.192Z
workday	https://vistaoutdoor.wd1.myworkdayjobs.com/external_camelbak	1	2026-09-28T09:09:27.541Z
workday	https://vistaoutdoor.wd1.myworkdayjobs.com/external_campchef	1	2026-09-28T09:09:28.109Z
workday	https://vistaoutdoor.wd1.myworkdayjobs.com/external_foresight	1	2026-09-28T09:09:27.450Z
workday	https://vistaoutdoor.wd1.myworkdayjobs.com/external_fox	1	2026-09-28T09:09:28.207Z
workday	https://vistaoutdoor.wd1.myworkdayjobs.com/external_giro	1	2026-09-28T09:09:28.536Z
workday	https://vistaoutdoor.wd1.myworkdayjobs.com/external_quietkat	1	2026-09-28T09:09:27.955Z
workday	https://vistaoutdoor.wd1.myworkdayjobs.com/external_revelyst	1	2026-09-28T09:09:28.401Z
workday	https://vistaoutdoor.wd1.myworkdayjobs.com/external_simms	1	2026-09-28T09:09:28.094Z
workday	https://vitalenergy.wd5.myworkdayjobs.com/external	1	2026-09-28T09:09:30.692Z
workday	https://vivint.wd5.myworkdayjobs.com/vivintjobs	1	2026-09-28T09:09:29.772Z
workday	https://vmware.wd1.myworkdayjobs.com/vmware	1	2026-09-28T09:09:29.803Z
workday	https://volarisgroup.wd3.myworkdayjobs.com/culturana	1	2026-09-28T09:09:31.663Z
workday	https://volarisgroup.wd3.myworkdayjobs.com/luminegroup	1	2026-09-28T09:09:34.471Z
workday	https://vrtx.wd5.myworkdayjobs.com/vertex_careers	1	2026-09-28T09:09:38.046Z
workday	https://vrtx.wd5.myworkdayjobs.com/vertex_industrial_placement_student	1	2026-09-28T09:09:37.862Z
workday	https://vrtx.wd5.myworkdayjobs.com/vertex_mba_ai	1	2026-09-28T09:09:38.647Z
workday	https://vsp.wd1.myworkdayjobs.com/vspglobalcareers	1	2026-09-28T09:09:39.075Z
workday	https://wabtec.wd1.myworkdayjobs.com/wabtec_careers	1	2026-09-28T09:09:43.024Z
workday	https://walmart.wd5.myworkdayjobs.com/non-workdayinternal	1	2026-09-28T09:09:41.513Z
workday	https://walmart.wd5.myworkdayjobs.com/walmartcanadaexternal	1	2026-09-28T09:09:41.626Z
workday	https://walmart.wd5.myworkdayjobs.com/walmartexternal	1	2026-09-28T09:09:41.756Z
workday	https://wasteconnections.wd1.myworkdayjobs.com/canadiancareers	1	2026-09-28T09:09:46.095Z
workday	https://webcor.wd5.myworkdayjobs.com/webcor	1	2026-09-28T09:09:53.166Z
workday	https://weis.wd1.myworkdayjobs.com/careers	1	2026-09-28T09:09:56.911Z
workday	https://werner.wd1.myworkdayjobs.com/roadmaster	1	2026-09-28T09:09:58.606Z
workday	https://werner.wd1.myworkdayjobs.com/werner	1	2026-09-28T09:09:58.504Z
workday	https://wework.wd1.myworkdayjobs.com/corporate	1	2026-09-28T09:10:00.788Z
workday	https://wework.wd1.myworkdayjobs.com/weworkfranchise	1	2026-09-28T09:10:03.099Z
workday	https://whiting.wd1.myworkdayjobs.com/external	1	2026-09-28T09:10:04.854Z
workday	https://willamette.wd1.myworkdayjobs.com/willametteuniversityjobs	1	2026-09-28T09:10:11.035Z
workday	https://wm.wd5.myworkdayjobs.com/campus	1	2026-09-28T09:10:22.829Z
workday	https://wm.wd5.myworkdayjobs.com/experienced	1	2026-09-28T09:10:23.455Z
workday	https://wmeimg.wd1.myworkdayjobs.com/endeavor	1	2026-09-28T09:10:19.480Z
workday	https://wmeimg.wd1.myworkdayjobs.com/endeavorearlycareers	1	2026-09-28T09:10:19.395Z
workday	https://wmeimg.wd1.myworkdayjobs.com/endeavorstreaming	1	2026-09-28T09:10:20.847Z
workday	https://wmeimg.wd1.myworkdayjobs.com/img	1	2026-09-28T09:10:21.202Z
workday	https://wmeimg.wd1.myworkdayjobs.com/mari	1	2026-09-28T09:10:21.131Z
workday	https://wmeimg.wd1.myworkdayjobs.com/on_location	1	2026-09-28T09:10:21.671Z
workday	https://wmeimg.wd1.myworkdayjobs.com/openbet	1	2026-09-28T09:10:21.629Z
workday	https://wmeimg.wd1.myworkdayjobs.com/pbr	1	2026-09-28T09:10:21.006Z
workday	https://wmeimg.wd1.myworkdayjobs.com/tko	1	2026-09-28T09:10:21.611Z
workday	https://wmeimg.wd1.myworkdayjobs.com/ufc	1	2026-09-28T09:10:22.590Z
workday	https://wmeimg.wd1.myworkdayjobs.com/wmeimgarena	1	2026-09-28T09:10:22.639Z
workday	https://wmeimg.wd1.myworkdayjobs.com/wmeimgemea	1	2026-09-28T09:10:22.714Z
workday	https://wmeimg.wd1.myworkdayjobs.com/wmeimgstudios	1	2026-09-28T09:10:22.968Z
workday	https://wmeimg.wd1.myworkdayjobs.com/wmeimgus	1	2026-09-28T09:10:22.524Z
workday	https://workiva.wd1.myworkdayjobs.com/careers	1	2026-09-28T09:10:25.167Z
workday	https://workiva.wd1.myworkdayjobs.com/parseportcareers	1	2026-09-28T09:10:25.339Z
workday	https://worldvision.wd1.myworkdayjobs.com/worldvisionkenya	1	2026-09-28T09:10:27.516Z
workday	https://wow.wd5.myworkdayjobs.com/wowcareers	1	2026-09-28T09:10:28.554Z
workday	https://wsaco.wd3.myworkdayjobs.com/workatwsa	1	2026-09-28T09:10:28.614Z
workday	https://wsc.wd1.myworkdayjobs.com/imp7g	1	2026-09-28T09:10:31.036Z
workday	https://wsc.wd1.myworkdayjobs.com/we-are-cnuc	1	2026-09-28T09:10:31.888Z
workday	https://wsc.wd1.myworkdayjobs.com/wtspr	1	2026-09-28T09:10:32.839Z
workday	https://wsc.wd1.myworkdayjobs.com/wtsw	1	2026-09-28T09:10:33.284Z
workday	https://wsgr.wd1.myworkdayjobs.com/wsgr	1	2026-09-28T09:10:33.762Z
workday	https://wth.wd1.myworkdayjobs.com/wth	1	2026-09-28T09:10:35.037Z
workday	https://wto.wd3.myworkdayjobs.com/external	1	2026-09-28T09:10:35.485Z
workday	https://wycliffe.wd1.myworkdayjobs.com/wusa_global_priority_roles	1	2026-09-28T09:10:44.441Z
workday	https://yearup.wd1.myworkdayjobs.com/yearup	1	2026-09-28T09:10:46.214Z
workday	https://yh.wd5.myworkdayjobs.com/youngsmarketjobs	1	2026-09-28T09:10:47.779Z
workday	https://ymcaatlanta.wd1.myworkdayjobs.com/ymca_early_learning	1	2026-09-28T09:10:50.072Z
workday	https://ynap.wd3.myworkdayjobs.com/ynap_careers	1	2026-09-28T09:10:48.613Z
workday	https://ynap.wd3.myworkdayjobs.com/ynap_grads	1	2026-09-28T09:10:48.850Z
workday	https://zappos.wd1.myworkdayjobs.com/concepts	1	2026-09-28T09:10:50.472Z
workday	https://zappos.wd1.myworkdayjobs.com/zappos	1	2026-09-28T09:10:51.066Z
workday	https://zelis.wd1.myworkdayjobs.com/zeliscareers	1	2026-09-28T09:10:53.371Z
workday	https://zepinc.wd5.myworkdayjobs.com/zepinccareers	1	2026-09-28T09:10:54.610Z
workday	https://zillow.wd5.myworkdayjobs.com/streeteasy_external	1	2026-09-28T09:10:56.606Z
workday	https://zutari.wd3.myworkdayjobs.com/zutari	1	2026-09-28T09:10:58.628Z
